	Easting	Northing	Elevation
1	168659.10604724367	104327.90423195716	268.095
2	168659.1163451466	104328.08483007457	268.106
3	168659.2906447946	104328.00628777687	268.125
4	168659.33022529256	104328.0742772771	268.10400000000004
5	168659.37958979426	104328.09818049893	268.116
6	168659.38701346747	104327.98197241873	268.099
7	168659.41162792826	104327.97946402151	268.12
8	168659.4547792716	104327.94513545558	268.105
9	168659.4544901196	104327.92604012135	268.04900000000004
10	168659.44880287928	104327.92082934827	268.02099999999996
11	168659.4388960459	104327.8987339316	267.985
12	168659.44070654054	104327.89095429983	267.976
13	168659.44669306645	104327.87874025293	267.96
14	168659.44541042173	104327.87169122137	267.934
15	168659.44463336357	104327.856116415	267.922
16	168659.43285610294	104327.82511607371	267.905
17	168659.4383370425	104327.82142780442	267.894
18	168659.4539753003	104327.80257411394	267.882
19	168659.4588704218	104327.79647381045	267.87
20	168659.45686672252	104327.79164680745	267.861
21	168659.45581591682	104327.78626702819	267.853
22	168659.45438493934	104327.78755964246	267.839
23	168659.4533131793	104327.78811200336	267.825
24	168659.450466285	104327.78643351328	267.818
25	168659.44714130665	104327.78549485933	267.81
26	168659.44976552966	104327.7829087833	267.8
27	168659.46749557662	104327.77759534586	267.78700000000003
28	168659.4745076814	104327.7442514142	267.775
29	168659.45089818773	104327.76511614583	267.79200000000003
30	168659.41264916727	104327.79130523652	267.82599999999996
31	168659.37242622537	104327.77058578935	267.812
32	168659.37021946485	104327.68863929901	267.802
33	168659.3761539498	104327.72480968665	267.779
34	168659.37979296342	104327.73779925704	267.778
35	168659.37545774432	104327.65269375872	267.782
36	168659.3709991089	104327.63617904019	267.776
37	168659.37934234814	104327.66345961485	267.782
38	168659.38515827715	104327.66589012276	267.789
39	168659.3686797539	104327.65341134276	267.783
40	168659.37158623667	104327.63822031207	267.786
41	168659.38874880096	104327.62530422118	267.79
42	168659.39324048773	104327.59881050698	267.78
43	168659.38936177728	104327.58637623582	267.769
44	168659.38119602707	104327.57615139987	267.78700000000003
45	168659.3893840411	104327.58007333614	267.786
46	168659.41136969696	104327.58144866861	267.772
47	168659.43021406783	104327.56353321113	267.755
48	168659.4429556656	104327.55708985776	267.767
49	168659.4059745383	104327.56085224543	267.793
50	168659.34096915426	104327.55654422939	267.848
51	168659.24718768228	104327.5551006766	267.95099999999996
52	168659.23100813324	104327.55893654097	267.992
53	168659.21122723978	104327.5727702938	268.05
54	168659.68402310085	104327.52234811243	268.125
55	168660.22955458518	104327.4751490159	268.149
56	168660.84150016148	104327.36997474544	268.198
57	168661.48738352468	104327.24767994136	268.241
58	168662.1832028249	104327.15577884484	268.258
59	168663.49778513485	104326.8795699859	268.289
60	168664.13343895096	104326.69198501576	268.26599999999996
61	168664.79089796447	104326.65778780449	268.27299999999997
62	168666.07046040898	104326.53680568747	268.231
63	168666.7279751366	104326.48685147241	268.20599999999996
64	168667.38389751723	104326.38294564653	268.225
65	168668.07872090302	104326.30383314099	268.236
66	168668.75588799478	104326.17553217988	268.219
67	168670.11820052163	104326.04946741834	268.291
68	168671.4134632869	104325.99305489939	268.199
69	168672.76662034853	104325.83414590359	268.131
70	168673.44268924175	104325.74755254015	268.135
71	168674.11941827257	104325.67597750854	268.116
72	168675.4637168959	104325.50109505747	268.067
73	168676.14680267766	104325.37986047287	268.052
74	168676.85416257163	104325.31877545826	268.047
75	168677.52057479293	104325.17301171832	268.013
76	168678.2166951036	104325.13061069604	268.041
77	168678.9344696125	104325.0152459573	268.045
78	168679.63738848988	104324.99993488379	268.02299999999997
79	168680.32458624063	104324.89243361913	267.985
80	168681.01263223146	104324.84759445023	267.926
81	168681.70885095437	104324.77738698572	267.872
82	168682.4073381873	104324.73796099145	267.85900000000004
83	168683.0810818537	104324.63671547826	267.791
84	168683.75902454898	104324.52454738505	267.774
85	168684.43997274054	104324.47004371043	267.772
86	168685.13575102945	104324.42356399074	267.782
87	168685.81727080603	104324.40910495259	267.806
88	168686.45741084806	104324.29773039464	267.774
89	168687.121539282	104324.26003729925	267.8
90	168687.78441561214	104324.13947424572	267.789
91	168688.4848509054	104324.1206333097	267.772
92	168689.19965674702	104324.00451792963	267.728
93	168689.89719189933	104323.96546031814	267.672
94	168690.6209510975	104323.9057328375	267.634
95	168691.34853713177	104323.87308471836	267.612
96	168692.0755091653	104323.84599597659	267.569
97	168692.80423914036	104323.79240398016	267.589
98	168693.52826827345	104323.72359414678	267.608
99	168694.23901445998	104323.61265576724	267.593
100	168694.98340071985	104323.56875932124	267.611
101	168695.7130965553	104323.44379919674	267.585
102	168696.4486000322	104323.3907878166	267.582
103	168697.8804224046	104323.239393536	267.566
104	168698.56227309277	104323.13150494918	267.555
105	168699.26157633448	104323.09671860561	267.563
106	168700.63073206617	104322.95196236204	267.558
107	168701.3042755723	104322.94099933375	267.525
108	168702.00289789442	104322.93068132363	267.52
109	168702.69574427116	104322.87307062652	267.55
110	168703.38078939982	104322.76945774723	267.582
111	168704.75250930508	104322.70627958234	267.70799999999997
112	168705.47311011062	104322.69937672466	267.704
113	168706.23361964538	104322.60048059281	267.698
114	168707.65611978204	104322.49706979655	267.627
115	168709.0885915818	104322.36384824943	267.639
116	168709.76918700757	104322.30841967184	267.619
117	168711.16913682962	104322.16173601989	267.671
118	168711.88686455018	104322.09346252307	267.698
119	168712.58924999446	104321.99399065226	267.704
120	168713.3149687283	104321.985253172	267.733
121	168714.6972720044	104321.92100278381	267.8
122	168715.39720862164	104321.80817512888	267.759
123	168716.11846302694	104321.75103760138	267.749
124	168716.85925423395	104321.64836549945	267.753
125	168717.56866143522	104321.61361737084	267.73400000000004
126	168718.27483760772	104321.55142140388	267.688
127	168718.99271784112	104321.50724902935	267.672
128	168719.72006078635	104321.44271829538	267.66900000000004
129	168720.42345976652	104321.35919388104	267.678
130	168721.1198738605	104321.30122747459	267.705
131	168721.83403589285	104321.19938860461	267.717
132	168722.55846890787	104321.18453023769	267.765
133	168723.28581923057	104321.08440674096	267.77099999999996
134	168724.02768888194	104321.04643766955	267.791
135	168724.7450932513	104320.93534160033	267.795
136	168725.48207758745	104320.90069228504	267.813
137	168726.20870232204	104320.80408886727	267.788
138	168726.9400946292	104320.80445706844	267.791
139	168727.66749560597	104320.72361404728	267.76
140	168728.3901720924	104320.66778090224	267.73400000000004
141	168729.10112890622	104320.56481935643	267.72700000000003
142	168729.82171513274	104320.49507537019	267.722
143	168730.52270147536	104320.45510843303	267.779
144	168731.22234622898	104320.39122259896	267.843
145	168731.90004794454	104320.34746564459	267.862
146	168732.60451114835	104320.2656150572	267.89599999999996
147	168733.30741440156	104320.25494559202	267.884
148	168734.04012969485	104320.18394751847	267.89799999999997
149	168734.76921103417	104320.19913914055	267.943
150	168736.1995963704	104320.08482645452	267.938
151	168736.91502511548	104319.96111906879	267.897
152	168737.64940118912	104319.92460837774	267.851
153	168738.3603936406	104319.84519167617	267.83799999999997
154	168739.07932435127	104319.80658719689	267.851
155	168740.43594716483	104319.6769980751	267.848
156	168741.14512083592	104319.67469407152	267.885
157	168741.83475606045	104319.6178186303	267.895
158	168743.31558924488	104319.45659990143	267.95599999999996
159	168744.04961015226	104319.41971807275	267.983
160	168744.7743015402	104319.29863996152	267.982
161	168745.50143481052	104319.2598800771	267.994
162	168746.22483714414	104319.13360690419	267.94599999999997
163	168747.70879578142	104318.99612934794	267.89099999999996
164	168749.17561843642	104318.89752154052	267.902
165	168750.59907358492	104318.76001543272	267.875
166	168751.308852724	104318.68764066696	267.872
167	168752.02227857255	104318.62603107281	267.91200000000003
168	168752.69617129536	104318.55037761293	267.939
169	168753.39111867716	104318.53745798953	267.975
170	168754.07294981086	104318.46906277072	268.004
171	168754.7296460704	104318.51625657082	268.123
172	168755.42159850616	104318.3759693699	268.16700000000003
173	168756.06620450053	104318.34655777365	268.176
174	168756.78103238143	104318.22489013616	268.158
175	168757.4972463662	104318.21501267236	268.191
176	168758.17296905076	104318.1931270929	268.197
177	168758.88805757594	104318.16544917878	268.246
178	168759.61530010347	104318.12947234325	268.25
179	168760.35397883056	104318.08649171982	268.281
180	168761.04678933413	104318.07282398734	268.345
181	168761.72989326506	104318.01425950415	268.381
182	168762.44967723137	104318.00328309648	268.39799999999997
183	168763.19695187878	104317.8828438595	268.35900000000004
184	168763.94217985685	104317.87010421418	268.33
185	168764.6951776144	104317.8451570794	268.33
186	168765.40378192236	104317.93628666643	268.367
187	168766.13492472845	104317.90662756003	268.355
188	168766.8452912753	104317.90321894735	268.41
189	168767.52797022357	104317.79701060802	268.392
190	168768.20692943456	104317.7006143704	268.35200000000003
191	168768.8903904442	104317.60849799309	268.361
192	168769.56970463326	104317.54602804407	268.394
193	168770.23959510136	104317.52634785883	268.483
194	168770.90043239458	104317.41172017064	268.522
195	168771.54544884906	104317.40066470299	268.63
196	168772.24091122154	104317.27633499727	268.658
197	168772.92565344594	104317.25856174622	268.718
198	168773.62212769198	104317.15054940432	268.756
199	168774.3457016951	104317.14348109625	268.769
200	168775.8539184375	104317.10416454636	268.849
201	168776.57938694104	104316.99885098916	268.85400000000004
202	168777.28108838107	104316.92515331414	268.851
203	168778.65099364848	104316.80470489338	268.878
204	168779.31884745904	104316.75609907787	268.91
205	168779.94666193647	104316.63523752708	268.969
206	168780.6083492271	104316.5825315537	269.025
207	168781.27034191805	104316.47736373357	269.06
208	168782.58956680133	104316.36897133663	269.151
209	168783.84250821662	104316.31484579109	269.215
210	168785.18721914515	104316.25974920951	269.24
211	168785.89571967087	104316.24632590171	269.349
212	168786.52160909807	104316.29916092195	269.447
213	168787.21834758707	104316.25065882225	269.485
214	168787.87997538364	104316.28156068362	269.573
215	168788.51872535294	104316.19429312553	269.62
216	168789.15085695323	104316.19654145744	269.68
217	168789.8253224454	104316.12719773408	269.752
218	168790.48573502948	104316.13214216288	269.757
219	168791.1492382909	104316.03680617921	269.851
220	168791.805736042	104316.00614356343	269.835
221	168792.44096694092	104315.90570186172	269.895
222	168793.05461806577	104315.8902736567	269.887
223	168793.67836725773	104315.80962709896	269.888
224	168794.36169016408	104315.68970626313	269.872
225	168795.02112769004	104315.60121541936	269.884
226	168795.6908016026	104315.5088680638	269.897
227	168796.35218168257	104315.50918212719	269.907
228	168796.9928233296	104315.45825712942	269.92900000000003
229	168797.6438257558	104315.46873041801	269.962
230	168798.2731570491	104315.3560332302	269.96
231	168798.8931993373	104315.34841447603	269.899
232	168799.52405121608	104315.3428734634	269.894
233	168800.1658315515	104315.33941061236	269.89099999999996
234	168800.77145329103	104315.3089388134	269.95099999999996
235	168801.43515763007	104315.22398620378	269.991
236	168802.05507305468	104315.185223246	270.087
237	168802.71592199648	104315.10100216139	270.129
238	168803.38777623384	104315.09746136796	270.131
239	168804.7417837751	104315.06891242042	270.246
240	168806.0984908675	104315.01664457377	270.356
241	168806.76587300203	104314.96711362898	270.38
242	168807.4687316026	104314.96924518142	270.39799999999997
243	168808.80406973595	104314.84256389551	270.4
244	168809.43703026252	104314.84574450739	270.474
245	168810.10719857644	104314.81494745333	270.54200000000003
246	168811.43763032407	104314.7308871476	270.629
247	168812.74555133044	104314.52587814722	270.672
248	168814.01659425304	104314.49592382368	270.70099999999996
249	168814.6417532107	104314.48684208374	270.649
250	168815.29461597785	104314.4756345069	270.653
251	168815.956591174	104314.4423990529	270.682
252	168816.66533306136	104314.39468510542	270.707
253	168817.35816071942	104314.30965285003	270.743
254	168817.99560521485	104314.25538213644	270.781
255	168818.64937537652	104314.15630729031	270.82099999999997
256	168819.33859218843	104314.11723708734	270.85400000000004
257	168820.03267727725	104314.01292996202	270.89
258	168820.72845820978	104313.93309935555	270.884
259	168821.41968000907	104313.79837961588	270.876
260	168822.10117783412	104313.75724307168	270.857
261	168822.76626816363	104313.68379173707	270.845
262	168823.45561516518	104313.64157104678	270.865
263	168824.17104942474	104313.58387134131	270.916
264	168824.85845693297	104313.55221067555	270.95099999999996
265	168825.55250379565	104313.52539368533	270.947
266	168826.2204773895	104313.4434255017	270.971
267	168826.9558845231	104313.4182391474	271.03
268	168827.63178130338	104313.3144243434	271.045
269	168828.30824918818	104313.28383742645	271.096
270	168828.98657355973	104313.16594243795	271.094
271	168829.69276609566	104313.09986836184	271.147
272	168830.37767319113	104312.93602235708	271.159
273	168831.08384859448	104312.87476833165	271.134
274	168831.81137587936	104312.75927368086	271.156
275	168832.51842105872	104312.68745618779	271.154
276	168833.24288090825	104312.5988311423	271.16700000000003
277	168833.91688322523	104312.52633988857	271.17900000000003
278	168834.61416026196	104312.46042006463	271.224
279	168835.95940274946	104312.29003085382	271.295
280	168836.59532711332	104312.16216043103	271.312
281	168837.28267539197	104312.14718551561	271.342
282	168838.66724289957	104312.01586737577	271.303
283	168840.0308179068	104311.90468133613	271.342
284	168841.33195330284	104311.736360766	271.322
285	168841.9622174433	104311.69578556903	271.38
286	168842.5956904832	104311.62203857116	271.38
287	168843.2594597971	104311.58584681991	271.394
288	168843.93057007485	104311.49110072013	271.42400000000004
289	168845.25717833324	104311.41296748072	271.464
290	168845.93488598382	104311.40148155298	271.447
291	168846.60772161264	104311.35623885877	271.48900000000003
292	168847.2451236011	104311.34739002492	271.476
293	168847.89968309397	104311.26055679377	271.51
294	168848.51949833418	104311.21679360699	271.538
295	168849.1384980557	104311.16839304473	271.569
296	168849.82750574464	104311.08817132656	271.54900000000004
297	168850.5329487886	104310.99911002442	271.561
298	168851.1828745695	104310.91170451697	271.587
299	168851.84831213596	104310.87440750375	271.619
300	168852.4827323787	104310.80177735817	271.658
301	168853.1261800997	104310.79758535232	271.64599999999996
302	168853.76193546475	104310.75054279715	271.684
303	168854.41730557595	104310.7363828849	271.697
304	168855.09761076947	104310.69654399995	271.72
305	168855.75289090181	104310.70759584103	271.731
306	168856.40817103416	104310.71864768211	
307	168856.81874755817	104310.72557239457	
308	168857.22932408217	104310.73249710703	
309	168857.63990060618	104310.7394218195	
310	168858.0504771302	104310.74634653196	
311	168858.4610536542	104310.75327124442	
312	168858.8716301782	104310.76019595689	
313	168859.28220670222	104310.76712066935	
314	168859.69278322623	104310.77404538181	
315	168860.10335975024	104310.78097009427	
316	168860.51393627425	104310.78789480674	
317	168860.92451279826	104310.7948195192	
318	168861.33508932227	104310.80174423166	
319	168861.74566584628	104310.80866894413	
320	168862.15624237029	104310.81559365659	
321	168862.5668188943	104310.82251836905	
322	168862.9773954183	104310.82944308151	
323	168863.3879719423	104310.83636779398	
324	168863.79854846632	104310.84329250644	
325	168864.20912499033	104310.8502172189	
326	168864.61970151434	104310.85714193137	
327	168934.6652819469	104301.44195311796	272.442
328	168934.66587561613	104301.44214062858	272.45
329	168934.67406479703	104301.44569223281	272.48400000000004
330	168934.66632649835	104301.44900136534	272.491
331	168934.65383685206	104301.4513665624	272.493
332	168934.71112072753	104301.4211692866	272.486
333	168935.64469086053	104301.42711089272	272.471
334	168936.34783708697	104301.31636312231	272.485
335	168937.06351144923	104301.22568157502	272.517
336	168938.5521978872	104301.03228914086	272.59
337	168939.26483097233	104300.92787874304	272.603
338	168940.01707243122	104300.88274721336	272.622
339	168940.72843458783	104300.76813646313	272.63
340	168941.48008296549	104300.75581557583	272.656
341	168942.20371093156	104300.6681293482	272.707
342	168942.90152718622	104300.6847205637	272.698
343	168943.64752739915	104300.5900702551	272.694
344	168944.4005484944	104300.55958729424	272.686
345	168945.14945221692	104300.41767527722	272.663
346	168945.90400479268	104300.35790771525	272.66700000000003
347	168946.6244435764	104300.23146588076	272.63
348	168947.36308518593	104300.20000486076	272.607
349	168948.09680370588	104300.11606326699	272.598
350	168948.8203435928	104300.01985007059	272.58099999999996
351	168949.56468668624	104299.89015750866	272.595
352	168950.31508836182	104299.82778034173	272.579
353	168951.02486837827	104299.7235466782	272.569
354	168951.7882791141	104299.64657123294	272.58
355	168952.54763927252	104299.53899338376	272.573
356	168953.25521211635	104299.42047770694	272.56
357	168954.01872317272	104299.34869363252	272.586
358	168954.768443041	104299.27760170959	272.541
359	168955.51285742508	104299.26062231325	272.556
360	168956.22720624183	104299.17512928508	272.562
361	168957.62189585197	104299.04054167867	272.565
362	168958.33161891843	104299.05161620211	272.551
363	168959.05846279583	104298.962275384	272.5
364	168960.48424018387	104298.8763701031	272.444
365	168961.22692777158	104298.81062992755	272.426
366	168961.90878485012	104298.73651470803	272.455
367	168962.61018359545	104298.61612430215	272.452
368	168963.34463291997	104298.46118624881	272.408
369	168964.8135418299	104298.21471102629	272.46
370	168965.52953337829	104298.10215942655	272.41900000000004
371	168966.26715884975	104298.05586685985	272.35900000000004
372	168967.7197823129	104297.8427026812	272.191
373	168968.4267127016	104297.67153831571	272.124
374	168969.15828289962	104297.52400600351	271.971
375	168969.91388525144	104297.40381119493	271.97700000000003
376	168970.6475273049	104297.34137672372	271.992
377	168971.3494349586	104297.31108480878	272.097
378	168972.0265090754	104297.2449251283	272.125
379	168972.69083280745	104297.15443474147	272.111
380	168973.3416223875	104297.0592612857	272.126
381	168974.00875600782	104296.94764764234	272.135
382	168974.66874233124	104296.84027219098	272.172
383	168975.3853689073	104296.74959924072	272.089
384	168976.12001965023	104296.6380429985	272.144
385	168976.81731726264	104296.56750741601	272.248
386	168977.49457135142	104296.45129602496	272.353
387	168978.17558089882	104296.44781028572	272.42400000000004
388	168978.81098990203	104296.33256102353	272.404
389	168979.49054046406	104296.27197264787	272.432
390	168980.13580347857	104296.16009581648	272.454
391	168980.7638420969	104296.11118695978	272.461
392	168981.4007964083	104296.06212482601	272.474
393	168982.03000809904	104295.98448617104	272.48900000000003
394	168982.69529138878	104295.92477384862	272.548
395	168983.37139603452	104295.76462361403	272.54900000000004
396	168984.09865535586	104295.65915951133	272.572
397	168985.5678090923	104295.41120786685	272.532
398	168986.28693704182	104295.25306644198	272.531
399	168987.00730847844	104295.17890749499	272.495
400	168988.4090561497	104294.9993056031	272.513
401	168989.11798793185	104294.86689596903	272.507
402	168989.81690361042	104294.7431633668	272.482
403	168990.52960630285	104294.58685323317	272.449
404	168991.23304499214	104294.46146863792	272.466
405	168992.59796425345	104294.27617400885	272.422
406	168993.3119217668	104294.20069518592	272.441
407	168994.04738376397	104294.06207861844	272.41900000000004
408	168995.45111340375	104293.79424402304	272.467
409	168996.84737277695	104293.5543755712	272.409
410	168997.5939346538	104293.4693747256	272.4
411	168998.24964068926	104293.36254295986	272.389
412	168998.94727410973	104293.26494576875	272.34
413	168999.6580857846	104293.17184522469	272.36
414	169000.3438920897	104293.09070465248	272.363
415	169001.05833104128	104293.07974144071	272.402
416	169001.77383077666	104293.00519621279	272.405
417	169002.52546341447	104292.93152258173	272.4
418	169003.22590676538	104292.77980460506	272.36400000000003
419	169003.9879115564	104292.6976409331	272.35400000000004
420	169004.68506271875	104292.53590069246	272.35400000000004
421	169005.34548567922	104292.43965353072	272.31
422	169006.0227662786	104292.31640137546	272.3
423	169006.69221955264	104292.15511789359	272.307
424	169007.32264100836	104291.97274592612	272.319
425	169007.94536111117	104291.84948308952	272.343
426	169008.630600065	104291.76092627831	272.368
427	169009.3731409247	104291.67035116907	272.373
428	169010.10565720903	104291.65685888007	272.382
429	169010.82842082868	104291.57881876174	272.35200000000003
430	169011.52312530947	104291.53552952595	272.35200000000003
431	169012.2377630912	104291.40332890116	272.319
432	169013.6009098731	104291.31461716816	272.344
433	169014.3055391872	104291.28804836981	272.334
434	169014.99247458347	104291.22359810956	272.373
435	169016.38514651536	104291.12220202759	272.425
436	169017.06076690688	104291.06401428394	272.44
437	169017.76606676425	104291.04931278992	272.471
438	169018.47167896116	104290.94785387628	272.483
439	169019.20622865617	104290.86485202517	272.487
440	169020.6116787598	104290.6480102567	272.508
441	169021.27904515303	104290.47226132732	272.533
442	169022.00154395177	104290.36882448662	272.497
443	169023.41307045525	104290.08211643528	272.481
444	169024.77028293506	104289.82598652504	272.5
445	169025.45361519704	104289.70591013134	272.522
446	169026.10945711232	104289.52863725554	272.51099999999997
447	169026.76906680455	104289.42738452833	272.535
448	169027.4136043964	104289.22041002661	272.514
449	169028.08826217562	104289.09956120234	272.483
450	169028.78172767727	104288.93836700171	272.513
451	169029.4786837791	104288.83113153558	272.473
452	169030.1698107502	104288.72517284006	272.476
453	169030.8760979689	104288.63447014801	272.472
454	169031.5885302432	104288.5208023563	272.524
455	169032.2881042042	104288.41283516679	272.567
456	169032.97731941394	104288.27665272914	272.573
457	169033.6581672554	104288.08742106799	272.592
458	169034.36170868156	104287.96704787388	272.611
459	169035.03534710582	104287.7992946906	272.607
460	169035.72937519514	104287.71299763117	272.527
461	169036.40392722373	104287.55562928971	272.487
462	169037.1176352363	104287.4508651616	272.461
463	169037.81340107913	104287.31118470524	272.481
464	169038.51347412914	104287.22972972132	272.498
465	169039.1848575347	104287.12703791726	272.508
466	169039.865007732	104287.03253459092	272.567
467	169041.23441092082	104286.82446669322	272.64
468	169041.93394788756	104286.72688202001	272.64799999999997
469	169042.61036869083	104286.57879028749	272.687
470	169043.94357319834	104286.32220798172	272.68
471	169044.64486321562	104286.2329721637	272.692
472	169045.37147404658	104286.11027363222	272.72900000000004
473	169046.06687757146	104286.00525933411	272.70099999999996
474	169046.7499919019	104285.84699626826	272.698
475	169048.06058007572	104285.56623383239	272.71
476	169048.7091035266	104285.40803167969	272.68
477	169049.39671801357	104285.32041561138	272.697
478	169050.7494978851	104285.14046825003	272.737
479	169051.43252743295	104285.03874690551	272.736
480	169052.13290799025	104285.0040110182	272.775
481	169052.80903875074	104284.87056469917	272.76599999999996
482	169053.44326064433	104284.78868880682	272.76599999999996
483	169054.77924107775	104284.61961940397	272.79
484	169056.0909429581	104284.52461544145	272.959
485	169056.8035268069	104284.50104709715	272.986
486	169057.5144323205	104284.38255735766	273.017
487	169058.1961348174	104284.35220405366	273.074
488	169058.8743866987	104284.2239568485	273.068
489	169059.59093219176	104284.15665308293	273.122
490	169060.2539617813	104284.03039033338	273.133
491	169060.93592453023	104283.92792483512	273.123
492	169061.61776194538	104283.7943148464	273.135
493	169062.29384714816	104283.64066296443	273.092
494	169062.97460145206	104283.51075687539	273.142
495	169063.65538723095	104283.37213804573	273.171
496	169064.3657433261	104283.27422461286	273.198
497	169065.0432764905	104283.1146460902	273.164
498	169065.73693549278	104283.06505721156	273.186
499	169066.41942322807	104282.9818740096	273.249
500	169067.14291725005	104282.93257837463	273.246
501	169067.8366697719	104282.79122616164	273.27299999999997
502	169068.53301551903	104282.72181149665	273.265
503	169069.1974877282	104282.62410385348	273.258
504	169069.88178936628	104282.53240008932	273.258
505	169070.57074918304	104282.4015976889	273.311
506	169071.2698236098	104282.33367629163	273.336
507	169071.95192388142	104282.2920179097	273.35
508	169072.67777959735	104282.21418277174	273.33799999999997
509	169073.33831701538	104282.1527962545	273.35200000000003
510	169073.97973277277	104282.02108111419	273.36400000000003
511	169074.67556642153	104281.96186140832	273.41200000000003
512	169075.34935561178	104281.81876965892	273.362
513	169076.02523778784	104281.82028328534	273.422
514	169076.72412952193	104281.73716064636	273.445
515	169077.4248813538	104281.69853643142	273.447
516	169078.12997393368	104281.57706235722	273.441
517	169078.75426399987	104281.48069385346	273.4
518	169079.41874124442	104281.38168983907	273.432
519	169080.03478733992	104281.29697076045	273.45599999999996
520	169080.69648921452	104281.27526105661	273.519
521	169082.00854767326	104281.18063556124	273.53700000000003
522	169082.66135760894	104281.05378255248	273.563
523	169083.24268755375	104281.06960071623	273.56
524	169084.43519717696	104280.96583103575	273.55
525	169085.0357970086	104280.9780113753	273.616
526	169085.6236144425	104280.94194635842	273.673
527	169086.21606700815	104280.9718940407	273.768
528	169086.81519125385	104280.89897904545	273.829
529	169088.1600662875	104280.8348762393	273.839
530	169088.85536718182	104280.7915992979	273.83099999999996
531	169089.5478390898	104280.70882591698	273.834
532	169090.86662647783	104280.56139314361	273.845
533	169092.2712156902	104280.3870196743	273.897
534	169092.95289903993	104280.23061120883	273.932
535	169093.62193307868	104280.18649843056	273.92400000000004
536	169094.26870826393	104280.08502233587	273.934
537	169094.92352235288	104280.0944336392	273.893
538	169095.57452814217	104280.03931842372	273.9
539	169096.15991078303	104280.01918860059	273.877
540	169096.766970152	104279.98727277108	273.937
541	169097.32911488737	104279.91756215785	273.942
542	169097.9543860061	104279.91166574135	273.959
543	169098.55810815957	104279.84933545161	273.966
544	169099.15328869407	104279.8809628794	273.968
545	169099.653038467	104279.84105877299	273.94
546	169099.992102772	104279.82708334085	273.934
547	169100.22610473307	104279.74246840738	273.959
548	169100.28821777314	104279.72489633318	273.966
549	169100.29518469283	104279.73771286104	273.976
550	169100.27455185994	104279.78954514209	273.966
551	169100.25568906724	104279.81209351402	273.961
552	169101.7661802901	104284.7691005813	274.888
553	169101.67899171318	104284.98234506231	274.89799999999997
554	169101.66052105982	104284.99506961089	274.88599999999997
555	169101.65698788565	104284.88735006005	274.879
556	169101.63424627922	104284.83202407788	274.86
557	169101.62286407806	104284.75820100028	274.83099999999996
558	169101.56794010778	104284.957287753	274.81
559	169101.4624106906	104285.01585756801	274.802
560	169101.1485914503	104285.01750360802	274.741
561	169100.59405738043	104285.08649980463	274.747
562	169099.97461202735	104285.09223158937	274.793
563	169099.40322589857	104285.186564276	274.764
564	169098.77898298233	104285.20414328668	274.691
565	169098.12423309076	104285.3415540522	274.628
566	169097.47693207167	104285.45711678732	274.57
567	169096.77666686726	104285.59139707405	274.517
568	169096.06309502487	104285.69096297212	274.518
569	169095.36624058578	104285.80245382525	274.485
570	169094.6795468338	104285.89822404739	274.413
571	169093.92687891677	104285.9616848696	274.37
572	169092.49817545718	104286.16489029396	274.276
573	169091.78398895683	104286.3030139422	274.26099999999997
574	169091.07783300008	104286.35700341128	274.263
575	169090.39550763083	104286.49394471757	274.226
576	169089.69882624724	104286.55760845542	274.252
577	169089.05273895548	104286.73212798871	274.242
578	169088.35152191596	104286.800966206	274.157
579	169087.65129664342	104286.92431031726	274.127
580	169086.96723232078	104287.01619802881	274.099
581	169085.54567518277	104287.18272556365	274.067
582	169084.8494235495	104287.22618488781	274.058
583	169084.15322951775	104287.31951219123	274.025
584	169083.457739338	104287.41543747112	274.033
585	169082.78036185654	104287.56481820624	274.01599999999996
586	169082.07752474374	104287.65441414993	273.994
587	169081.38542758624	104287.83117838763	273.91700000000003
588	169080.65946069118	104287.93997067492	273.89
589	169079.96949786952	104288.11822585855	273.82
590	169078.53951417963	104288.38001104072	273.819
591	169077.77465706842	104288.42859959975	273.775
592	169077.04911387537	104288.51885574125	273.822
593	169076.33608349587	104288.5674462812	273.737
594	169075.60911365962	104288.69069541246	273.687
595	169074.86203552695	104288.78643554449	273.623
596	169074.1557620054	104288.90605196822	273.622
597	169072.75964199423	104289.07304554246	273.57599999999996
598	169071.3309524086	104289.33873035572	273.513
599	169070.6386729758	104289.50029403623	273.522
600	169069.9059628147	104289.56735256873	273.5
601	169069.19847961096	104289.75870801415	273.455
602	169068.44925635838	104289.82311179675	273.411
603	169067.72277817427	104289.974912568	273.42400000000004
604	169066.9638616136	104290.09026154317	273.423
605	169066.27631590917	104290.22477714904	273.42400000000004
606	169065.57147876808	104290.30880661216	273.288
607	169064.13057844847	104290.4997404702	273.186
608	169062.63530451263	104290.7047529053	273.139
609	169061.9540805533	104290.8003617255	273.198
610	169061.25901119367	104290.9116781177	273.21
611	169060.55522166652	104290.9360191198	273.20099999999996
612	169059.85094159393	104291.03043273184	273.127
613	169059.11594589285	104291.10508515872	273.152
614	169058.39484592804	104291.24893519841	273.113
615	169056.92686452204	104291.43421186414	273.01099999999997
616	169055.48210877064	104291.67259187996	272.907
617	169054.76765915356	104291.75232433155	272.916
618	169054.02884599136	104291.79785876721	272.89799999999997
619	169053.28045499988	104291.92826358415	272.875
620	169052.537884515	104292.0598017918	272.825
621	169051.83391560768	104292.23281943332	272.73900000000003
622	169051.1242356393	104292.27549323253	272.717
623	169049.70608768202	104292.38735507056	272.668
624	169048.24488789262	104292.50517965294	272.613
625	169047.51673872344	104292.59320585988	272.541
626	169046.0842063962	104292.80438140128	272.473
627	169045.364494758	104292.92599241249	272.44599999999997
628	169044.66661123003	104293.05973202363	272.454
629	169043.9327446423	104293.11807703692	272.512
630	169042.51461711613	104293.22437942307	272.57
631	169041.08589906426	104293.36679344997	272.603
632	169040.3806428056	104293.40244012512	272.634
633	169039.7155834428	104293.53166415449	272.611
634	169038.31093135063	104293.72496025264	272.628
635	169037.57897877778	104293.81297411956	272.617
636	169036.86655104917	104293.95852677245	272.585
637	169036.12159865696	104294.02554586064	272.55400000000003
638	169035.44230153292	104294.11449128669	272.591
639	169034.00603721745	104294.24001029506	272.539
640	169033.30491940724	104294.31478836853	272.589
641	169032.60590650732	104294.36621602066	272.687
642	169031.16505326223	104294.51174048893	272.758
643	169030.44179289177	104294.66170414351	272.73900000000003
644	169029.73127735654	104294.70549008995	272.73900000000003
645	169029.04262935615	104294.8494610209	272.686
646	169028.32986808536	104294.92271475401	272.60400000000004
647	169026.89972719498	104295.13038184121	272.536
648	169026.19093071108	104295.25796698313	272.51
649	169025.48195127366	104295.37035026122	272.51599999999996
650	169024.12729713225	104295.6096194638	272.508
651	169023.44059195352	104295.70929189399	272.492
652	169022.7580057087	104295.78747496381	272.502
653	169022.0862724152	104295.85568658728	272.509
654	169021.42345960313	104295.98844325263	272.494
655	169020.0592763718	104296.20024268888	272.52299999999997
656	169019.3457888617	104296.27720265184	272.52
657	169018.64663575793	104296.46674101334	272.472
658	169017.21303193158	104296.712030733	272.39799999999997
659	169016.49847414898	104296.82217055187	272.373
660	169015.81092137005	104296.99228596408	272.375
661	169015.12995902603	104297.14778003376	272.407
662	169014.45977204049	104297.2488107523	272.438
663	169013.09600118388	104297.3792308988	272.515
664	169012.39833857137	104297.45198497176	272.503
665	169011.68475359707	104297.45701751485	272.519
666	169010.2537824111	104297.59850483201	272.54400000000004
667	169009.5530662753	104297.72704818472	272.597
668	169008.8275208823	104297.81861133035	272.58799999999997
669	169008.14275111203	104297.97520488687	272.61
670	169007.45822712022	104298.12957483716	272.635
671	169006.02890317776	104298.30888709333	272.599
672	169005.36974830116	104298.38326368574	272.629
673	169004.71584108056	104298.48583726119	272.643
674	169003.32962413676	104298.70998231228	272.668
675	169002.6097370795	104298.78173081856	272.698
676	169001.90874754818	104298.92028481141	272.664
677	169001.1857024777	104298.97774776071	272.689
678	169000.47305224714	104299.15259481594	272.689
679	168999.0058533727	104299.38590419758	272.645
680	168998.29384673992	104299.51403767243	272.61400000000003
681	168997.61401637504	104299.65248294454	272.57599999999996
682	168996.25685669004	104299.72972665075	272.574
683	168995.58587432778	104299.82074628212	272.567
684	168994.88899569405	104299.90703834407	272.632
685	168994.1958754962	104300.00594996661	272.60200000000003
686	168993.4936343294	104299.96375341155	272.673
687	168992.776852113	104300.03162140027	272.643
688	168992.0612236454	104299.97695632931	272.62
689	168991.36783712066	104300.08383877482	272.589
690	168990.64980139342	104300.13668662775	272.627
691	168989.2559907377	104300.19192533102	272.631
692	168988.59514554983	104300.27371320408	272.676
693	168987.94205044766	104300.31585732847	272.70799999999997
694	168987.29419202404	104300.42234780826	272.728
695	168986.66856037962	104300.5292890165	272.769
696	168986.0068645528	104300.61626484338	272.769
697	168985.33443704052	104300.74565459043	272.791
698	168984.6546887382	104300.89448319841	272.82
699	168983.98965958774	104301.08210956212	272.829
700	168983.33211954817	104301.17039832566	272.84
701	168982.64448189177	104301.29843608849	272.817
702	168981.94334378373	104301.37933847774	272.832
703	168981.24896741848	104301.49715621118	272.788
704	168980.51888786448	104301.49453303218	272.788
705	168979.80453926988	104301.61302072834	272.717
706	168979.05274571604	104301.66574886627	272.681
707	168978.34552419788	104301.75256209169	272.637
708	168977.62337245035	104301.79316172935	272.623
709	168976.92025903534	104301.86145173013	272.598
710	168976.2614339849	104301.91043583583	272.555
711	168975.5757337449	104301.96247497853	272.551
712	168974.9024925524	104302.02067655325	272.55
713	168974.1949245389	104302.10470836237	272.587
714	168973.48058216306	104302.22152849287	272.54200000000003
715	168972.83959022	104302.30283348914	272.453
716	168972.1890853805	104302.48439590074	272.421
717	168971.50817720708	104302.52607140131	272.34
718	168970.7750546726	104302.64263907447	272.34
719	168970.05307019598	104302.63670953736	272.371
720	168969.3675199793	104302.71322040353	272.439
721	168968.66719426578	104302.73350764997	272.355
722	168967.94869403966	104302.81657412834	272.363
723	168967.23061899247	104302.88054791559	272.439
724	168966.562981117	104302.96731945314	272.493
725	168965.8990717918	104303.07505259197	272.557
726	168965.16667903672	104303.22017244063	272.597
727	168964.49912631692	104303.38258027751	272.658
728	168963.82918682764	104303.48139370792	272.73900000000003
729	168963.16932732548	104303.55373382196	272.735
730	168962.51361202943	104303.56435678527	272.775
731	168961.8190288416	104303.64065082278	272.726
732	168961.05426089856	104303.66534230951	272.716
733	168960.3515404553	104303.82298989967	272.759
734	168959.60346156033	104303.86757733673	272.768
735	168958.9008409826	104303.99741822109	272.776
736	168958.16860909818	104304.06467930041	272.778
737	168957.4430160454	104304.20315087959	272.795
738	168956.7274798845	104304.2884540949	272.748
739	168956.04958124712	104304.38594227284	272.74
740	168955.3685066931	104304.44096673653	272.715
741	168954.640107917	104304.50008525886	272.651
742	168953.93040742615	104304.61544162966	272.724
743	168953.25510931778	104304.71701789554	272.79
744	168951.78923494497	104304.94663746562	272.772
745	168951.10767272604	104305.07136424445	272.721
746	168950.3901057514	104305.09326049127	272.71299999999997
747	168949.6823708106	104305.25719448272	272.678
748	168948.9500742163	104305.30944068823	272.664
749	168948.23660797332	104305.44740087818	272.677
750	168947.46820735754	104305.45762152225	272.673
751	168946.03260896463	104305.59781191498	272.54200000000003
752	168944.61937566387	104305.86562550999	272.432
753	168943.94280160902	104305.95848544501	272.418
754	168943.26401963318	104306.03724854067	272.47900000000004
755	168942.56804667102	104306.07034618314	272.437
756	168941.84268230118	104306.1452347925	272.416
757	168941.09850600382	104306.16240234394	272.376
758	168940.37270464542	104306.25972077157	272.305
759	168939.64010817945	104306.29620974325	272.328
760	168938.963759278	104306.4257766977	272.285
761	168938.27855816108	104306.43833615165	272.251
762	168937.57232279307	104306.51570388582	272.21
763	168936.1467682316	104306.63961936906	272.11
764	168934.7465323299	104306.76362599153	272.08799999999997
765	168933.3767100949	104307.05810776353	272.098
766	168932.7041942956	104307.24589910917	272.108
767	168932.0080049827	104307.33943179436	272.178
768	168931.30489680133	104307.47298222687	272.138
769	168930.59046001424	104307.4507715283	272.096
770	168929.12390556486	104307.53894869424	272.079
771	168928.3803250804	104307.65529937297	272.125
772	168927.65371138832	104307.71405724343	272.126
773	168926.2298951927	104307.91695422679	272.112
774	168925.53293113413	104307.99454216007	272.086
775	168924.84747124763	104308.11258461326	272.073
776	168924.15290647795	104308.21724705212	272.121
777	168923.4662320874	104308.34251521714	272.122
778	168922.0608843884	104308.59961093683	272.199
779	168921.33260344682	104308.65929060709	272.209
780	168920.63679238962	104308.7800772516	272.191
781	168919.1758040756	104309.00694261491	272.21
782	168918.47510159732	104309.06635068264	272.243
783	168917.80701847243	104309.2115220027	272.228
784	168917.11889797015	104309.27598061226	272.25
785	168916.40675718887	104309.37613196857	272.202
786	168914.9999377029	104309.51328233257	272.215
787	168914.28969349226	104309.58174049202	272.236
788	168913.52210305916	104309.59827193897	272.222
789	168912.09608300324	104309.68659894355	272.189
790	168911.38252858465	104309.78322365694	272.199
791	168910.62599949786	104309.83112462796	272.203
792	168909.8976201559	104309.98479404021	272.26599999999996
793	168909.13628526614	104310.01376908738	272.233
794	168907.6461381372	104310.1845479859	272.265
795	168906.8963907154	104310.29717197176	272.224
796	168906.14936708807	104310.34621989354	272.182
797	168904.64807389592	104310.50935909525	272.089
798	168903.9258817317	104310.62819970958	272.063
799	168903.21028895126	104310.72982353717	272.06
800	168902.51038127497	104310.83298663981	272.01
801	168901.78951464477	104310.9468269851	271.949
802	168901.07740622244	104311.03808219079	271.961
803	168900.36425536394	104311.15491644107	271.954
804	168899.66347564323	104311.20283305459	271.981
805	168898.96267502004	104311.3230485497	271.947
806	168897.42022732762	104311.49364321493	272.02299999999997
807	168896.6154466007	104311.5059656743	272.018
808	168895.8120062471	104311.5755759934	271.944
809	168895.0164906733	104311.62296897545	271.909
810	168894.24018544296	104311.74977415334	271.894
811	168892.78680636882	104311.94349068496	271.806
812	168892.11028222227	104311.98964122962	271.77099999999996
813	168891.43700766106	104312.09104722273	271.737
814	168890.08468038734	104312.14794341847	271.595
815	168889.4395346108	104312.22813135572	271.54400000000004
816	168888.7431976074	104312.26364472881	271.529
817	168888.046860604	104312.2991581019	
818	168887.35605008475	104312.33438962283	
819	168886.6652395655	104312.36962114376	
820	168885.97442904627	104312.4048526647	
821	168885.28361852703	104312.44008418563	
822	168884.5928080078	104312.47531570656	
823	168883.90199748855	104312.51054722749	
824	168883.2111869693	104312.54577874842	
825	168882.52037645006	104312.58101026935	
826	168881.82956593082	104312.61624179028	
827	168881.13875541158	104312.65147331121	
828	168880.44794489234	104312.68670483214	
829	168879.7571343731	104312.72193635307	
830	168879.06632385385	104312.757167874	
831	168878.3755133346	104312.79239939494	
832	168807.96600232876	104319.96427129488	270.629
833	168807.96600232876	104319.96427129488	270.629
834	168807.98423250165	104319.98546971194	270.66200000000003
835	168807.92809063254	104319.99565120228	270.681
836	168807.8140746569	104319.96836492047	270.684
837	168807.46309887953	104320.05702546146	270.676
838	168806.93201276925	104320.08609341923	270.658
839	168806.34044357657	104320.14275335986	270.638
840	168805.7305657598	104320.23364380188	270.623
841	168805.1316089859	104320.26191418245	270.664
842	168804.51584001994	104320.33813864086	270.653
843	168803.8790052491	104320.38833474647	270.603
844	168803.27028326728	104320.52186737489	270.556
845	168802.64490720525	104320.55875693541	270.508
846	168802.0618037552	104320.7416924145	270.471
847	168801.40532510568	104320.80053183995	270.43
848	168800.71389328662	104320.89446946699	270.376
849	168800.07017888862	104320.94056315348	270.318
850	168799.41691165615	104320.99885810819	270.29400000000004
851	168798.7075210701	104321.06214411277	270.241
852	168797.98725404538	104321.07533845119	270.272
853	168797.24912079837	104321.09866530728	270.187
854	168795.82993997238	104321.17054896802	270.064
855	168794.40248141563	104321.23035375122	269.868
856	168793.66823847947	104321.26277864818	269.82099999999997
857	168792.92830991253	104321.3229906736	269.659
858	168792.16623711708	104321.35958055407	269.596
859	168791.4785027567	104321.41664159019	269.567
860	168790.74356842862	104321.44294683356	269.541
861	168790.01120366866	104321.48205266055	269.518
862	168789.30818420858	104321.49197265878	269.483
863	168788.53198446514	104321.45658472087	269.445
864	168787.73932333413	104321.47082064301	269.45
865	168786.96512452656	104321.44100150093	269.379
866	168785.5724823142	104321.53763805609	269.252
867	168784.1877806574	104321.77463714685	269.168
868	168782.72630226635	104321.94147471804	268.937
869	168781.96762052836	104322.06075835507	268.892
870	168781.2522748923	104322.09399368707	268.80400000000003
871	168780.54263969633	104322.15932045039	268.747
872	168779.8003505608	104322.21489137504	268.698
873	168778.39269158946	104322.35615341552	268.714
874	168777.65824387656	104322.34594202042	268.653
875	168776.96342315496	104322.45711119566	268.615
876	168775.49066475086	104322.6205737982	268.532
877	168774.7537563427	104322.66726623382	268.51
878	168774.0250996864	104322.76682187617	268.421
879	168773.25374447033	104322.80653297529	268.397
880	168772.50589308	104322.92214882188	268.437
881	168771.01638791154	104323.14876830671	268.467
882	168770.29378273315	104323.21794336848	268.515
883	168769.61241428513	104323.29004577827	268.57599999999996
884	168768.15027662262	104323.40850040503	268.558
885	168767.43585880075	104323.48178334441	268.535
886	168766.70573420223	104323.49272233434	268.597
887	168765.98509980572	104323.57599399611	268.593
888	168765.22945783884	104323.64282781165	268.64099999999996
889	168763.8010665133	104323.6978175994	268.62
890	168763.071265976	104323.75139602646	268.578
891	168762.38319769065	104323.7687879717	268.56
892	168761.00550928916	104323.80542043317	268.476
893	168760.34583030036	104323.82847491466	268.407
894	168759.72048164593	104323.89132307563	268.389
895	168759.0599044085	104323.89954399318	268.389
896	168758.376709015	104323.91713914368	268.415
897	168757.7064817942	104323.86452077515	268.453
898	168757.03866605827	104323.9696708601	268.439
899	168756.3511454218	104324.00022763386	268.375
900	168755.62362702045	104324.14761831984	268.33299999999997
901	168754.8574380285	104324.17196376156	268.332
902	168754.1374539329	104324.27303598169	268.322
903	168753.37103356392	104324.32908108365	268.274
904	168752.5868152766	104324.40953349601	268.254
905	168751.8282387996	104324.4659774322	268.245
906	168751.08639197182	104324.56456249952	268.237
907	168750.33228639024	104324.63399923313	268.247
908	168749.56604331484	104324.70710062608	268.17
909	168748.80922994693	104324.8026667852	268.199
910	168748.06066618123	104324.81780667976	268.209
911	168747.32353991285	104324.92604887765	268.212
912	168746.547093506	104324.99373842776	268.231
913	168745.82697791283	104325.16544173099	268.35
914	168745.0753995963	104325.22617524397	268.425
915	168744.336355143	104325.33904558979	268.383
916	168743.60782197444	104325.37057077605	268.376
917	168742.87493643764	104325.45621207356	268.35
918	168742.11718983154	104325.47984778229	268.325
919	168741.34751368721	104325.54904517252	268.264
920	168740.60866271248	104325.60741450917	268.343
921	168739.8798305466	104325.68973372784	268.36
922	168739.13706541163	104325.77923350874	268.363
923	168737.63716753185	104325.95391863957	268.381
924	168736.09797741074	104326.01315742824	268.28
925	168735.31249249523	104326.0151914563	268.247
926	168734.5969287776	104326.11016441509	268.21
927	168733.82790250893	104326.13023905456	268.212
928	168733.09518397364	104326.2359035192	268.22900000000004
929	168732.35255391218	104326.25384739973	268.258
930	168731.58343290334	104326.3341710763	268.221
931	168730.82077747013	104326.36780160852	268.252
932	168730.0921840595	104326.41638355423	268.222
933	168729.33969800064	104326.43151218817	268.187
934	168728.58954373215	104326.52654869854	268.163
935	168727.15512534324	104326.67254940234	268.241
936	168726.41671138053	104326.74185978808	268.3
937	168725.65851586085	104326.75808099378	268.33299999999997
938	168724.13437034667	104326.76491357386	268.23400000000004
939	168723.3428068304	104326.83867053967	268.23400000000004
940	168722.58205738344	104326.83764263988	268.23
941	168721.84234249665	104326.93864931818	268.21299999999997
942	168721.09963050214	104326.94621311408	268.195
943	168719.5936667927	104327.12217952777	268.17900000000003
944	168718.8435489313	104327.207021554	268.177
945	168718.07448479108	104327.23785048444	268.159
946	168716.5849439375	104327.2407294605	268.006
947	168715.87381754268	104327.29122906551	268.062
948	168715.16312327058	104327.38751957566	268.045
949	168714.44991116738	104327.45636477135	268.07099999999997
950	168713.74850360904	104327.54842458759	268.07
951	168712.27048106526	104327.62179061491	268.08099999999996
952	168711.5301511047	104327.62806651928	268.117
953	168710.77863727722	104327.73793126922	268.084
954	168709.25389592012	104327.91309258062	268.137
955	168708.5266577284	104327.94833481219	268.186
956	168707.84818293626	104328.00933250878	268.2
957	168707.160388635	104328.05027606804	268.17400000000004
958	168706.45022321938	104328.09799961653	268.165
959	168705.74557499384	104328.19894734211	268.164
960	168704.99100618638	104328.23168331757	268.16700000000003
961	168704.22321711114	104328.33889602311	268.187
962	168703.42874015874	104328.36277797632	268.193
963	168702.66544960107	104328.44164344296	268.164
964	168701.89666146584	104328.42816947494	268.16700000000003
965	168701.13221517357	104328.53131606895	268.17900000000003
966	168700.37622669752	104328.59574794397	268.219
967	168699.6549118939	104328.73742144182	268.216
968	168698.9305104534	104328.84441774152	268.195
969	168698.23152277182	104328.95817783289	268.142
970	168697.49669912586	104329.02083121613	268.099
971	168696.77395905543	104329.06146705244	268.07099999999997
972	168696.03867703603	104329.11929909419	268.08299999999997
973	168695.31272289634	104329.12766734045	268.117
974	168694.57879513068	104329.20589635894	268.177
975	168693.8320900742	104329.23347106948	268.247
976	168693.0788312504	104329.33276539762	268.204
977	168692.3002931944	104329.38729339931	268.18
978	168691.53757774847	104329.50527803414	268.18
979	168690.77788668335	104329.50759531558	268.16700000000003
980	168690.00449170385	104329.62035169639	268.135
981	168689.2410720193	104329.66863066144	268.134
982	168688.50281605343	104329.76074883435	268.171
983	168687.76605372684	104329.76666991785	268.143
984	168687.01211583073	104329.82276877575	268.144
985	168686.27585127536	104329.82238885108	268.10900000000004
986	168685.5543933595	104329.87026063632	268.036
987	168684.82313335664	104329.9336699089	268.055
988	168684.09673395584	104330.03435819224	268.075
989	168683.41476755746	104330.14169208426	268.105
990	168682.67814966195	104330.24123213068	268.116
991	168681.9648098813	104330.3464160543	268.12
992	168681.23536117031	104330.40186081547	268.10200000000003
993	168680.50663571534	104330.48808159307	268.131
994	168679.7498194354	104330.51784711145	268.138
995	168678.28194598414	104330.61239202227	268.135
996	168676.77163874957	104330.8072641762	268.077
997	168676.06923138944	104330.98070799839	268.058
998	168675.34505684834	104331.02375164814	267.966
999	168674.6161222731	104331.13555516489	267.954
1000	168673.86016570774	104331.15753853321	267.996
1001	168673.13125936082	104331.26137094386	267.934
1002	168672.43143368777	104331.34343121294	267.895
1003	168671.70170909248	104331.44336791243	267.847
1004	168670.9568627099	104331.51692706719	267.82099999999997
1005	168670.21199379626	104331.56323514413	267.837
1006	168669.5233992751	104331.62902190257	267.88
1007	168668.11001559568	104331.87818514183	267.87
1008	168667.37885566213	104331.91341916285	267.867
1009	168666.6976796919	104331.99906834401	267.901
1010	168665.30229842704	104332.19954056945	267.863
1011	168664.60060227473	104332.23914286029	267.843
1012	168663.9719655033	104332.35853211209	267.873
1013	168663.37987664586	104332.42855365667	267.862
1014	168662.81226143424	104332.53592344746	267.858
1015	168661.73867834665	104332.66245394386	267.871
1016	168661.41965073004	104332.75976457167	267.874
1017	168661.26313034524	104332.7517963713	267.897
1018	168661.26811845775	104332.71937219799	267.889
1019	168661.34430176928	104332.72242205497	267.86
1020	168661.36510594666	104332.72175402287	267.86400000000003
1021	168661.3771913137	104332.6991801504	267.88
1022	168661.3884269363	104332.68160858471	267.9
1023	168661.38206416677	104332.69938274845	267.904
1024	168661.3760468622	104332.72030961979	267.915
1025	168661.32516793374	104332.68768808618	267.983
1026	168661.32443148483	104332.66061976366	268.065
1027	168661.34305612542	104332.67125231307	268.091
1028	168661.3157883174	104332.65094938409	268.14
1029	168661.3605670943	104332.69430150092	268.152
1030	168661.38426794225	104332.74851667602	268.184
1031	168661.3914378885	104332.73778986931	268.207
1032	168661.41561714327	104332.75752574299	268.225
1033	168661.38059226336	104332.74590834696	268.262
1034	168661.35632100052	104332.78586504608	268.315
1035	168661.34141297382	104332.79990138579	268.32599999999996
1036	168661.32298186506	104332.8354295548	268.346
1037	168660.66841856122	104337.73683314584	268.249
1038	168660.80407708665	104338.09825048223	268.19
1039	168660.86420688668	104338.17039098311	268.18
1040	168660.92844229055	104338.15708504058	268.128
1041	168660.91323627342	104338.05358835123	268.126
1042	168660.96069094847	104338.01241587661	268.13599999999997
1043	168660.97597225057	104337.96000684984	268.144
1044	168660.99463813036	104337.95896049682	268.135
1045	168660.966451856	104338.03041824978	268.11400000000003
1046	168660.97442045715	104338.02914872766	268.11
1047	168660.9379498948	104337.98934821784	268.108
1048	168660.87327929266	104337.95760487486	268.091
1049	168660.92316728522	104337.93423763756	268.093
1050	168660.97753450938	104337.82060534973	268.123
1051	168660.939016375	104337.7883982556	268.137
1052	168660.9067195499	104337.77845893241	268.16700000000003
1053	168660.9009331017	104337.767686354	268.17900000000003
1054	168660.88797245175	104337.7351987781	268.20599999999996
1055	168660.84883935112	104337.67518225685	268.23900000000003
1056	168661.11307602454	104337.6431177659	268.29900000000004
1057	168661.59867447228	104337.60238083266	268.347
1058	168662.1924900459	104337.61541617569	268.408
1059	168662.83646673043	104337.52778117638	268.432
1060	168663.5560883182	104337.52828442864	268.462
1061	168664.27526363396	104337.41959639546	268.515
1062	168665.02284820867	104337.41185647249	268.524
1063	168665.75365998753	104337.30673200916	268.525
1064	168666.50945550195	104337.29642596375	268.503
1065	168668.04859149345	104337.15040814783	268.454
1066	168668.79288435806	104337.03142812103	268.457
1067	168669.52097732204	104336.98932433501	268.405
1068	168670.96420728177	104336.87133181002	268.26599999999996
1069	168671.72438819628	104336.83101018146	268.254
1070	168672.4659248601	104336.78561744932	268.189
1071	168673.18533346587	104336.74552266952	268.155
1072	168673.87898355798	104336.69532632083	268.143
1073	168675.35545750047	104336.58839002904	268.08299999999997
1074	168676.05676903724	104336.55657383427	268.086
1075	168676.7404693675	104336.42922390625	267.997
1076	168678.16737850965	104336.25426346716	267.971
1077	168678.91050536456	104336.22982538678	267.971
1078	168679.6131489763	104336.12386170868	267.947
1079	168680.30396478606	104336.06846548896	267.923
1080	168681.02455282718	104335.99741720408	267.89599999999996
1081	168682.4350020828	104335.90563607682	267.862
1082	168683.1411431391	104335.85270439088	267.856
1083	168683.85103827855	104335.84742916562	267.873
1084	168685.24124386924	104335.79951263778	267.888
1085	168685.9039709943	104335.68710562214	267.85400000000004
1086	168686.60864768949	104335.64492135495	267.856
1087	168687.3079709915	104335.50316828676	267.846
1088	168688.0330174149	104335.5159292426	267.857
1089	168689.432222844	104335.4776855046	267.85
1090	168690.12751049577	104335.43509772327	267.811
1091	168690.876520993	104335.39399778936	267.818
1092	168692.36233804998	104335.26707807928	267.801
1093	168693.09803599422	104335.15863780491	267.781
1094	168693.86337043167	104335.07291907445	267.818
1095	168694.60633590256	104335.0269783549	267.848
1096	168695.3562723755	104334.95937275421	267.868
1097	168696.83292473125	104334.9030522732	267.882
1098	168697.54813224322	104334.90817906242	267.903
1099	168698.25974976172	104334.78575064708	267.83099999999996
1100	168699.6750911808	104334.55458440725	267.723
1101	168700.40400762035	104334.515083123	267.716
1102	168701.1168382013	104334.3858002657	267.723
1103	168701.82776463585	104334.39146861993	267.722
1104	168702.54063092193	104334.35283771623	267.711
1105	168703.28162914774	104334.358983499	267.693
1106	168704.00919342146	104334.29852979537	267.647
1107	168704.7387350552	104334.216764302	267.64
1108	168705.47745100516	104334.09535971843	267.715
1109	168706.8308579128	104333.93275267724	267.73400000000004
1110	168707.5188904148	104333.82433099207	267.751
1111	168708.23509623104	104333.78256119508	267.795
1112	168708.95358937175	104333.69908871781	267.82
1113	168709.68461076723	104333.63586731348	267.812
1114	168710.40453032317	104333.51884600148	267.756
1115	168711.1308897372	104333.49657763448	267.758
1116	168711.79989461595	104333.35713036731	267.672
1117	168712.51765170714	104333.34725229256	267.639
1118	168713.22835498417	104333.28173482232	267.63
1119	168713.99747403612	104333.26870202553	267.632
1120	168714.7338845872	104333.1941921264	267.69
1121	168715.41864948085	104333.20292111114	267.702
1122	168716.09714208936	104333.13673376199	267.735
1123	168716.7844570552	104333.09671657532	267.70799999999997
1124	168717.54676404575	104333.02693336643	267.64799999999997
1125	168718.3034272336	104332.93970438931	267.611
1126	168719.04325416783	104332.84036605153	267.548
1127	168719.7647410574	104332.65012580436	267.524
1128	168720.46030263198	104332.53042419441	267.525
1129	168721.18123986485	104332.39468440786	267.538
1130	168721.870403711	104332.30258218199	267.467
1131	168722.50324615135	104332.17079413217	267.444
1132	168723.1614660485	104332.12307400443	267.372
1133	168723.85488095382	104332.00540443137	267.39099999999996
1134	168724.56687039902	104331.9460106371	267.407
1135	168725.2225680908	104331.80503484234	267.492
1136	168725.85433488936	104331.70846589841	267.384
1137	168726.50978817922	104331.63645138126	267.39
1138	168727.19920498095	104331.57364104968	267.413
1139	168727.88336229726	104331.45204617083	267.41200000000003
1140	168728.5729951833	104331.39535438083	267.404
1141	168729.27264513922	104331.29606040847	267.371
1142	168729.97805908936	104331.2138420809	267.372
1143	168730.6683519836	104331.17216882017	267.362
1144	168731.37618076222	104331.07939248625	267.346
1145	168732.08267574452	104330.99402678385	267.339
1146	168732.78110506927	104330.87025856599	267.384
1147	168733.52019229496	104330.81207436044	267.35400000000004
1148	168734.2464277962	104330.69081490394	267.405
1149	168734.9318485995	104330.64875415526	267.339
1150	168735.63027973208	104330.59153834265	267.288
1151	168736.3580089989	104330.55185241345	267.24
1152	168737.11342370513	104330.48167680856	267.242
1153	168737.8865261587	104330.4851605799	267.242
1154	168738.64515851243	104330.47969481163	267.286
1155	168739.35034189737	104330.46254588384	267.355
1156	168740.0585546452	104330.46264829207	267.404
1157	168740.77004254443	104330.44422424491	267.482
1158	168741.51285747273	104330.50803552102	267.504
1159	168742.26185330565	104330.47139196005	267.591
1160	168742.9908046626	104330.45581089798	267.60900000000004
1161	168743.6643761748	104330.3362196954	267.637
1162	168744.3578089563	104330.31420981698	267.68
1163	168745.00646948692	104330.14670191891	267.682
1164	168745.69048267993	104330.06589279603	267.657
1165	168746.35679931735	104329.98094256502	267.66
1166	168746.99662112293	104329.9259302225	267.654
1167	168747.6110163494	104329.93478440121	267.67
1168	168748.30328334894	104329.93983662408	267.649
1169	168749.03339122082	104329.93334420118	267.66700000000003
1170	168749.72025794943	104329.85236034542	267.703
1171	168750.44851092916	104329.79914534744	267.742
1172	168751.83097889717	104329.7215577634	267.73
1173	168752.50163293618	104329.68723289855	267.77099999999996
1174	168753.20322827675	104329.74329884164	267.835
1175	168753.92556696018	104329.68190653529	267.971
1176	168754.59862941407	104329.70580033027	268.027
1177	168755.26795159467	104329.67833021376	268.07
1178	168755.9539921704	104329.69615266565	268.092
1179	168757.34639646596	104329.53184317518	268.039
1180	168758.73319110088	104329.37400248554	268.025
1181	168759.50319550655	104329.2792261159	267.999
1182	168760.231431119	104329.1305408394	268.005
1183	168760.937952217	104329.07150327414	268.026
1184	168761.60612662148	104328.96561342757	268.002
1185	168762.28092994558	104328.9344560299	267.982
1186	168762.97291248472	104328.7519028997	267.95099999999996
1187	168764.38674640295	104328.5448482018	267.907
1188	168765.0769513576	104328.49465155229	267.884
1189	168765.7808331756	104328.44246438239	267.91200000000003
1190	168767.1590393401	104328.3935998166	267.908
1191	168768.62090160884	104328.3522627186	267.925
1192	168769.93658596126	104328.20232910663	267.97700000000003
1193	168770.56406071072	104328.07627455425	267.99
1194	168771.21426783953	104328.00906684715	267.994
1195	168771.8786589239	104327.9309721021	267.968
1196	168772.58775518724	104327.8832535278	267.978
1197	168773.98748171589	104327.76606137305	268.075
1198	168775.35867872112	104327.68269304093	268.14099999999996
1199	168776.69160258438	104327.5652641682	268.291
1200	168777.34029476036	104327.55644705798	268.297
1201	168777.90989998836	104327.45855107345	268.35400000000004
1202	168778.48129820137	104327.45817228686	268.307
1203	168779.1498961561	104327.40048539545	268.35200000000003
1204	168780.42989446674	104327.39168836642	268.469
1205	168781.03883218183	104327.3308235053	268.46299999999997
1206	168781.61588919046	104327.34362727776	268.51
1207	168782.96374098473	104327.24015668593	268.492
1208	168783.63631433467	104327.16765395924	268.46299999999997
1209	168784.2857839246	104327.17422714457	268.457
1210	168784.88749571578	104327.07292382419	268.525
1211	168785.47872509767	104327.0112549765	268.54900000000004
1212	168786.7697399745	104326.81266781315	268.528
1213	168787.4387786265	104326.76480876375	268.578
1214	168788.0053658524	104326.71343393251	268.64599999999996
1215	168789.18916462196	104326.58101806231	268.755
1216	168789.85002200058	104326.52738338616	268.76599999999996
1217	168790.48062768884	104326.42358812876	268.811
1218	168791.0907834807	104326.38794066384	268.80400000000003
1219	168791.80264125732	104326.36600253638	268.83099999999996
1220	168793.18579711457	104326.19573734608	268.829
1221	168793.86055568856	104326.07708365284	268.901
1222	168794.530022183	104325.9758370975	268.976
1223	168795.90752465848	104325.92456754483	268.965
1224	168796.5918878797	104325.84599081893	268.941
1225	168797.34855699266	104325.82458365057	268.867
1226	168797.98762958747	104325.74658746831	268.83299999999997
1227	168798.52278753396	104325.70882016141	268.803
1228	168799.68231907656	104325.61506505217	268.906
1229	168800.2687269681	104325.6056583263	268.965
1230	168800.81817121463	104325.52827042434	269.02099999999996
1231	168802.1356810101	104325.33348893188	269.077
1232	168802.80633793297	104325.298614298	269.086
1233	168803.473165889	104325.20403322298	269.126
1234	168804.1237675288	104325.19318698999	269.09
1235	168804.82966835744	104325.17512242217	269.17
1236	168806.12788269058	104325.09150224924	269.2
1237	168806.7723890339	104325.02316632029	269.2
1238	168807.4269587629	104324.96617458109	269.231
1239	168808.00563893077	104324.85700585693	269.27
1240	168808.6343948638	104324.7721151067	269.295
1241	168809.25646785102	104324.66124720033	269.33099999999996
1242	168809.81738310086	104324.70069153234	269.4
1243	168810.35748670815	104324.64273643028	269.407
1244	168810.88883260256	104324.64073546696	269.437
1245	168811.47483967568	104324.54364301916	269.502
1246	168812.14017162306	104324.56881427299	269.558
1247	168812.7725695339	104324.42924938817	269.569
1248	168813.46332821524	104324.35737135727	269.548
1249	168814.17900987103	104324.2965196995	269.53700000000003
1250	168814.8646520786	104324.25947538763	269.567
1251	168815.54640477017	104324.3132543331	269.606
1252	168816.21750106465	104324.28857896198	269.626
1253	168816.87718951548	104324.29630482756	269.633
1254	168817.53890528894	104324.23544678092	269.586
1255	168818.20854681102	104324.2521065902	269.54400000000004
1256	168818.84497645704	104324.18207492493	269.487
1257	168819.52029253152	104324.17409935035	269.54200000000003
1258	168820.15247075888	104324.0962666655	269.58
1259	168820.78506502823	104324.03511988837	269.619
1260	168821.4230941131	104324.01663033664	269.689
1261	168822.05613745173	104323.96290057898	269.741
1262	168822.69477012893	104323.9418179905	269.827
1263	168823.29386665887	104323.84088047594	269.884
1264	168823.95407418386	104323.86974258721	269.939
1265	168824.58790087118	104323.72962805908	269.914
1266	168825.23874703742	104323.75030017924	269.942
1267	168825.85689720273	104323.67297432572	269.933
1268	168826.48400970813	104323.7158078244	269.947
1269	168827.16552341907	104323.70322076976	270.003
1270	168827.75962953927	104323.66844723746	270.01
1271	168828.4165037201	104323.59867496602	270.002
1272	168829.12054674636	104323.50163441524	270.033
1273	168829.84326758448	104323.43358007725	270.085
1274	168830.53786611848	104323.31833864655	270.182
1275	168831.21438874747	104323.33873226587	270.19599999999997
1276	168831.88225356283	104323.25361292344	270.205
1277	168832.57631901966	104323.22123547271	270.149
1278	168833.25620701653	104323.19789126981	270.137
1279	168833.88618262688	104323.10448030848	270.137
1280	168834.5567912497	104323.04995906446	270.149
1281	168835.20818982006	104322.98239269666	270.178
1282	168835.90861979793	104322.99860837776	270.257
1283	168836.52795514162	104322.85566287674	270.246
1284	168837.15629634992	104322.78727300372	270.32
1285	168837.74708773254	104322.71541243047	270.334
1286	168838.3563697876	104322.7250004271	270.344
1287	168838.9812914154	104322.71554994956	270.366
1288	168839.6454336259	104322.70772247855	270.363
1289	168840.28169832213	104322.71740692575	270.408
1290	168840.89263700033	104322.629119589	270.471
1291	168841.5260394413	104322.54146858864	270.438
1292	168842.13995953172	104322.35049057472	270.485
1293	168842.7763050947	104322.30419033673	270.47900000000004
1294	168843.41904596327	104322.19784932211	270.471
1295	168844.06378857614	104322.19681232609	270.487
1296	168844.69843184744	104322.26117911562	270.49
1297	168845.33258526216	104322.29625393171	270.481
1298	168845.96252971777	104322.41158407461	270.562
1299	168846.5924712598	104322.32781434897	270.621
1300	168847.27914492285	104322.26834672783	270.718
1301	168847.9305396934	104322.10197346658	270.754
1302	168848.61774376617	104322.0271212291	270.742
1303	168849.27843644092	104321.88673474826	270.724
1304	168849.95929831246	104321.82372448407	270.702
1305	168850.6325961679	104321.68190009333	270.687
1306	168851.21191009248	104321.59535491373	270.69
1307	168851.83780925308	104321.47857344523	270.688
1308	168852.45095512824	104321.40475508664	270.762
1309	168853.02154445878	104321.39807847887	270.814
1310	168853.66878338	104321.29713082965	270.841
1311	168854.94921191534	104321.10167397931	270.873
1312	168855.64159340278	104321.04167166818	270.892
1313	168856.3339748902	104320.98166935705	
1314	168856.98045620433	104320.92564479016	
1315	168857.62693751845	104320.86962022327	
1316	168858.27341883257	104320.81359565638	
1317	168858.9199001467	104320.75757108949	
1318	168859.5663814608	104320.7015465226	
1319	168860.21286277493	104320.64552195571	
1320	168860.85934408905	104320.58949738882	
1321	168861.50582540318	104320.53347282193	
1322	168862.1523067173	104320.47744825504	
1323	168862.79878803142	104320.42142368815	
1324	168863.44526934554	104320.36539912126	
1325	168864.09175065966	104320.30937455437	
1326	168933.34789723923	104311.3164075017	271.418
1327	168933.30383901307	104311.2715726085	271.438
1328	168933.27147681694	104311.24680085666	271.453
1329	168933.18971464614	104311.20831918903	271.486
1330	168933.218975141	104311.16986466479	271.506
1331	168933.45770038693	104311.12604327593	271.507
1332	168934.5888669821	104311.05464720353	271.58
1333	168935.33915119915	104311.0577072408	271.597
1334	168936.07304137506	104310.95856330078	271.623
1335	168937.42727245577	104310.73558367323	271.638
1336	168938.12672769497	104310.72567055468	271.632
1337	168938.862287129	104310.72459990531	271.60400000000004
1338	168939.5777263177	104310.69917221833	271.618
1339	168940.264142803	104310.67901664134	271.643
1340	168941.6215261407	104310.53835885879	271.70599999999996
1341	168942.24781702645	104310.44587447494	271.7
1342	168942.8782362343	104310.39548661187	271.747
1343	168944.22019605504	104310.31298404187	271.827
1344	168944.9230657936	104310.17961985338	271.816
1345	168945.63922906376	104310.11804615147	271.812
1346	168946.35134039362	104310.02624079492	271.881
1347	168947.09081617426	104309.9606725052	271.913
1348	168948.526864278	104309.827343137	271.94599999999997
1349	168949.22187604115	104309.76384023577	272.027
1350	168949.8918224371	104309.66280040424	272.024
1351	168951.2338189931	104309.47073915787	272.052
1352	168951.87634767813	104309.39147626236	272.09
1353	168952.5178461873	104309.2349055782	272.086
1354	168953.19365442218	104309.12350582238	272.177
1355	168953.7666847138	104308.93387707975	272.187
1356	168955.1048372925	104308.75311130658	272.16700000000003
1357	168956.4631453969	104308.58687796816	272.075
1358	168957.89104887066	104308.43776447047	272.108
1359	168958.54987957832	104308.28755969182	272.129
1360	168959.2184766721	104308.23137857392	272.211
1361	168960.480101718	104308.01103858463	272.195
1362	168961.88462092337	104307.81976058707	272.086
1363	168962.5897629746	104307.71588258445	271.966
1364	168963.32791511784	104307.6549463477	271.952
1365	168964.68242469628	104307.48740381002	271.88
1366	168965.35059640656	104307.41731830873	271.89599999999996
1367	168965.98864203776	104307.22940735146	271.933
1368	168966.65196156537	104307.15337237902	271.885
1369	168967.283397061	104306.98564444762	271.806
1370	168967.98872420224	104306.92959631328	271.724
1371	168968.68920179023	104306.86685711332	271.71299999999997
1372	168969.38608705747	104306.77833705395	271.653
1373	168970.0880916015	104306.68761088513	271.656
1374	168971.15477100678	104306.60041898768	271.829
1375	168971.78964991082	104306.49999751989	271.827
1376	168972.4563895033	104306.49775747396	271.816
1377	168973.11095179105	104306.54330225661	271.91700000000003
1378	168973.73783110792	104306.55204211362	271.988
1379	168974.35450520465	104306.55592546798	272.01599999999996
1380	168974.99902337053	104306.48557084147	272.08099999999996
1381	168975.6672579535	104306.46424225252	272.061
1382	168976.3374550027	104306.35986979771	272.036
1383	168977.04948314666	104306.25842841994	271.991
1384	168977.69466497842	104306.16879681032	271.97900000000004
1385	168978.35462457905	104306.10164955072	271.985
1386	168979.0028074228	104306.00387208723	272.001
1387	168979.61245285432	104305.9128153678	272.017
1388	168980.2712540821	104305.93650122546	272.062
1389	168980.92206870034	104305.83409890626	272.051
1390	168981.58855369687	104305.80349569488	272.08099999999996
1391	168982.28763657992	104305.66585907154	272.091
1392	168982.99625976785	104305.55272721313	272.078
1393	168983.7102063828	104305.41366113536	272.027
1394	168984.42465600296	104305.36617552768	271.999
1395	168985.15788506283	104305.21994905733	271.969
1396	168985.93051632732	104305.05792146921	271.92
1397	168986.6908926496	104304.93218476232	271.969
1398	168987.38779047396	104304.84033024404	272.014
1399	168988.1089207275	104304.78619540017	272.03700000000003
1400	168988.81835182905	104304.71292428952	272.028
1401	168989.5257478094	104304.67672229838	271.978
1402	168990.13978515065	104304.52135512605	271.932
1403	168990.84342468166	104304.37279849127	271.934
1404	168991.49135328355	104304.14747902658	271.925
1405	168992.19057174478	104304.03839298245	271.839
1406	168992.91102958642	104303.87376887724	271.843
1407	168993.67473474235	104303.78104308713	271.828
1408	168994.379374508	104303.68495354243	271.82
1409	168995.04773262737	104303.59633428231	271.77299999999997
1410	168995.78277298875	104303.50851103105	271.849
1411	168996.49409603004	104303.40503053088	271.861
1412	168997.22641584126	104303.31349006202	271.80400000000003
1413	168997.95168767573	104303.19856625143	271.845
1414	168998.68867667767	104303.09777369257	271.9
1415	168999.4013587032	104302.98002407979	271.94
1416	169000.1662866682	104302.97702836432	271.998
1417	169000.8490514881	104302.81579202414	272.077
1418	169001.57415543924	104302.74758429825	272.069
1419	169002.20926460554	104302.55039805174	272.043
1420	169002.89962301028	104302.39308230765	272.003
1421	169003.6043801706	104302.19837133959	271.952
1422	169004.32159670372	104302.07581877429	271.923
1423	169005.015251491	104301.9274134878	271.83099999999996
1424	169005.79440648673	104301.83567193244	271.83099999999996
1425	169006.5495753993	104301.80298095383	271.911
1426	169007.27164734234	104301.78463077825	271.96299999999997
1427	169007.9881739094	104301.75476708077	271.969
1428	169008.67250680877	104301.68641362526	271.97700000000003
1429	169009.37264846492	104301.65130046941	271.972
1430	169010.0215688626	104301.51404314768	271.978
1431	169010.7249534297	104301.50267069973	271.98
1432	169011.34040149173	104301.35194560234	271.938
1433	169012.02908374282	104301.26414315589	271.899
1434	169012.62370149925	104301.1213146504	271.91200000000003
1435	169013.29732975774	104301.02177913953	271.892
1436	169014.0065951833	104300.86267907545	271.86400000000003
1437	169014.693855717	104300.74057623744	271.82099999999997
1438	169015.42444602482	104300.66738484893	271.877
1439	169016.13499658272	104300.58058855496	271.895
1440	169016.87757387394	104300.54562914744	271.96299999999997
1441	169017.5741810238	104300.46879346762	272.005
1442	169018.30412843137	104300.4421309689	272.01
1443	169018.9973365326	104300.35193575546	272.048
1444	169019.71760830368	104300.3054027753	272.04
1445	169020.39785250628	104300.15120438114	272.10400000000004
1446	169021.09558151255	104299.99391753972	272.082
1447	169021.76137678098	104299.82502214424	272.01
1448	169022.45325002546	104299.6764273392	271.96299999999997
1449	169023.89685075378	104299.39465484489	271.916
1450	169025.3114348456	104299.18248176109	271.967
1451	169025.9979112494	104299.11321135517	272.038
1452	169026.66382164758	104298.94542927854	271.975
1453	169027.3382605038	104298.88501401152	271.959
1454	169028.0337220945	104298.7963111531	271.938
1455	169028.73900159352	104298.78698711935	271.894
1456	169029.4237271499	104298.74181047175	271.849
1457	169030.80093668358	104298.7415808998	271.842
1458	169031.42981355533	104298.72401057929	271.876
1459	169032.7795996428	104298.6150490474	271.966
1460	169033.38411756454	104298.52898534574	271.972
1461	169033.97764637313	104298.39171676803	271.99
1462	169034.62479277514	104298.31822737586	271.98
1463	169035.265031689	104298.11642902344	271.969
1464	169035.90594303294	104297.99193735048	271.971
1465	169037.17034307081	104297.7947983304	271.971
1466	169037.85343681098	104297.70772062428	272.02
1467	169038.46943294504	104297.60316069424	272.097
1468	169039.6284492434	104297.29255962837	272.156
1469	169040.25940524865	104297.22587169427	272.184
1470	169040.88723204558	104297.13692674879	272.155
1471	169041.54085282687	104297.11407074425	272.17900000000003
1472	169042.2028285227	104297.01579457708	272.192
1473	169043.50757342845	104296.90426346194	272.103
1474	169044.178737267	104296.82919337787	272.005
1475	169044.86659604055	104296.7063550828	272.01099999999997
1476	169046.18737323504	104296.43415648304	272.009
1477	169046.8463322957	104296.24948214181	272.01099999999997
1478	169047.54498603512	104296.13280071225	271.997
1479	169048.23409458718	104295.96009968314	271.967
1480	169048.92801888788	104295.9023527652	272.019
1481	169050.1602317311	104295.69824165758	272.026
1482	169050.80930743323	104295.58434798382	272.053
1483	169051.44349378502	104295.54492414091	272.003
1484	169052.72930155843	104295.54270221107	271.969
1485	169053.40007753423	104295.5093427794	271.932
1486	169054.07868432134	104295.41409418918	272.001
1487	169054.7833942199	104295.36509988084	272.025
1488	169055.46411123325	104295.27801587526	272.04200000000003
1489	169056.84095137916	104295.08388246875	272.091
1490	169057.50706237755	104295.0256655803	272.087
1491	169058.14194317948	104294.8926272802	272.115
1492	169059.49321711066	104294.70118306018	272.215
1493	169060.16895592475	104294.6101886807	272.242
1494	169060.83610127808	104294.46299271844	272.251
1495	169061.5392798681	104294.34429026209	272.219
1496	169062.25146026723	104294.23451870214	272.245
1497	169063.7008806671	104294.02099851333	272.279
1498	169064.4020299469	104293.9046990741	272.277
1499	169065.0983061654	104293.82119470462	272.27
1500	169066.49057945347	104293.66567890067	272.289
1501	169067.13716580984	104293.51711186115	272.29400000000004
1502	169067.8236325735	104293.48381089047	272.28
1503	169068.50335695804	104293.40840402246	272.286
1504	169069.22727929798	104293.40471412148	272.38599999999997
1505	169069.82711217494	104293.36553923786	272.494
1506	169070.4770897575	104293.29836741835	272.535
1507	169071.1777339576	104293.15741128568	272.524
1508	169071.8250425612	104293.07224797178	272.501
1509	169073.20054905032	104292.95152516104	272.58
1510	169073.88368391054	104292.88632729277	272.543
1511	169074.5309071922	104292.79189491272	272.586
1512	169075.2065948007	104292.81398511119	272.60200000000003
1513	169075.90000849045	104292.73325255048	272.70099999999996
1514	169076.56592118574	104292.73009570967	272.70099999999996
1515	169077.24567152784	104292.61464760639	272.738
1516	169077.96209830276	104292.57997308671	272.819
1517	169078.64452104198	104292.48158993106	272.853
1518	169079.89243396284	104292.24250529148	272.855
1519	169080.44593836003	104292.12919697724	272.845
1520	169081.07552098247	104292.01523660775	272.855
1521	169081.6661209468	104291.86665450316	272.876
1522	169082.2989629515	104291.83761087246	272.957
1523	169082.85980438296	104291.73341302387	273.038
1524	169083.47835257748	104291.7454726426	273.08099999999996
1525	169084.09667676548	104291.72082594503	273.126
1526	169084.67536836187	104291.7427523369	273.16900000000004
1527	169085.29498772896	104291.62282425631	273.153
1528	169085.9507627245	104291.62908643857	273.171
1529	169086.58812373722	104291.59950350318	273.159
1530	169087.2382604549	104291.55420935899	273.204
1531	169087.89158314877	104291.5154151665	273.22
1532	169088.54488947048	104291.44825759158	273.279
1533	169089.19351511647	104291.39350375813	273.373
1534	169089.83114256512	104291.1915171817	273.405
1535	169090.47953700944	104291.0362857813	273.462
1536	169091.07263594624	104290.85415966157	273.425
1537	169091.718626423	104290.87076857872	273.431
1538	169092.38074578054	104290.79900878109	273.48900000000003
1539	169093.0312020083	104290.79691044334	273.45099999999996
1540	169093.66510073203	104290.70576911606	273.499
1541	169094.2592764619	104290.6204165034	273.496
1542	169094.85214601437	104290.53468847275	273.557
1543	169095.4941619313	104290.43412223645	273.526
1544	169096.181375993	104290.39155855589	273.58299999999997
1545	169096.83401065314	104290.28009334579	273.539
1546	169097.46886027328	104290.25476642046	273.557
1547	169098.0532382654	104290.11765731312	273.513
1548	169098.718550033	104290.08354234137	273.584
1549	169099.25899218922	104289.93385395408	273.58299999999997
1550	169099.78467613953	104289.88792602811	273.582
1551	169100.2077374235	104289.8199374564	273.574
1552	169100.5198473079	104289.73208268546	273.626
1553	169100.7856647745	104289.72451621853	273.66900000000004
1554	169100.81756178944	104289.68051069975	273.69
1555	169100.83231493414	104289.7096689716	273.67900000000003
1556	169100.85894093403	104289.77557574864	273.702
1557	169100.8764119329	104289.80919301137	273.70099999999996
1558	169100.8826526898	104289.89133967552	273.72900000000004
1559	169100.91861063853	104289.94059584197	273.752
1560	169100.9602125379	104290.00692753308	273.789
1561	169100.98968709193	104290.04114433937	273.801
1562	169101.0266044595	104290.05518145114	273.857
1563	169100.96893406712	104289.99472387508	273.881
1564	169100.95707281964	104289.88901340682	273.933
1565	169100.9741612711	104289.76542558987	273.96299999999997
1566	169100.90949403722	104289.73330612108	273.964
1567	169100.92243581335	104289.83605438378	273.994
1568	169100.98901319038	104289.8987687435	274.024
1569	169101.00996036545	104289.8586166501	274.043
1570	169100.98298558118	104289.7576714633	274.051
1571	169100.95264251533	104289.60202649143	274.019
1572	169100.9359005932	104289.62977321725	274.069
1573	169100.82716544755	104289.7202171078	274.068
1574	169100.8121359236	104289.73462254275	274.085
1575	169100.90887222116	104289.7409045212	274.133
1576	169100.93844199058	104289.94604361616	274.194
1577	169102.3797953158	104295.0872557452	274.402
1578	169102.46442632232	104294.95668227132	274.459
1579	169102.5309091001	104295.04553513508	274.467
1580	169102.61951318305	104295.13113111444	274.498
1581	169102.61409177768	104295.15113273636	274.531
1582	169102.60848425375	104295.15685928892	274.556
1583	169102.45245135884	104295.11254499666	274.596
1584	169102.10640481577	104295.18396335095	274.59
1585	169101.57503787376	104295.12512982916	274.578
1586	169100.9661102987	104295.21395053249	274.566
1587	169100.28384030276	104295.27006433252	274.54
1588	169098.8697190325	104295.4188185269	274.527
1589	169098.12816198936	104295.46711761598	274.478
1590	169097.42966358727	104295.50760105066	274.41700000000003
1591	169096.04562289472	104295.6216129791	274.328
1592	169095.3415443447	104295.72603321355	274.341
1593	169094.6295666032	104295.87825347017	274.336
1594	169093.90136871368	104295.88099753112	274.29900000000004
1595	169093.21095216856	104296.02050457243	274.264
1596	169091.75617739797	104296.23529500887	274.168
1597	169091.0199340405	104296.29343952611	274.116
1598	169090.30207650387	104296.39521528967	274.01099999999997
1599	169088.80882959053	104296.63155716937	273.805
1600	169088.09581219347	104296.74261980783	273.762
1601	169087.41113903341	104296.87176697794	273.723
1602	169086.71002079174	104296.94653797802	273.73
1603	169086.02580743405	104297.0471382048	273.763
1604	169084.6039034436	104297.24462347757	273.72700000000003
1605	169083.88285919157	104297.37308356818	273.709
1606	169083.1472911138	104297.44179837592	273.723
1607	169081.72368602775	104297.61666170787	273.686
1608	169080.95772464937	104297.77387949731	273.594
1609	169080.17719255554	104297.88432858046	273.599
1610	169079.47085121708	104298.08884887863	273.552
1611	169078.7166245547	104298.15657000523	273.555
1612	169077.27041398775	104298.30428716633	273.47
1613	169076.55201487485	104298.39160306007	273.368
1614	169075.81527605804	104298.42249678727	273.275
1615	169075.12444031046	104298.48080747947	273.172
1616	169074.39073582765	104298.52728442755	273.029
1617	169073.66751010687	104298.60160656646	272.995
1618	169072.981489718	104298.67606312968	273.003
1619	169072.2403713683	104298.73474880215	272.988
1620	169071.51792732358	104298.85597562976	272.96299999999997
1621	169070.7898827726	104298.94807741232	272.957
1622	169070.04842186143	104299.10167759098	272.964
1623	169069.2948642603	104299.21463561151	272.933
1624	169068.586838646	104299.4248981094	272.832
1625	169067.81204301087	104299.49402959924	272.809
1626	169067.07379032898	104299.64801253658	272.73900000000003
1627	169066.3114918167	104299.71274019033	272.709
1628	169065.5776954866	104299.85061120894	272.645
1629	169064.83431937077	104299.94210233353	272.586
1630	169064.1536077254	104300.09369799122	272.52
1631	169063.45163723658	104300.2072137706	272.481
1632	169062.75579052526	104300.30369662307	272.47900000000004
1633	169062.06206337444	104300.4057486672	272.45799999999997
1634	169061.38154651498	104300.50339930598	272.53700000000003
1635	169060.7446781502	104300.66034428403	272.561
1636	169060.04669949145	104300.72178265732	272.553
1637	169059.32432306607	104300.7914752774	272.498
1638	169058.58731855606	104300.76434596721	272.468
1639	169057.8730536799	104300.85909457784	272.39099999999996
1640	169057.1670137106	104300.88157408591	272.312
1641	169056.413472857	104300.95708689466	272.217
1642	169055.658155042	104301.03092496283	272.192
1643	169054.92941927022	104301.11709421594	272.124
1644	169054.19990747003	104301.22068664897	272.091
1645	169053.48678875828	104301.29430646822	272.1
1646	169052.76791044895	104301.34992358927	272.03
1647	169052.05469377065	104301.38479847275	272.033
1648	169051.33735113256	104301.50901255663	272.017
1649	169050.63582127597	104301.59935890883	272.078
1650	169049.9924809588	104301.80411032587	272.04
1651	169049.3155813125	104301.88768654503	272.131
1652	169048.7100762464	104302.04975137115	272.135
1653	169048.09492619464	104302.05161168985	272.091
1654	169047.43596936355	104302.16991922632	272.063
1655	169046.7742813009	104302.28747547232	272.031
1656	169046.06474879247	104302.38854571711	271.993
1657	169045.34758086628	104302.46437661443	271.974
1658	169044.6037696207	104302.47893559746	271.94
1659	169043.8950111935	104302.56313918345	271.968
1660	169043.14210461662	104302.59472069796	271.971
1661	169042.43794193742	104302.6900639534	272.01
1662	169041.75547932409	104302.70113683864	272.02099999999996
1663	169041.11263647355	104302.83396301605	271.999
1664	169040.4503010452	104302.86735442281	272.012
1665	169039.77623244238	104302.95705966279	271.916
1666	169039.08081066984	104303.0018256586	271.913
1667	169038.4112629995	104303.1234330209	271.908
1668	169037.71634340243	104303.19378368091	271.938
1669	169037.02454232925	104303.3223555265	271.899
1670	169036.36484932783	104303.44715014752	271.895
1671	169035.06560869873	104303.64805683494	271.878
1672	169034.406524145	104303.76896087918	271.926
1673	169033.74379218055	104303.84647253715	271.944
1674	169032.3734608322	104303.95053987578	271.926
1675	169031.65752741066	104303.98077317607	271.879
1676	169030.96813664693	104304.10027079005	271.822
1677	169030.26666358678	104304.14205003623	271.82
1678	169029.57314659568	104304.21908055898	271.809
1679	169028.17682101848	104304.31267396826	271.68
1680	169027.5052837339	104304.3927500369	271.668
1681	169026.81050401778	104304.45735579822	271.7
1682	169025.34437316333	104304.62522198912	271.784
1683	169024.6543108203	104304.73322434165	271.715
1684	169023.9276908624	104304.72727076709	271.608
1685	169023.24383824877	104304.76132836193	271.587
1686	169022.56291449582	104304.74126513489	271.56
1687	169021.20580250616	104304.8385238368	271.508
1688	169020.52900328478	104304.96047811117	271.462
1689	169019.87918609704	104305.04971705377	271.47
1690	169018.5661667158	104305.28116615955	271.443
1691	169017.89919075844	104305.38202261738	271.399
1692	169017.2534265587	104305.50112292916	271.436
1693	169016.5886422214	104305.55452972744	271.53
1694	169015.89166647627	104305.63488645852	271.47700000000003
1695	169015.1660764003	104305.6400606921	271.522
1696	169014.44142153749	104305.74868138693	271.64799999999997
1697	169013.76175480822	104305.77571076993	271.718
1698	169013.0867308746	104305.89989696443	271.725
1699	169012.3522887753	104305.95360973291	271.686
1700	169011.6288701627	104306.08207110409	271.694
1701	169010.95627035043	104306.1932895733	271.659
1702	169010.27569182604	104306.30855781585	271.671
1703	169009.56915145318	104306.37126969825	271.694
1704	169008.79445422447	104306.38053187821	271.622
1705	169008.00712205828	104306.46556982491	271.567
1706	169007.31647770578	104306.50423958339	271.65
1707	169006.6837411928	104306.63673553709	271.535
1708	169006.01498967523	104306.66955201793	271.575
1709	169005.3330222701	104306.774434519	271.561
1710	169004.64206421873	104306.83423701208	271.613
1711	169003.98853148925	104306.96517542098	271.53
1712	169002.65541881497	104307.06604746077	271.33799999999997
1713	169001.98827532446	104307.08144435566	271.376
1714	169000.5296880599	104307.13533479255	271.459
1715	168999.81855212338	104307.18690854404	271.502
1716	168999.15258256698	104307.30556762591	271.60400000000004
1717	168998.57112614345	104307.35872022342	271.647
1718	168997.94936988325	104307.51201946009	271.681
1719	168997.30273459418	104307.57606070489	271.598
1720	168996.6604613454	104307.74930753466	271.541
1721	168995.98952641044	104307.89353183378	271.52299999999997
1722	168995.31541744253	104308.02791957464	271.53
1723	168993.91943767678	104308.25722266454	271.563
1724	168993.23870937427	104308.34820755012	271.541
1725	168992.5583803501	104308.42732953094	271.51599999999996
1726	168991.20942751074	104308.60304171406	271.572
1727	168990.5568071981	104308.777920519	271.526
1728	168989.84334989716	104308.94627774227	271.58299999999997
1729	168989.22122973762	104309.13479921967	271.676
1730	168988.6460552978	104309.15998284798	271.824
1731	168987.45493545977	104309.40856218245	271.77
1732	168986.8217643093	104309.52993603889	271.748
1733	168986.20628243953	104309.59130988177	271.822
1734	168984.8343996294	104309.69779389631	271.807
1735	168984.12578999298	104309.77421998046	271.861
1736	168983.43917060498	104309.91690645088	271.876
1737	168982.76041221694	104309.955992884	271.91900000000004
1738	168982.09759824272	104310.02368547954	271.85400000000004
1739	168981.41662071345	104310.05182658974	271.8
1740	168980.70711716553	104310.14549041912	271.782
1741	168980.0240676006	104310.2540799249	271.795
1742	168979.3546807065	104310.39775574394	271.802
1743	168978.65764355165	104310.5617243005	271.80400000000003
1744	168977.99188664547	104310.75379796326	271.877
1745	168977.2805606277	104310.89157654718	271.893
1746	168976.535688314	104310.97028334066	271.981
1747	168975.84515567846	104311.07736345008	272.053
1748	168975.1529043208	104311.13345750794	272.061
1749	168974.46822482615	104311.23258740548	272.02099999999996
1750	168973.75799771032	104311.32921567094	271.95599999999996
1751	168973.0337214231	104311.46527987998	271.89799999999997
1752	168972.26670812577	104311.55280607566	271.949
1753	168971.56331912806	104311.6982145859	271.995
1754	168970.88531686636	104311.72544082347	271.95599999999996
1755	168970.24012384657	104311.8184100911	271.866
1756	168969.6103867377	104311.84432676435	271.759
1757	168968.98898198732	104311.90011988208	271.693
1758	168968.31388115327	104311.91382400785	271.61400000000003
1759	168967.6741453012	104311.94359802175	271.64799999999997
1760	168967.0160857701	104312.01149495225	271.697
1761	168966.32909776754	104312.09152330179	271.742
1762	168965.63468629096	104312.25272227172	271.836
1763	168964.97867058875	104312.34732175991	271.907
1764	168964.33099035863	104312.5040541226	271.93
1765	168963.63275856202	104312.50432832632	271.938
1766	168962.95937069933	104312.57068768516	271.871
1767	168962.20585377063	104312.60728381574	271.822
1768	168961.460517537	104312.71602289844	271.752
1769	168960.0318242975	104312.85363893304	271.765
1770	168958.60742918373	104313.15162595082	271.634
1771	168957.22241338663	104313.37393354531	271.687
1772	168956.53897840317	104313.45768354647	271.625
1773	168955.85184594232	104313.544942623	271.625
1774	168955.1570014197	104313.69446236268	271.628
1775	168954.4121817211	104313.75871268194	271.632
1776	168952.89165106448	104313.88320979197	271.405
1777	168952.15840814757	104314.03388983663	271.423
1778	168951.43702916912	104314.09155092761	271.488
1779	168950.04011032332	104314.25227097329	271.527
1780	168949.35097231506	104314.40162656736	271.502
1781	168948.62251763546	104314.50987186749	271.428
1782	168947.90745500012	104314.62928820029	271.422
1783	168947.18550959535	104314.7123451326	271.393
1784	168946.42699627555	104314.84958785307	271.319
1785	168945.67805627495	104314.93588504381	271.29900000000004
1786	168944.97842326894	104315.028662147	271.244
1787	168944.25819049493	104315.13137608021	271.202
1788	168942.82252688584	104315.32365935948	271.327
1789	168942.13298112867	104315.38792422507	271.369
1790	168941.45298502332	104315.50728178676	271.363
1791	168940.71030136035	104315.57265398	271.346
1792	168939.98845379852	104315.66164446063	271.252
1793	168939.24996260094	104315.6517669214	271.13599999999997
1794	168938.52896100178	104315.77005093824	271.194
1795	168937.8205262284	104315.83128254395	271.253
1796	168937.1498050103	104316.0161136454	271.36
1797	168936.42795948224	104316.1377317952	271.406
1798	168935.73811215596	104316.31934302952	271.469
1799	168935.0150561111	104316.44707462844	271.395
1800	168934.29200006623	104316.57480622735	
1801	168931.64344312533	104317.04268754205	
1802	168928.99488618443	104317.51056885676	
1803	168926.34632924353	104317.97845017146	
1804	168923.69777230264	104318.44633148616	
1805	168921.04921536174	104318.91421280087	
1806	168918.40065842084	104319.38209411557	
1807	168915.75210147994	104319.84997543028	
1808	168913.10354453904	104320.31785674498	
1809	168910.45498759815	104320.78573805968	
1810	168907.80643065725	104321.25361937439	
1811	168905.15787371635	104321.72150068909	
1812	168902.50931677545	104322.1893820038	
1813	168844.47463026884	104325.7192323301	270.51099999999997
1814	168844.47463026884	104325.7192323301	270.51099999999997
1815	168844.4758691894	104325.70514774136	270.524
1816	168844.46671450787	104325.70567122847	270.541
1817	168844.46754921653	104325.70493267942	270.564
1818	168844.43407507119	104325.72520525474	270.584
1819	168844.23619888414	104325.78104079887	270.598
1820	168843.73277886395	104325.75199390762	270.62
1821	168843.11911318707	104325.83841737453	270.665
1822	168842.49305401644	104325.8669576142	270.704
1823	168841.8147188511	104325.88826696854	270.688
1824	168841.11748491914	104325.84258621372	270.654
1825	168840.42613860714	104325.84586731996	270.624
1826	168839.7068349388	104325.85572254937	270.52
1827	168838.98586714658	104325.86557193846	270.498
1828	168837.4840584578	104325.94178430829	270.383
1829	168836.03309204246	104326.06063079927	270.339
1830	168835.3076658701	104326.15407193452	270.233
1831	168834.54093134002	104326.16468565911	270.194
1832	168833.7888996709	104326.25228531007	270.155
1833	168833.04367465226	104326.26445899159	270.164
1834	168832.3095600953	104326.36102105211	270.07
1835	168831.54863352483	104326.3762904536	270.078
1836	168830.80452037486	104326.47671009786	270.04400000000004
1837	168830.0692596711	104326.49466654751	270.043
1838	168828.60347627394	104326.60196858831	270.10900000000004
1839	168827.9219647882	104326.68073672242	270.111
1840	168827.23552437013	104326.74169073906	270.10900000000004
1841	168825.82457271282	104326.87291783001	270.073
1842	168825.10817881965	104326.86684258562	270.107
1843	168824.3844363206	104326.88817774225	270.157
1844	168823.64520026962	104326.92095144931	270.145
1845	168822.94112876809	104326.99278071802	270.02
1846	168821.46671737274	104326.98622963578	269.892
1847	168820.755632199	104326.95811347477	269.867
1848	168820.0388044042	104327.07383313589	269.871
1849	168818.63014647854	104327.19524508435	269.738
1850	168817.9108417241	104327.27221143898	269.699
1851	168817.1900069281	104327.41164607089	269.642
1852	168816.498226349	104327.5035411967	269.657
1853	168815.80233301967	104327.58207428176	269.58299999999997
1854	168815.07266257462	104327.6658632243	269.556
1855	168814.34769195385	104327.69831827562	269.547
1856	168813.62929531996	104327.75396955572	269.503
1857	168812.90227884566	104327.72672461718	269.427
1858	168812.2059266042	104327.76725329459	269.279
1859	168811.46596893788	104327.76906738896	269.21
1860	168810.7300838832	104327.86228926852	269.164
1861	168809.97401588195	104327.84847414773	269.117
1862	168809.22859385054	104327.94944830053	269.084
1863	168808.4532094786	104327.9524343526	269.10900000000004
1864	168807.71981468867	104328.0139652444	269.01
1865	168806.944753927	104328.0262217531	268.959
1866	168806.21543757248	104328.0773859974	268.916
1867	168805.4988148326	104328.13564003631	268.95
1868	168804.78178007828	104328.20946476609	268.923
1869	168804.03297047046	104328.29374324158	268.952
1870	168802.63911902133	104328.53014879022	268.874
1871	168801.15821282298	104328.77885082457	268.94599999999997
1872	168800.4370713438	104328.83764560893	269.025
1873	168799.7395521435	104328.97234566882	269.008
1874	168799.02969165525	104329.000963578	269.008
1875	168798.33470168553	104329.12640373688	268.973
1876	168796.9371514841	104329.23321582563	268.91900000000004
1877	168795.53402108751	104329.30478591006	268.9
1878	168794.8074250948	104329.35985441972	268.877
1879	168794.12337593333	104329.4171135975	268.89
1880	168792.708576962	104329.49420436751	268.866
1881	168791.9905682333	104329.64143850934	268.797
1882	168791.26707603282	104329.69281091169	268.779
1883	168789.82244033855	104329.87045856845	268.827
1884	168789.10156408692	104329.95502389502	268.782
1885	168788.40611201822	104330.04338737484	268.73400000000004
1886	168787.72862457827	104330.12736568134	268.666
1887	168787.0111247744	104330.19841043744	268.597
1888	168786.321495695	104330.25379696209	268.574
1889	168785.61492501682	104330.32673458941	268.49
1890	168784.87713892772	104330.41995329224	268.462
1891	168784.14348483324	104330.52115820721	268.343
1892	168782.69808126206	104330.64745434932	268.272
1893	168781.9545681535	104330.67984790355	268.228
1894	168781.25727376278	104330.75152142253	268.18
1895	168780.5426543646	104330.78142255917	268.142
1896	168779.8308596625	104330.85267395154	268.096
1897	168779.05551643646	104330.91109357588	268.04200000000003
1898	168778.2978779348	104331.00479876809	268.108
1899	168777.55585967924	104331.08484134823	268.149
1900	168776.8367467589	104331.14160735812	268.178
1901	168776.13280298476	104331.17785001453	268.224
1902	168775.47292308052	104331.1573371999	268.29900000000004
1903	168774.7568117658	104331.23914068658	268.199
1904	168773.98835799913	104331.2655145051	268.253
1905	168773.2905895538	104331.40373941232	268.19
1906	168772.58734454375	104331.44406341854	268.204
1907	168771.9013021085	104331.56064052414	268.122
1908	168771.1947390562	104331.63154090103	268.04200000000003
1909	168770.50622683737	104331.74069414102	267.954
1910	168769.7891081054	104331.83843754604	267.932
1911	168769.0596846331	104331.9200091185	267.941
1912	168768.33249429808	104331.97526453156	267.941
1913	168767.65714670502	104332.02588429861	267.957
1914	168766.99680916086	104332.13421118539	267.961
1915	168766.30199259336	104332.17771745846	267.991
1916	168765.60193539498	104332.2910941001	267.994
1917	168764.8748515031	104332.34987261519	267.991
1918	168764.15347585102	104332.47485276777	267.991
1919	168763.42394783272	104332.51897764578	268.005
1920	168762.7219197129	104332.58488995675	267.969
1921	168761.30059497626	104332.6589998249	267.856
1922	168760.58124274455	104332.71632333659	267.897
1923	168759.8854684319	104332.72831216268	267.892
1924	168759.18155761992	104332.78884218913	267.887
1925	168758.47992531184	104332.810264864	267.903
1926	168757.12246450753	104332.97581042536	267.874
1927	168756.41176496222	104333.07357842941	267.86
1928	168755.7126520532	104333.15544484556	267.913
1929	168754.36988342807	104333.3343907576	267.871
1930	168753.73121613837	104333.43260023836	267.925
1931	168753.0688289731	104333.51570967492	267.925
1932	168752.3822956519	104333.50289114658	267.899
1933	168751.67382995633	104333.5741581386	267.84
1934	168750.97793099246	104333.5878161285	267.866
1935	168750.31979214167	104333.67965392582	267.855
1936	168749.6003893061	104333.68433034886	267.802
1937	168748.91523786267	104333.75104591623	267.719
1938	168748.2081927195	104333.82398684975	267.756
1939	168747.57714202683	104333.95318284631	267.777
1940	168746.92532160165	104334.03985280171	267.715
1941	168746.2216674765	104334.06164068636	267.756
1942	168745.54378734573	104334.12263566535	267.762
1943	168744.8733461914	104334.13063796144	267.718
1944	168744.17431714438	104334.18896272592	267.657
1945	168743.4638839314	104334.17828513216	267.643
1946	168742.7672280963	104334.27128487639	267.63
1947	168742.0857580782	104334.27201850992	267.594
1948	168741.40399801935	104334.35450452473	267.64
1949	168740.7382436318	104334.41517237201	267.643
1950	168740.0681061761	104334.50511506014	267.605
1951	168739.3994747073	104334.57263199054	267.58
1952	168738.02272757603	104334.64635009505	267.519
1953	168736.62360671785	104334.72758984752	267.506
1954	168735.91959467734	104334.78330268059	267.531
1955	168735.23066244446	104334.94418050162	267.481
1956	168733.7929119797	104335.09183602128	267.348
1957	168733.09278315248	104335.1586859012	267.265
1958	168732.42630130658	104335.22343061026	267.236
1959	168731.72248175292	104335.29193601757	267.181
1960	168731.0394908258	104335.31936064363	267.226
1961	168729.63830737036	104335.44601343945	267.26099999999997
1962	168728.9185176811	104335.55988110881	267.251
1963	168728.20185947113	104335.5951581467	267.309
1964	168726.78917893488	104335.74605593458	267.33099999999996
1965	168726.08739281245	104335.7774929665	267.28
1966	168725.37621825802	104335.80834066402	267.236
1967	168724.68085478837	104335.87224244326	267.199
1968	168723.97040061394	104335.93460776936	267.209
1969	168723.2901377561	104335.99726558104	267.258
1970	168722.6260314884	104336.06257608719	267.279
1971	168721.96762883256	104336.12846303824	267.269
1972	168721.2944197526	104336.24676060863	267.189
1973	168720.61351997967	104336.2879122328	267.218
1974	168719.9445224609	104336.42531921249	267.298
1975	168719.2427253047	104336.45990859903	267.298
1976	168718.54848890947	104336.54124105442	267.267
1977	168717.8627433076	104336.54103574902	267.296
1978	168717.17236123222	104336.60810764879	267.274
1979	168716.47452674413	104336.66495724581	267.267
1980	168715.77180103402	104336.72679490782	267.23900000000003
1981	168715.04714818866	104336.77075833641	267.235
1982	168714.35315292046	104336.81761120353	267.274
1983	168713.67702958736	104336.91977121402	267.29
1984	168712.98962517118	104336.9516316913	267.382
1985	168712.29521228615	104337.049277924	267.459
1986	168711.57314172105	104337.06896597985	267.508
1987	168710.15896342832	104337.20670079533	267.473
1988	168708.7065386088	104337.33632912487	267.41900000000004
1989	168708.0043575161	104337.41225875169	267.404
1990	168707.320604523	104337.42003327794	267.39099999999996
1991	168706.63699079337	104337.45561563876	267.357
1992	168705.9241196904	104337.52928310819	267.402
1993	168705.18949674393	104337.56913418695	267.415
1994	168704.41586083916	104337.61589173228	267.393
1995	168703.67227558699	104337.60195060074	267.37
1996	168702.94482807897	104337.69670037087	267.361
1997	168701.4766561002	104337.80884904973	267.366
1998	168700.76257078344	104337.85618871637	267.405
1999	168700.10417282695	104338.02162835561	267.38599999999997
2000	168698.70875519913	104338.26602710783	267.29900000000004
2001	168698.04045893977	104338.30629933719	267.237
2002	168697.36133014483	104338.3509824695	267.263
2003	168696.65570005935	104338.36034937482	267.272
2004	168695.96227380043	104338.38088246528	267.324
2005	168694.55534513126	104338.5192032503	267.345
2006	168693.8705375726	104338.69066779874	267.322
2007	168693.1695580022	104338.76308139227	267.383
2008	168691.77627692537	104338.94130827021	267.369
2009	168691.0890131973	104339.06790212356	267.322
2010	168690.38154411997	104339.1603143448	267.268
2011	168689.67622908307	104339.24865588639	267.226
2012	168688.97157136138	104339.31920320727	267.22
2013	168688.257670815	104339.34800704475	267.214
2014	168687.5530657558	104339.43727829028	267.199
2015	168686.82088480538	104339.4589731479	267.163
2016	168686.14150116907	104339.57577029057	267.14
2017	168685.45984742822	104339.59504872747	267.155
2018	168684.79252484726	104339.66257718112	267.171
2019	168684.11024485214	104339.72449136153	267.14
2020	168683.4180843075	104339.85774262529	267.127
2021	168682.71853687067	104339.96223369893	267.105
2022	168682.03583150235	104340.04361171555	267.113
2023	168681.35877402604	104340.14132338483	267.14
2024	168680.6706424104	104340.14370979834	267.172
2025	168679.98742929992	104340.20061590523	267.164
2026	168679.31788141245	104340.19157454744	267.198
2027	168678.6774246419	104340.25864262227	267.189
2028	168678.03268783542	104340.29232694115	267.192
2029	168677.37612344054	104340.30928517133	267.216
2030	168676.71149761177	104340.38739092927	267.254
2031	168676.0041495619	104340.44569527078	267.295
2032	168675.3300575863	104340.57882609405	267.276
2033	168673.95423425137	104340.728199834	267.267
2034	168673.2482569681	104340.80226683058	267.27
2035	168672.53509467558	104340.89132444188	267.244
2036	168671.12086958234	104341.07652721554	267.124
2037	168670.43694732717	104341.19961330574	267.043
2038	168669.75105745424	104341.30767661426	267.068
2039	168669.06496778651	104341.4722807128	267.10200000000003
2040	168668.37085236286	104341.55343478732	267.127
2041	168667.69394033437	104341.71102699544	267.069
2042	168667.01565770365	104341.78556345496	266.99
2043	168666.33988533047	104341.88976994343	266.973
2044	168665.7012119227	104341.95684589073	266.987
2045	168664.4558875694	104342.04402421135	267.032
2046	168663.90815510793	104342.04171818495	267.08
2047	168663.47383764343	104342.16958009079	267.091
2048	168663.1517154855	104342.20088380389	267.123
2049	168663.03735245226	104342.30540578254	267.15
2050	168663.03506486345	104342.2800004119	267.191
2051	168663.09373579742	104342.26037186105	267.202
2052	168663.07167390923	104342.24694643449	267.23
2053	168663.02173452743	104342.31851270329	267.258
2054	168662.95734163464	104342.4773426773	267.275
2055	168662.87845760662	104342.56586180069	267.327
2056	168662.91753630023	104342.5739712799	267.322
2057	168662.93941646005	104342.53789915517	267.336
2058	168662.91153276694	104342.52371163294	267.36
2059	168662.92979815236	104342.53508444875	267.375
2060	168662.99259401998	104342.52548107691	267.357
2061	168663.02637975657	104342.4840749465	267.4
2062	168663.05270673937	104342.46785437502	267.421
2063	168663.1378654373	104342.42014139146	267.454
2064	168663.21189758636	104342.32548753079	267.47700000000003
2065	168663.19315836672	104342.34729636088	267.54900000000004
2066	168663.17582654362	104342.37448623125	267.578
2067	168663.18873445241	104342.3882500818	267.607
2068	168663.17753355662	104342.39599653799	267.645
2069	168663.18778712	104342.42087390833	267.672
2070	168663.1865771679	104342.46054131258	267.73900000000003
2071	168663.15394537558	104342.51177674346	267.793
2072	168663.16257575987	104342.49141525198	267.79200000000003
2073	168663.19473568298	104342.47280532587	267.817
2074	168662.88379246334	104348.02036555856	267.944
2075	168662.86956070876	104347.80935093667	267.96299999999997
2076	168662.88893091315	104347.77716295887	267.993
2077	168663.01617220658	104347.89662753604	268.018
2078	168662.9746704198	104347.76689912006	267.996
2079	168662.94471495153	104347.76716405246	268.003
2080	168662.95307647844	104347.78925400786	268.02
2081	168662.97244078896	104347.75873444974	268.041
2082	168662.97037160594	104347.77244538348	268.04
2083	168662.97973448905	104347.78026449401	268.055
2084	168663.02415817117	104347.78950513992	268.066
2085	168663.21335077836	104347.83559207432	268.07
2086	168664.10404690905	104347.76143486612	267.985
2087	168664.66291747522	104347.70631195046	267.926
2088	168665.30586148181	104347.64147555176	267.888
2089	168666.63633829955	104347.47432806902	267.84
2090	168667.32881529754	104347.41930679698	267.807
2091	168668.03024371507	104347.25308824703	267.742
2092	168668.75126331433	104347.16035016812	267.672
2093	168669.47857337043	104347.0366756795	267.573
2094	168670.24537981077	104347.00471943058	267.529
2095	168670.95789684533	104346.89619415719	267.624
2096	168671.68688474642	104346.83592643775	267.541
2097	168672.41785354377	104346.71968055051	267.47900000000004
2098	168673.14244214387	104346.65976824239	267.501
2099	168673.88596317876	104346.59065387584	267.45099999999996
2100	168674.61830298995	104346.52372466214	267.414
2101	168675.36628632323	104346.43645887543	267.38599999999997
2102	168676.10584004514	104346.34638266452	267.297
2103	168676.8286287125	104346.29128441866	267.283
2104	168677.5647157099	104346.20675760321	267.124
2105	168678.24639194104	104346.14725041017	267.093
2106	168678.91362840036	104346.00297281984	267.14
2107	168679.60456899097	104345.9455377562	267.163
2108	168680.27596471435	104345.83519988973	267.164
2109	168680.974055401	104345.8398931548	267.139
2110	168682.30938700677	104345.67832822539	266.967
2111	168683.6826718118	104345.54062672704	266.96299999999997
2112	168684.3690488783	104345.46278415807	266.943
2113	168685.09039544937	104345.37857701816	266.939
2114	168685.81128214227	104345.25636510365	266.899
2115	168686.49056764628	104345.09989589639	266.967
2116	168687.79520912786	104344.77675635088	266.996
2117	168688.44798981113	104344.65319156647	267.038
2118	168689.14104866242	104344.46748112328	267.125
2119	168689.86000435764	104344.38715918548	267.152
2120	168690.5547359416	104344.19904488139	267.144
2121	168691.8616838506	104343.92967518046	267.091
2122	168692.54628102016	104343.88463993277	267.091
2123	168693.24318291416	104343.7886683559	267.047
2124	168694.6681772141	104343.68415062688	267.08799999999997
2125	168695.3211186256	104343.6160163777	267.067
2126	168695.97571499003	104343.55048341025	267.09
2127	168696.61896717816	104343.4660014445	267.099
2128	168697.26148792368	104343.42026173696	267.117
2129	168697.86219527634	104343.29947990645	267.078
2130	168698.5417208182	104343.27685866505	267.152
2131	168699.1966941144	104343.17202651594	267.154
2132	168699.8457663197	104343.12241729442	267.173
2133	168701.16233087314	104342.95726843458	267.134
2134	168701.81586416432	104342.88987860736	267.108
2135	168702.49390607586	104342.78271857183	267.16900000000004
2136	168703.18575161253	104342.70489780698	267.168
2137	168703.8206570968	104342.59424834512	267.195
2138	168704.49442993713	104342.5849549761	267.27
2139	168705.11917809572	104342.5230250908	267.341
2140	168705.7785393491	104342.55539172795	267.322
2141	168706.4351941159	104342.47930058744	267.346
2142	168707.1112404855	104342.43219774403	267.346
2143	168707.81251983147	104342.30862171203	267.307
2144	168708.56475723162	104342.22879094258	267.252
2145	168709.2464645388	104342.16076028813	267.267
2146	168709.95195553623	104342.08984785154	267.268
2147	168710.62835333287	104342.04422975518	267.353
2148	168711.29032436572	104341.97742712963	267.33799999999997
2149	168711.9729846589	104341.97595222574	267.32599999999996
2150	168712.67164519255	104341.85347985197	267.19
2151	168713.38143449466	104341.81076111272	267.126
2152	168714.07804874826	104341.72906564455	267.075
2153	168714.81264492637	104341.6630768925	267.132
2154	168716.13057759998	104341.51462094486	267.298
2155	168716.79401652125	104341.46969924588	267.259
2156	168717.47118278086	104341.47562084813	267.254
2157	168718.79945812223	104341.42749370076	267.314
2158	168720.13935746113	104341.3193444144	267.435
2159	168721.48956220032	104341.12076572981	267.35200000000003
2160	168722.1609364307	104341.01692145225	267.37
2161	168722.7984701707	104340.83565315977	267.365
2162	168723.46174897568	104340.80241077673	267.393
2163	168724.12311884074	104340.70409273822	267.368
2164	168725.47690541152	104340.60174085479	267.254
2165	168726.17087547467	104340.49482569564	267.235
2166	168726.8677868986	104340.43000269495	267.263
2167	168728.28748209676	104340.44597331434	267.2
2168	168728.9792849505	104340.38039094955	267.193
2169	168729.72495817838	104340.37524872646	267.218
2170	168730.46815329226	104340.2644302668	267.22
2171	168731.23527969595	104340.20968203153	267.20099999999996
2172	168731.98038646343	104340.12964391802	267.125
2173	168732.69946282	104340.08269692678	267.117
2174	168733.41493455129	104340.01312068012	267.08
2175	168734.08164183487	104339.9181596851	267.09
2176	168734.74534462253	104339.83245719876	267.022
2177	168735.4058249036	104339.75045100134	267.014
2178	168736.08220547705	104339.70984139666	266.99
2179	168736.747995601	104339.57186893094	266.965
2180	168737.45839962142	104339.49004006665	266.983
2181	168738.12119019678	104339.29292038176	266.95799999999997
2182	168738.84700228643	104339.19019822683	266.867
2183	168739.49413520555	104339.05086225178	266.82
2184	168740.15586416426	104338.95199134387	266.793
2185	168740.79943889022	104338.84397240914	266.802
2186	168741.49258270007	104338.73557327129	266.749
2187	168742.16746686675	104338.68124088924	266.81
2188	168743.5220050075	104338.56832952984	266.86
2189	168744.14027475868	104338.4229594972	266.744
2190	168744.84296243577	104338.37187759951	266.76599999999996
2191	168745.4885089146	104338.24421577435	266.764
2192	168746.1776891262	104338.21440501604	266.76599999999996
2193	168746.76802618627	104338.16922765318	266.814
2194	168747.40755840353	104338.16204281058	266.899
2195	168748.10358329825	104338.1797143016	266.885
2196	168748.81727469355	104338.17650046013	266.918
2197	168749.55144676205	104338.23027158063	266.883
2198	168750.2883271089	104338.19080543332	266.948
2199	168750.98969085104	104338.24483106565	266.923
2200	168751.72278173367	104338.23482735269	266.943
2201	168753.0088686339	104338.28481131326	267.009
2202	168753.63888367737	104338.27981801704	267.018
2203	168754.3155689334	104338.28741105739	267.065
2204	168755.67296298535	104338.24069420528	267.203
2205	168756.31948607328	104338.13936136477	267.156
2206	168757.00467928182	104338.12770526577	267.198
2207	168757.70259828834	104338.04713245295	267.17900000000003
2208	168758.4444174893	104338.05625497643	267.17900000000003
2209	168759.83719521057	104338.05397105776	267.22
2210	168760.52022084052	104338.01672504097	267.233
2211	168761.19354161085	104337.96758021973	267.254
2212	168762.55677004156	104337.78425955214	267.17400000000004
2213	168763.29152052902	104337.77556100581	267.138
2214	168764.02418377224	104337.71865591314	267.143
2215	168764.76532142423	104337.7188785784	267.094
2216	168765.51476717842	104337.65573032945	267.061
2217	168766.22736548702	104337.69255738985	267.062
2218	168766.93144233624	104337.65205011517	267.058
2219	168767.64156320895	104337.717046584	267.084
2220	168768.34893766884	104337.71863285545	267.058
2221	168769.07228820192	104337.7736659078	267.018
2222	168769.79338786885	104337.79309777822	266.923
2223	168770.5008189677	104337.77874171268	266.91200000000003
2224	168771.1837801573	104337.75966424774	266.98400000000004
2225	168771.89493600352	104337.70064461697	267.041
2226	168772.60115211102	104337.69369978551	267.073
2227	168773.19552667256	104337.61628330033	267.143
2228	168773.86717586528	104337.60272743274	267.197
2229	168774.5666736781	104337.54626207147	267.243
2230	168775.24582449344	104337.59594819136	267.249
2231	168775.90368010537	104337.51690381952	267.244
2232	168776.64708045707	104337.54939260706	267.26599999999996
2233	168777.30741079123	104337.50984350592	267.275
2234	168777.97622978856	104337.42305233236	267.33299999999997
2235	168779.3276051389	104337.29734754469	267.483
2236	168780.68610964072	104337.13904127665	267.57599999999996
2237	168781.37411275555	104337.10607942287	267.671
2238	168781.97861484828	104337.02202619333	267.732
2239	168783.3014735533	104336.95999233145	267.842
2240	168784.0110437344	104336.94583105668	267.751
2241	168784.73195191196	104336.8519960735	267.77099999999996
2242	168785.438666488	104336.80519765615	267.803
2243	168786.12764829426	104336.7644538721	267.935
2244	168787.4047129277	104336.74433982559	268.057
2245	168787.99589030512	104336.66357675847	268.096
2246	168788.62498151016	104336.6176149873	268.149
2247	168789.2540727152	104336.57165321615	
2248	168789.7987404252	104336.53185947488	
2249	168790.3434081352	104336.49206573362	
2250	168790.8880758452	104336.45227199236	
2251	168791.4327435552	104336.41247825109	
2252	168791.9774112652	104336.37268450983	
2253	168792.5220789752	104336.33289076856	
2254	168793.0667466852	104336.2930970273	
2255	168793.61141439519	104336.25330328604	
2256	168794.15608210518	104336.21350954477	
2257	168794.70074981518	104336.17371580351	
2258	168795.24541752518	104336.13392206225	
2259	168869.24812181812	104329.3373312261	270.556
2260	168869.34588110866	104329.42314137612	270.577
2261	168869.34121788558	104329.59719813243	270.563
2262	168869.33260157847	104329.58011223748	270.563
2263	168869.3577074912	104329.5731574092	270.591
2264	168869.31142918073	104329.6172983339	270.613
2265	168869.45580517073	104329.69734278414	270.635
2266	168869.88200209633	104329.64825596754	270.699
2267	168870.98143385616	104329.64124579914	270.79
2268	168871.55659919593	104329.51798244752	270.795
2269	168872.1625313399	104329.43357385043	270.807
2270	168872.77161066275	104329.30005041603	270.85
2271	168873.45376350425	104329.24149694387	270.865
2272	168874.7687272603	104329.0611841958	270.908
2273	168875.42656432703	104328.9215322975	270.964
2274	168876.03440140656	104328.8695727447	270.925
2275	168876.65901563136	104328.71311793756	270.91200000000003
2276	168877.31794415964	104328.5341692539	270.897
2277	168877.97981448102	104328.43012537621	270.862
2278	168878.61259442303	104328.31707929261	270.79400000000004
2279	168879.24865521948	104328.25057581719	270.723
2280	168879.85442013066	104328.14651703928	270.73900000000003
2281	168880.52224195132	104328.14000552054	270.76
2282	168881.1806106722	104328.01796749886	270.741
2283	168881.75302764736	104328.0318778893	270.693
2284	168882.391379444	104327.95629927609	270.605
2285	168883.02419210316	104327.93390548788	270.561
2286	168883.70091541595	104327.89795049466	270.52299999999997
2287	168884.42272720317	104327.81822131015	270.528
2288	168885.12875722448	104327.76401847601	270.563
2289	168885.7995255294	104327.66482730769	270.57
2290	168886.4764786758	104327.63109807204	270.566
2291	168887.12371173265	104327.46527089458	270.585
2292	168887.7717395585	104327.37638004404	270.6
2293	168888.4598960098	104327.23461359087	270.608
2294	168889.71726239895	104327.03963883221	270.58799999999997
2295	168890.37379453468	104326.99916333053	270.594
2296	168891.70507983543	104326.90863789152	270.685
2297	168892.97654092187	104326.69461999554	270.73
2298	168893.62541880293	104326.70046294574	270.684
2299	168894.30272836058	104326.60036933608	270.561
2300	168894.93447789425	104326.54293602798	270.509
2301	168895.55319459888	104326.47359174863	270.553
2302	168896.23535187537	104326.38074561395	270.534
2303	168896.93034340907	104326.28887238447	270.601
2304	168897.58385265563	104326.19629470538	270.628
2305	168898.22116842694	104326.14462853596	270.71
2306	168898.87910759725	104326.0431685457	270.70799999999997
2307	168899.58291102145	104326.04661338031	270.758
2308	168900.83539957303	104325.91947351024	270.78
2309	168901.48966126662	104325.81596148852	270.797
2310	168902.08803557453	104325.78436305095	270.828
2311	168902.7185634644	104325.7361953836	270.843
2312	168903.35833216508	104325.63022176921	270.902
2313	168903.98916071758	104325.5312607428	270.947
2314	168904.5950039361	104325.37233209144	270.973
2315	168905.22270244316	104325.3508495614	271.002
2316	168905.86816111585	104325.3157124212	271.036
2317	168907.131556393	104325.1635865448	271.05
2318	168907.7934198696	104325.09495426342	271.035
2319	168908.47552057274	104325.05123565439	271.039
2320	168909.08507564577	104324.98445550259	271.057
2321	168909.75846380042	104324.88416445069	271.031
2322	168910.3602665617	104324.75821994059	271.069
2323	168911.0132497509	104324.71309975069	271.198
2324	168911.63927929875	104324.56017637905	271.252
2325	168912.2681100451	104324.48808953445	271.249
2326	168912.90278503404	104324.34409558773	271.192
2327	168913.5889710746	104324.25497374311	271.222
2328	168914.26802853975	104324.19808287825	271.27
2329	168914.90090418968	104324.15826724377	271.293
2330	168915.55411062285	104324.1172268102	271.308
2331	168916.19650014906	104324.00978107937	271.356
2332	168916.85939912742	104323.91761016194	271.343
2333	168917.49560430407	104323.77788602468	271.373
2334	168918.17727892325	104323.7204488879	271.383
2335	168918.8256861927	104323.55907894764	271.401
2336	168919.4857179264	104323.53734313976	271.408
2337	168920.1369953516	104323.43753036484	271.404
2338	168920.73279285175	104323.4285413716	271.41
2339	168921.32071725588	104323.32776030619	271.407
2340	168921.89739188433	104323.21507458389	271.404
2341	168922.48167331994	104323.13578487281	271.45799999999997
2342	168923.8153859715	104323.03174332716	271.505
2343	168924.496900725	104322.95261677355	271.52299999999997
2344	168925.16817173726	104322.91256914847	271.53700000000003
2345	168926.47426439417	104322.75411248486	271.534
2346	168927.72943124943	104322.57656474225	271.57099999999997
2347	168928.3337547491	104322.51032420993	271.60900000000004
2348	168928.94693750766	104322.39332090318	271.633
2349	168930.22644953453	104322.22216396406	271.655
2350	168930.9658217164	104322.21813977882	271.639
2351	168931.67474895593	104322.1519037215	271.61
2352	168933.06519369583	104322.10535076167	271.569
2353	168933.69707050663	104321.97951668408	271.529
2354	168934.32794578245	104321.9341347497	271.5
2355	168934.91538924337	104321.80183857772	271.509
2356	168935.50312664337	104321.78651937749	271.54900000000004
2357	168936.09113125684	104321.66349443421	271.552
2358	168936.71412237684	104321.5626553921	271.557
2359	168937.3456247113	104321.47500903811	271.563
2360	168937.93099241334	104321.35809244029	271.60400000000004
2361	168938.54301723908	104321.29892518371	271.64599999999996
2362	168939.2027860887	104321.15168747585	271.736
2363	168939.89106417593	104321.0429260796	271.839
2364	168940.5263792037	104320.88651715685	271.874
2365	168941.16741934666	104320.85730068851	271.895
2366	168941.78288829795	104320.73270641547	271.866
2367	168942.48500460142	104320.67645799182	271.807
2368	168943.15499988373	104320.5945118051	271.688
2369	168943.83071805473	104320.5077663036	271.60400000000004
2370	168944.48588766484	104320.41668341588	271.698
2371	168945.12117218738	104320.30198581982	271.72900000000004
2372	168945.76117919778	104320.26257021073	271.785
2373	168946.3924268217	104320.17974394001	271.774
2374	168947.0521457208	104320.14596063178	271.806
2375	168947.69891551277	104320.11009176541	271.786
2376	168948.39745353544	104320.15671813674	271.803
2377	168949.67937566948	104320.17559078522	271.829
2378	168950.35603063114	104320.15910913981	271.849
2379	168950.99948233645	104320.08726472035	271.89799999999997
2380	168951.6390927405	104320.09215462487	271.935
2381	168952.3044366752	104319.9814587431	271.92400000000004
2382	168952.96890467737	104319.88299499825	271.871
2383	168953.60966433282	104319.70009759441	271.834
2384	168954.25001887855	104319.5307316836	271.76
2385	168954.87443786114	104319.39653119352	271.74
2386	168956.14936158338	104319.21257271245	271.699
2387	168956.78932819623	104319.08510197978	271.70799999999997
2388	168957.4151553048	104319.02227879595	271.67400000000004
2389	168958.6877324822	104318.73042035289	271.551
2390	168959.35245335806	104318.59469659347	271.483
2391	168959.95818417863	104318.43466157373	271.53700000000003
2392	168960.5372055667	104318.33088679612	271.627
2393	168961.14004174166	104318.18252057023	271.672
2394	168962.362243696	104317.9169917833	271.661
2395	168962.98757208564	104317.79447455984	271.65
2396	168963.63911698989	104317.65369873215	271.628
2397	168964.91700430625	104317.40598169342	271.598
2398	168965.595551282	104317.25992697291	271.593
2399	168966.3292246044	104317.25421882886	271.603
2400	168966.99698314394	104317.13333746791	271.524
2401	168967.7115368577	104317.05637429189	271.485
2402	168968.37566650895	104316.9199080104	271.64
2403	168969.01820454	104316.83786650654	271.649
2404	168969.65602217428	104316.71317033377	271.617
2405	168970.3013690302	104316.57719299477	271.61400000000003
2406	168970.94355186546	104316.49477968179	271.678
2407	168971.55595916882	104316.39557516109	271.69599999999997
2408	168972.18559086157	104316.36576533038	271.737
2409	168972.8087461151	104316.25269592833	271.813
2410	168973.43030255366	104316.18763471767	271.858
2411	168974.05198751306	104316.08679537382	271.876
2412	168974.6843268728	104316.03122750763	271.828
2413	168975.37465540614	104315.94768999144	271.822
2414	168976.0585475255	104315.83595142979	271.83799999999997
2415	168976.7384158611	104315.75237651542	271.875
2416	168977.3713023501	104315.6437917687	271.945
2417	168977.98728884524	104315.57407653984	271.967
2418	168979.30993467863	104315.4080917146	271.939
2419	168980.62547858295	104315.23373952508	271.906
2420	168981.3024653304	104315.1251283139	271.811
2421	168981.9773874813	104314.96256369818	271.85900000000004
2422	168983.36634858706	104314.66797788441	271.869
2423	168984.76637203927	104314.4043909302	271.754
2424	168985.4312936176	104314.2462399751	271.656
2425	168986.1227461688	104314.04851276986	271.597
2426	168986.81438467625	104313.96442530677	271.54200000000003
2427	168987.46974668035	104313.85332719795	271.555
2428	168988.7111603954	104313.73321279418	271.557
2429	168989.36044495212	104313.62635685597	271.556
2430	168990.0021023384	104313.5580329746	271.638
2431	168991.34841324738	104313.35635755304	271.685
2432	168992.07181056528	104313.16727352049	271.582
2433	168992.84447910864	104313.0276782643	271.558
2434	168993.56910607492	104312.86028851662	271.507
2435	168994.26307864123	104312.75526228547	271.492
2436	168994.949445113	104312.64983803406	271.457
2437	168995.62562575567	104312.5341812484	271.498
2438	168996.29019592787	104312.4739119308	271.526
2439	168996.9386773949	104312.35908262059	271.482
2440	168998.17907195634	104312.12588392757	271.48900000000003
2441	168998.84178834816	104312.05226078257	271.488
2442	168999.4651128927	104311.92547687236	271.47700000000003
2443	169000.1045759768	104311.80635173526	271.483
2444	169000.74369649263	104311.68333242554	271.512
2445	169001.40102144078	104311.52237542067	271.556
2446	169002.05445485553	104311.4188728286	271.62
2447	169002.6916780973	104311.26155131776	271.647
2448	169003.34983038704	104311.20107441489	271.66700000000003
2449	169003.96259319672	104311.03643517382	271.63599999999997
2450	169004.62175899217	104310.92553825304	271.652
2451	169005.23332151255	104310.83022760227	271.615
2452	169005.8884278912	104310.72432154045	271.63599999999997
2453	169006.53743689964	104310.6612167973	271.70099999999996
2454	169007.16957326012	104310.53020172007	271.751
2455	169007.80357644198	104310.47501455434	271.806
2456	169008.41933422242	104310.40307746083	271.801
2457	169009.06328900091	104310.39019328263	271.82
2458	169009.78158035752	104310.26597689278	271.83299999999997
2459	169010.445004889	104310.16084285546	271.82099999999997
2460	169011.04077879761	104309.99373333436	271.79200000000003
2461	169011.63553564943	104309.81197506748	271.823
2462	169012.26376031752	104309.67798041273	271.863
2463	169012.89051170208	104309.49096136168	271.865
2464	169013.55672334248	104309.47018642072	271.89
2465	169014.90372004808	104309.2766762441	271.822
2466	169016.15910550996	104309.10619473457	271.79900000000004
2467	169017.4361380395	104308.8990858728	271.83299999999997
2468	169018.0932356807	104308.83452860918	271.856
2469	169018.72765904525	104308.69573710952	271.85900000000004
2470	169019.36790310126	104308.65707276948	271.83299999999997
2471	169019.98833636788	104308.5412183879	271.798
2472	169021.1734873129	104308.33322346956	271.82
2473	169021.7831912917	104308.22604360711	271.817
2474	169022.41217046985	104308.17973842006	271.863
2475	169023.64786793583	104307.96414003521	271.85
2476	169024.25137091725	104307.8624995742	271.825
2477	169024.8345590817	104307.75763453543	271.842
2478	169025.44225318055	104307.6804796923	271.897
2479	169025.99061614316	104307.57474783435	271.916
2480	169026.62572575806	104307.54255423881	271.955
2481	169027.23195608318	104307.40977980942	271.923
2482	169027.8777062843	104307.36056957208	271.873
2483	169028.53503796563	104307.26412879303	271.882
2484	169029.16352849817	104307.22153028101	271.901
2485	169029.78759827008	104307.15222095512	271.921
2486	169030.40525593905	104307.08103478607	271.957
2487	169031.01226637157	104307.0617172122	272.017
2488	169031.60457075923	104306.96708175074	272.02299999999997
2489	169032.2535210779	104306.9864748083	272.022
2490	169032.94394788277	104306.90924812201	272.014
2491	169033.688722737	104306.92398128938	272.024
2492	169034.34440508936	104306.88945277687	272.001
2493	169035.02633626777	104306.86076576076	272.027
2494	169035.7162462136	104306.82802918553	272.08299999999997
2495	169036.39853271158	104306.76671644393	272.143
2496	169037.71908845467	104306.58813270647	272.17400000000004
2497	169038.40455300707	104306.5355446171	272.159
2498	169039.12874014827	104306.42488631699	272.095
2499	169039.84011031344	104306.37443097495	272.058
2500	169040.5069876867	104306.30101341661	272.08799999999997
2501	169041.1939568818	104306.22674145084	272.075
2502	169041.8353940854	104306.18697183486	272.087
2503	169042.46419208695	104306.12509631366	272.082
2504	169043.09310078874	104306.13144173473	272.04900000000004
2505	169043.6684275342	104306.06418291666	272.035
2506	169044.34897773946	104306.08888205513	272.065
2507	169044.94663405922	104306.0265237987	272.053
2508	169045.56686092415	104306.00113794021	272.078
2509	169046.8610719098	104305.90940552391	272.16200000000003
2510	169047.52884211528	104305.8851182228	272.22900000000004
2511	169048.14205888985	104305.75997202937	272.272
2512	169049.43591939766	104305.66657054424	272.323
2513	169050.0583394072	104305.6263625836	272.34
2514	169050.68292388946	104305.54630543385	272.317
2515	169051.25873428682	104305.4768246049	272.368
2516	169051.87426742108	104305.43455282226	272.39
2517	169053.11092007172	104305.28421911411	272.444
2518	169053.74351900222	104305.15728965681	272.47700000000003
2519	169054.40339666387	104305.14613685478	272.482
2520	169055.6724766517	104305.00240906887	272.469
2521	169056.31886923473	104304.9400425097	272.486
2522	169056.9748808388	104304.84730812814	272.565
2523	169057.6137311842	104304.8327430021	272.66
2524	169058.26992237446	104304.75613764022	272.69
2525	169058.94507388637	104304.72872691508	272.754
2526	169059.53684977104	104304.58311270177	272.716
2527	169060.18212382653	104304.53427544516	272.72700000000003
2528	169060.7646848288	104304.40586861596	272.751
2529	169061.38312333592	104304.31615070533	272.758
2530	169062.00645841222	104304.28595806286	272.828
2531	169062.65777218805	104304.2104479326	272.875
2532	169063.36833783146	104304.21838808898	272.991
2533	169064.02403118333	104304.11508667562	273.052
2534	169064.69239737326	104304.09043292236	273.13599999999997
2535	169065.3137811112	104303.97514342051	273.122
2536	169065.9504422564	104303.90847913735	273.119
2537	169066.58319910962	104303.80379759055	273.056
2538	169067.23093162215	104303.73253887985	273.03
2539	169067.81310747768	104303.71091130096	273.094
2540	169068.40734866622	104303.63983042445	273.165
2541	169069.04757406903	104303.639546033	273.251
2542	169069.6452057837	104303.55123703275	273.317
2543	169070.99668988632	104303.49864741415	273.37
2544	169072.2667472426	104303.41369313095	273.367
2545	169072.90256309326	104303.35073426645	273.399
2546	169073.54220290072	104303.34803834278	273.422
2547	169074.2124511789	104303.23014558479	273.452
2548	169074.9097958528	104303.17964431085	273.42900000000003
2549	169075.58460032832	104303.08382860105	273.423
2550	169076.207236494	104303.04974208958	273.395
2551	169076.82083440275	104302.9839227423	273.37
2552	169077.42912646488	104302.8732219236	273.422
2553	169078.6941687879	104302.66293303482	273.515
2554	169079.32364908062	104302.6427752329	273.563
2555	169079.93764951595	104302.53135379963	273.593
2556	169081.31029089715	104302.41340347938	273.652
2557	169081.95835327692	104302.38256097026	273.649
2558	169082.6085167543	104302.3294803286	273.659
2559	169083.29311643605	104302.25335144345	273.668
2560	169083.95037511506	104302.21049258579	273.749
2561	169085.27720912264	104302.07161506452	273.793
2562	169085.8743541165	104301.95364506263	273.797
2563	169086.4918812252	104301.9189851582	273.81
2564	169087.11731784616	104301.86655725818	273.777
2565	169087.7324385265	104301.80704765022	273.797
2566	169088.32919984957	104301.72948975209	273.85200000000003
2567	169088.8784031687	104301.58910105284	273.884
2568	169089.48187429085	104301.5297349384	273.945
2569	169090.0807853991	104301.38359376881	273.918
2570	169090.78919052836	104301.26584099326	273.92400000000004
2571	169091.3973561794	104301.15736590419	273.953
2572	169092.03028690635	104301.10348261148	273.934
2573	169092.69299597366	104301.03265190031	273.991
2574	169093.31538242815	104300.9690908026	274.093
2575	169093.91847858366	104300.94772709161	274.1
2576	169094.52804728606	104300.84574579168	274.10900000000004
2577	169095.1768961785	104300.79470114037	274.124
2578	169095.79389471014	104300.64324992243	274.108
2579	169096.42978288504	104300.5604582997	274.079
2580	169097.03584088245	104300.47607586347	274.087
2581	169097.64901281116	104300.39672451932	274.095
2582	169098.26717405766	104300.35113075748	274.09
2583	169098.85139188007	104300.22514406871	274.055
2584	169099.45017763475	104300.14666783344	274.07099999999997
2585	169099.99926858215	104300.00461144373	274.07
2586	169100.55038544873	104299.9268898936	274.066
2587	169100.99327009663	104299.80057782121	274.059
2588	169101.32923990142	104299.68870974332	274.122
2589	169101.6537200902	104299.79573595338	274.13
2590	169101.84066938906	104299.8041979596	274.13599999999997
2591	169101.88163195562	104299.78432484623	274.161
2592	169101.89121771022	104299.96047214046	274.12
2593	169101.97623829532	104299.85362893064	274.108
2594	169101.99112792863	104299.71353419032	274.116
2595	169102.02010215676	104299.65598524269	274.129
2596	169102.02179489293	104299.61520738527	274.133
2597	169101.92533292997	104299.63172833156	274.132
2598	169103.01614470733	104305.06754241046	274.53
2599	169103.03873341947	104304.96788872965	274.54400000000004
2600	169103.0099046733	104304.98521036562	274.569
2601	169103.03815069734	104304.9975476982	274.54900000000004
2602	169103.08024960806	104304.99213847984	274.566
2603	169103.0667786033	104304.87140627019	274.603
2604	169103.08077381898	104304.84717187192	274.603
2605	169103.08860360127	104304.85146396328	274.61
2606	169103.06116886254	104304.84487639833	274.618
2607	169102.877924937	104304.86367885675	274.64799999999997
2608	169102.4206893047	104304.98122593947	274.611
2609	169101.87303571036	104304.98888552841	274.626
2610	169101.30796324572	104305.11290190555	274.58099999999996
2611	169100.7340332209	104305.18813093007	274.557
2612	169100.1463759057	104305.2792532118	274.494
2613	169099.51850749878	104305.37968464661	274.44
2614	169098.87389878192	104305.44168161973	274.467
2615	169098.26090441018	104305.57071575988	274.476
2616	169097.62935138014	104305.60532358848	274.452
2617	169097.0153417919	104305.75215084851	274.461
2618	169096.38200228536	104305.85348978825	274.527
2619	169095.75987900514	104306.00881542359	274.441
2620	169095.0923926641	104306.11892940477	274.372
2621	169094.41008782288	104306.25086495746	274.29400000000004
2622	169093.773841753	104306.3342116708	274.28700000000003
2623	169093.1860675539	104306.39196559414	274.243
2624	169092.5848439097	104306.5203014072	274.20599999999996
2625	169091.97356458387	104306.60244089924	274.193
2626	169091.33597613222	104306.76123342011	274.165
2627	169090.6691633627	104306.8494753493	274.19599999999997
2628	169089.38485601256	104307.1609101845	274.014
2629	169088.7431157174	104307.35027599148	273.944
2630	169088.09192276627	104307.49103771616	273.855
2631	169086.78614581953	104307.65835401043	273.83799999999997
2632	169086.11132232466	104307.69373378344	273.776
2633	169085.48682627338	104307.78212925047	273.737
2634	169084.83066118337	104307.78569093905	273.684
2635	169084.2162457191	104307.91342389863	273.561
2636	169082.89584841084	104308.0806883378	273.48
2637	169082.28847460705	104308.1676629791	273.492
2638	169081.6406891812	104308.2207522504	273.519
2639	169080.332863101	104308.3960341448	273.57
2640	169079.68964996625	104308.53256194293	273.55400000000003
2641	169079.0214255847	104308.5839092806	273.569
2642	169078.34517696948	104308.71772258636	273.53
2643	169077.70041523743	104308.78936143126	273.45799999999997
2644	169077.03003198028	104308.91188780218	273.45799999999997
2645	169076.38436630825	104309.03635733016	273.454
2646	169075.73834970707	104309.12634467147	273.45799999999997
2647	169075.06413067883	104309.25775576383	273.454
2648	169074.3858523087	104309.2953491332	273.454
2649	169073.72045154983	104309.42067463882	273.472
2650	169073.02394446032	104309.46988141537	273.43
2651	169072.37281751912	104309.6254758481	273.39099999999996
2652	169071.69817872072	104309.7414991688	273.353
2653	169071.05471979818	104309.84743914194	273.378
2654	169070.44005697413	104309.91214302089	273.365
2655	169069.76887968607	104309.99128812272	273.297
2656	169069.09651308384	104310.07061439939	273.319
2657	169068.42679033877	104310.14197888691	273.351
2658	169067.70302568507	104310.26727986429	273.335
2659	169067.01733428315	104310.31689723395	273.311
2660	169066.34214038186	104310.48797760252	273.251
2661	169065.65260403455	104310.5160769932	273.32
2662	169065.00993993046	104310.63240194786	273.297
2663	169064.36881218205	104310.68533197138	273.241
2664	169063.07504370197	104310.9511351334	273.237
2665	169061.80103729697	104311.20866774023	273.23400000000004
2666	169061.16351491737	104311.28367159143	273.278
2667	169060.5377711421	104311.45456035994	273.236
2668	169059.88025868716	104311.50224112533	273.189
2669	169059.20928101017	104311.65795093216	273.113
2670	169058.53000130717	104311.70963173267	273.105
2671	169057.88302705451	104311.80165699217	273.068
2672	169056.5384172447	104312.02519668639	273.06
2673	169055.8491784255	104312.1686058538	273.007
2674	169055.14802655997	104312.25339151453	272.949
2675	169053.77721583386	104312.42493052408	272.881
2676	169053.1036828981	104312.56413291674	272.762
2677	169052.39311875348	104312.62200464681	272.687
2678	169051.69936667717	104312.73147322144	272.563
2679	169051.03051187712	104312.82601575553	272.605
2680	169049.75562723738	104313.03071429953	272.689
2681	169049.11468820533	104313.09736509994	272.709
2682	169048.49064282078	104313.19299644139	272.695
2683	169047.8119772516	104313.20630681422	272.702
2684	169047.13452198077	104313.34549581818	272.616
2685	169046.45930058177	104313.45855414402	272.66700000000003
2686	169045.83335179265	104313.65354353283	272.62
2687	169045.21380999882	104313.78589707147	272.558
2688	169044.58253587584	104313.90838316176	272.462
2689	169043.93309000228	104313.99372747354	272.39599999999996
2690	169043.23121342986	104314.04885102529	272.382
2691	169042.53457827846	104314.13384002168	272.361
2692	169041.8707517773	104314.15258071292	272.33099999999996
2693	169041.2550439376	104314.27660635859	272.295
2694	169040.6393360979	104314.40063200425	
2695	169039.95748909935	104314.53798044907	
2696	169039.2756421008	104314.67532889388	
2697	169038.59379510226	104314.81267733869	
2698	169037.91194810372	104314.9500257835	
2699	169037.23010110517	104315.08737422831	
2700	169036.54825410663	104315.22472267313	
2701	169035.8664071081	104315.36207111794	
2702	169035.18456010954	104315.49941956275	
2703	169034.502713111	104315.63676800756	
2704	169033.82086611245	104315.77411645238	
2705	169033.1390191139	104315.91146489719	
2706	169032.45717211536	104316.048813342	
2707	168961.15676373668	104323.62446051929	271.935
2708	168961.17002376314	104323.60615532566	271.943
2709	168961.19073044436	104323.59955590498	271.922
2710	168961.19580775875	104323.60902859736	271.937
2711	168961.25237478575	104323.61293926928	272.0
2712	168961.2999898203	104323.59401585627	271.983
2713	168961.29942277004	104323.58641317114	272.012
2714	168961.27344761876	104323.57056249212	272.04200000000003
2715	168961.15060531476	104323.61813543737	272.068
2716	168960.23665666705	104323.71032666601	272.178
2717	168959.63712590348	104323.79901194759	272.145
2718	168958.95739615336	104323.8112175921	272.125
2719	168958.27620032235	104323.90072223265	272.063
2720	168957.59308956447	104323.96074439678	272.101
2721	168956.95143653092	104324.02833068836	272.106
2722	168956.30038622252	104324.13092048	272.103
2723	168955.64211989145	104324.19066128694	272.10900000000004
2724	168954.98158693683	104324.28580194432	272.15
2725	168954.34938067	104324.27148373518	272.149
2726	168953.69132199106	104324.37275102921	272.15
2727	168952.3432491634	104324.53661182057	272.134
2728	168951.68188424894	104324.63174990565	272.077
2729	168950.98753356215	104324.74345409591	271.998
2730	168949.57598768309	104324.90671712812	271.91200000000003
2731	168948.88542949257	104325.02158668544	271.936
2732	168948.2266548036	104325.05741234776	272.019
2733	168947.59207651363	104325.2073346274	271.965
2734	168946.92226628534	104325.30411145091	271.955
2735	168945.6022284915	104325.60562773421	271.906
2736	168944.9296837635	104325.70258038305	271.883
2737	168944.24706202478	104325.79208171461	271.9
2738	168942.95493046194	104325.8362035444	271.991
2739	168942.3508279597	104325.80771314912	272.099
2740	168941.70576123602	104325.93238661345	272.066
2741	168941.0461372563	104326.00621337071	271.993
2742	168940.41334371516	104326.1225888189	271.91900000000004
2743	168939.75892984823	104326.23517919611	271.867
2744	168939.0449588306	104326.31585586164	271.784
2745	168938.33741316118	104326.42788516264	271.753
2746	168937.65888832873	104326.46883202344	271.778
2747	168936.99845549813	104326.60253467597	271.722
2748	168936.2939807403	104326.62058674078	271.688
2749	168935.6316089704	104326.73148066178	271.573
2750	168934.92156937916	104326.77657869086	271.502
2751	168934.19377282562	104326.86758782715	271.467
2752	168933.47676733445	104326.89949897956	271.487
2753	168932.7967164908	104327.00143157039	271.467
2754	168932.13631839814	104327.12549510505	271.434
2755	168931.43794351668	104327.29891954083	271.439
2756	168930.7878483196	104327.43377230596	271.505
2757	168930.14112006585	104327.45833509974	271.551
2758	168929.4838943194	104327.55960838404	271.543
2759	168928.81486239104	104327.60522493534	271.611
2760	168928.20897421805	104327.74338790774	271.592
2761	168927.55090521654	104327.81462657452	271.524
2762	168926.86149269648	104327.97492162138	271.457
2763	168925.54486403917	104328.18802804127	271.322
2764	168924.8564490557	104328.30216687918	271.296
2765	168924.1703709209	104328.39443913754	271.257
2766	168922.88313495246	104328.59856780991	271.256
2767	168922.24704908245	104328.77147504967	271.237
2768	168921.56347720392	104328.86097589973	271.251
2769	168920.88792782402	104328.96737530455	271.21
2770	168920.23138308973	104329.04455255345	271.20599999999996
2771	168918.91601533355	104329.23764391337	271.144
2772	168918.2632345139	104329.29277446121	271.145
2773	168917.59492476887	104329.36916837934	271.163
2774	168916.24930859738	104329.44517622236	271.144
2775	168915.55977425713	104329.4736659145	271.106
2776	168914.8585798671	104329.57163208723	271.031
2777	168914.09154827843	104329.66528422851	271.058
2778	168913.4518496585	104329.81815836672	271.04400000000004
2779	168912.77606137577	104329.85856206529	271.027
2780	168912.11575828766	104329.92312090937	270.95799999999997
2781	168911.43303597628	104329.97462285683	271.002
2782	168910.77155015245	104330.00432587322	271.064
2783	168910.0899349046	104330.07863390539	271.062
2784	168909.39939600468	104330.12213672418	271.05400000000003
2785	168908.74575365733	104330.25197418593	271.045
2786	168908.07111156808	104330.27106369194	271.128
2787	168907.4304043453	104330.37369650602	271.11
2788	168906.78142143055	104330.39732717536	271.139
2789	168906.16767694845	104330.50561809354	271.094
2790	168905.5289618762	104330.58304635808	271.068
2791	168904.86391915227	104330.70987739228	270.988
2792	168904.22110550647	104330.7700506486	270.982
2793	168903.56936672123	104330.76660611946	271.029
2794	168902.92331041818	104330.80285369139	271.036
2795	168902.27233259234	104330.78606456332	271.033
2796	168901.59902838068	104330.89636747725	271.018
2797	168900.27158069532	104331.1105537545	270.967
2798	168898.93926124065	104331.39071881771	270.848
2799	168898.2702199326	104331.53885526862	270.784
2800	168897.65256594072	104331.67679426074	270.82099999999997
2801	168896.97439788055	104331.81766833924	270.801
2802	168896.28170050195	104331.86654121242	270.791
2803	168895.6085550328	104331.932539233	270.731
2804	168894.94152227291	104331.88473483548	270.74
2805	168894.29663264976	104331.99365725275	270.663
2806	168893.6047806428	104332.0388258677	270.644
2807	168892.29543171104	104332.24455131125	270.625
2808	168891.63871193252	104332.33767430391	270.591
2809	168890.95762994012	104332.42922720313	270.53700000000003
2810	168889.69253827896	104332.59099071566	270.44
2811	168889.0697645846	104332.5984036848	270.408
2812	168888.46241408732	104332.68058069609	270.423
2813	168887.84084519593	104332.7167322794	270.416
2814	168887.2897912778	104332.77871872578	270.423
2815	168886.21386446262	104332.79452247731	270.465
2816	168885.67701683904	104332.87268809136	270.449
2817	168885.0912873995	104332.85872968286	270.473
2818	168884.450156265	104332.91390604712	270.385
2819	168883.77453784077	104332.9402250424	270.404
2820	168883.20150769362	104332.99824033957	270.468
2821	168882.61127338235	104333.0806645872	270.51099999999997
2822	168882.00529671728	104333.04457372706	270.54200000000003
2823	168881.36382759307	104333.09455856867	270.514
2824	168880.67400796106	104333.07003261708	270.565
2825	168879.9942743189	104333.08373143058	270.487
2826	168879.27079400388	104333.09838627744	270.502
2827	168878.5789078269	104333.15319657978	270.508
2828	168877.8847390767	104333.181489232	270.488
2829	168877.21460777073	104333.20245260373	270.515
2830	168876.52114126296	104333.26708275732	270.462
2831	168875.85137385837	104333.2860084027	270.482
2832	168875.15410992847	104333.38214005344	270.462
2833	168874.42804309828	104333.38881491031	270.433
2834	168873.7062914824	104333.48523002304	270.301
2835	168872.96973033424	104333.53469075356	270.302
2836	168872.28502159775	104333.61010488868	270.276
2837	168871.57884416438	104333.6392823765	270.255
2838	168870.89851595883	104333.68634893745	270.178
2839	168870.2699391849	104333.7543631969	270.24
2840	168869.59864581193	104333.76790811401	270.20599999999996
2841	168868.90336504177	104333.87461442966	270.203
2842	168868.16808071823	104333.89942462556	270.193
2843	168867.47586336487	104334.01374271605	270.128
2844	168866.04115493654	104334.10724175349	269.991
2845	168865.3369943567	104334.13753956556	269.973
2846	168864.61624028083	104334.22098275833	269.933
2847	168863.1944698221	104334.31971945707	269.885
2848	168862.54565792176	104334.42881711759	269.91700000000003
2849	168861.8769929479	104334.43866476323	269.914
2850	168861.21343442472	104334.54974913131	269.818
2851	168860.47871875216	104334.58179230988	269.839
2852	168859.1228389052	104334.80311726686	269.698
2853	168858.41636416136	104334.88234850392	269.722
2854	168857.70982086702	104334.94749057945	269.813
2855	168856.37859684796	104335.05489451252	269.909
2856	168855.71679377212	104335.07385113277	269.88
2857	168855.04797955177	104335.1921474021	269.82
2858	168854.3103940223	104335.22900111601	269.798
2859	168853.5795536421	104335.34095859248	269.844
2860	168852.8433153656	104335.36669441592	269.877
2861	168852.1440431086	104335.49285376351	269.897
2862	168851.44247998903	104335.52816799562	269.83
2863	168850.75684756704	104335.56279764231	269.781
2864	168849.3419002633	104335.6150315972	269.71299999999997
2865	168848.6153455593	104335.65859920904	269.724
2866	168847.93635662954	104335.66359185614	269.77099999999996
2867	168847.2964047911	104335.75492635183	269.789
2868	168846.6109766102	104335.76564302295	269.809
2869	168845.9115481711	104335.86900068447	269.798
2870	168845.17368737678	104335.91642144881	269.7
2871	168844.42977600006	104336.02722126618	269.578
2872	168843.70452941983	104336.10397753771	269.539
2873	168843.04979087805	104336.17523857672	269.528
2874	168842.377364975	104336.2731315745	269.567
2875	168841.01561128284	104336.44197719451	269.59
2876	168839.69728066528	104336.46730721463	269.518
2877	168839.00554093285	104336.44797052909	269.51599999999996
2878	168838.3496274641	104336.58207235206	269.498
2879	168837.6673512812	104336.60892963223	269.533
2880	168837.06671077776	104336.67649130989	269.476
2881	168835.80103697255	104336.76893285476	269.423
2882	168835.1171824133	104336.83842262533	269.39799999999997
2883	168834.41375749922	104336.8292408688	269.47700000000003
2884	168833.7159467422	104336.91239930224	269.39
2885	168833.0144467275	104336.9301049402	269.403
2886	168831.64951585123	104337.09004332032	269.599
2887	168831.0245085407	104337.19070214033	269.595
2888	168830.36101667854	104337.18333170656	269.504
2889	168829.00872684718	104337.26508475281	269.45799999999997
2890	168828.38173925865	104337.321059837	269.468
2891	168827.70433408665	104337.3486772906	269.468
2892	168826.98702762544	104337.36558586173	269.428
2893	168826.28909290786	104337.4502278855	269.44
2894	168825.6288083743	104337.51016303245	269.439
2895	168824.94198561442	104337.64545403514	269.421
2896	168824.21570674697	104337.71182791982	269.48900000000003
2897	168823.52720077045	104337.8524891762	269.45799999999997
2898	168822.1416221028	104338.0027165804	269.26
2899	168821.42924008874	104338.03873776831	269.171
2900	168820.77842667096	104338.0760906944	269.074
2901	168820.09268715474	104338.10757244099	268.991
2902	168819.36711502422	104338.10906591546	268.997
2903	168818.62818698055	104338.1559304297	269.022
2904	168817.9303007129	104338.12693475187	269.005
2905	168817.25767147125	104338.14863833599	268.972
2906	168816.57023746506	104338.088535944	268.966
2907	168815.8752383207	104338.11664838158	268.913
2908	168815.19823019597	104338.13296056539	268.868
2909	168814.48170378857	104338.16451876424	268.857
2910	168813.7546122396	104338.25888382178	268.89
2911	168813.0571651742	104338.3068237491	268.94599999999997
2912	168812.3810916104	104338.427880276	268.932
2913	168811.66088899958	104338.45701580029	268.873
2914	168810.93673816434	104338.56010465603	268.85400000000004
2915	168810.21307333457	104338.62686053477	268.79200000000003
2916	168809.48170468173	104338.68728610221	268.722
2917	168808.7920255809	104338.72357520647	268.728
2918	168808.13356334215	104338.7725815	268.74
2919	168807.50740762765	104338.86211610027	268.743
2920	168806.79716549182	104338.93151557725	268.666
2921	168806.10220970793	104339.08105445746	268.623
2922	168805.3931430022	104339.12079723552	268.552
2923	168803.9721357262	104339.20620506164	268.529
2924	168803.31384270074	104339.2744922489	268.535
2925	168802.6448892765	104339.29880612157	268.503
2926	168801.28296823782	104339.34827554878	268.389
2927	168800.56604513247	104339.35777379386	268.447
2928	168799.8746162957	104339.41815745179	268.536
2929	168799.22120585418	104339.41712977551	268.55400000000003
2930	168798.58610442307	104339.51534653641	268.528
2931	168797.23631412868	104339.66329784971	268.421
2932	168796.5139657291	104339.72765032016	268.362
2933	168795.85514609446	104339.84376503713	268.312
2934	168794.49372527935	104339.91974757053	268.209
2935	168793.86198506795	104339.9753390709	268.233
2936	168793.25068041362	104340.00022998359	268.238
2937	168792.58745989215	104340.05033357162	268.171
2938	168791.9427687818	104340.00410468131	268.218
2939	168791.2916758907	104340.05332466494	268.16700000000003
2940	168790.6074362331	104340.03086949047	268.111
2941	168789.95259473112	104340.13142703194	267.991
2942	168789.25026426825	104340.21568753757	267.964
2943	168788.53366615178	104340.33437838126	267.91900000000004
2944	168787.7969707858	104340.38867039979	267.91
2945	168787.11897737504	104340.44817659911	267.909
2946	168786.37274244416	104340.51096244529	267.77299999999997
2947	168785.65712857613	104340.55346530676	267.77
2948	168784.9842097345	104340.65673990175	267.697
2949	168784.28006305243	104340.68352628313	267.653
2950	168783.60253551215	104340.77918401454	267.598
2951	168782.91063335608	104340.80564335175	267.586
2952	168782.27355386486	104340.89199060947	267.506
2953	168781.564080903	104340.94582414068	267.481
2954	168780.85791576863	104341.00541636162	267.476
2955	168780.167707911	104341.09027731139	267.552
2956	168779.50142482232	104341.13258561771	267.615
2957	168778.14883370136	104341.29962615017	267.69
2958	168776.81352250522	104341.38738508802	267.643
2959	168776.14788401744	104341.51589858811	267.63599999999997
2960	168775.47047796854	104341.57744755968	267.61
2961	168774.0809893757	104341.69133882411	267.487
2962	168773.43241940104	104341.73315470573	267.462
2963	168772.7209492683	104341.81386266556	267.402
2964	168772.00364917252	104341.86266435683	267.42900000000003
2965	168771.33118749558	104341.93776429165	267.45599999999996
2966	168769.92375004705	104342.01822416484	267.51099999999997
2967	168769.24264713464	104342.04972896539	267.519
2968	168768.5713570552	104342.12965333648	267.465
2969	168767.20647103575	104342.21100663953	267.44599999999997
2970	168766.53062624522	104342.26811314467	267.411
2971	168765.81334898938	104342.3439814793	267.387
2972	168765.13612361156	104342.42166062258	267.382
2973	168764.4942659233	104342.41437529214	267.406
2974	168763.85546221051	104342.45085096359	267.449
2975	168763.2784993111	104342.37854193617	267.49
2976	168762.64893026516	104342.42543192953	267.467
2977	168761.99637596728	104342.41773814429	267.473
2978	168760.67447317403	104342.5457765963	267.447
2979	168760.02718102015	104342.62949491292	267.405
2980	168759.33212289133	104342.67448429205	267.416
2981	168758.66948712245	104342.6940062251	267.494
2982	168758.01665177176	104342.76546990965	267.547
2983	168757.37108793668	104342.79765857942	267.58299999999997
2984	168756.70140077	104342.92838473059	267.526
2985	168756.04438174565	104342.97295346204	267.469
2986	168755.39283266317	104343.0839083353	267.436
2987	168754.72314347082	104343.14826808497	267.423
2988	168754.09304319115	104343.2109146528	267.415
2989	168753.42693580012	104343.27083812281	267.383
2990	168752.7792513085	104343.3311978411	267.436
2991	168751.4572112033	104343.53153695818	267.505
2992	168750.75881181838	104343.68070010655	267.538
2993	168750.06187288265	104343.75330589339	267.56
2994	168749.40581216064	104343.89631652366	267.485
2995	168748.70959502034	104343.96651509218	267.45
2996	168748.02728037286	104344.07161484938	267.403
2997	168747.40343017125	104344.148373398	267.39
2998	168746.75327751736	104344.16738497745	267.42
2999	168746.06690525825	104344.2435510438	267.464
3000	168745.4267932633	104344.24684097432	267.512
3001	168744.79095504223	104344.38566015195	267.52099999999996
3002	168743.51619336408	104344.56132787559	267.436
3003	168742.85136748114	104344.6286724871	267.406
3004	168742.22886327497	104344.66113020293	267.459
3005	168740.89806287267	104344.81806156132	267.574
3006	168740.27885503785	104344.92653768789	267.592
3007	168739.65147377126	104344.89298252389	267.541
3008	168738.96581342988	104345.00307688303	267.522
3009	168738.3098730037	104345.0787957646	267.507
3010	168737.00366949115	104345.23822531197	267.44599999999997
3011	168736.32138168951	104345.30235731974	267.47700000000003
3012	168735.66479873387	104345.45871527586	267.491
3013	168734.2947604102	104345.65258546267	267.45
3014	168733.6145111641	104345.71171974018	267.387
3015	168732.9755547787	104345.82494660933	267.302
3016	168732.3311537235	104345.89811180532	267.279
3017	168731.66843564349	104345.94099491462	267.351
3018	168730.97691185647	104346.02863833215	267.403
3019	168730.3167707271	104346.08228288498	267.41900000000004
3020	168729.64919860454	104346.22024983726	267.358
3021	168728.89491200002	104346.24111896846	267.379
3022	168728.22784647386	104346.3032667907	267.369
3023	168727.51534410784	104346.34022708703	267.366
3024	168726.8346281093	104346.3969506193	267.334
3025	168726.10628434352	104346.47649273276	267.344
3026	168725.4087269001	104346.52258998994	267.34
3027	168724.71448771222	104346.6385879945	267.373
3028	168724.02924312418	104346.66507862322	267.426
3029	168723.36706422237	104346.79064490926	267.428
3030	168722.70414336416	104346.85725727677	267.42
3031	168722.12751575522	104346.92510247044	267.402
3032	168721.47485806578	104347.01381178387	267.389
3033	168720.8023341013	104347.07334585022	267.434
3034	168720.1730995277	104347.19383860286	267.514
3035	168719.53959841197	104347.21013180539	267.527
3036	168718.8670843152	104347.3004395105	267.558
3037	168718.20485515546	104347.30606431793	267.541
3038	168716.8735445619	104347.47319589462	267.62
3039	168716.21947640504	104347.55745169614	267.621
3040	168715.5820580072	104347.63935660757	267.611
3041	168714.24595486338	104347.81722400058	267.622
3042	168713.56230499275	104347.86337209027	267.71
3043	168712.92042626094	104347.9964268636	267.76099999999997
3044	168712.27419678646	104348.01545657218	267.806
3045	168711.6468538548	104348.1053690603	267.825
3046	168710.35550743874	104348.16493707709	267.72900000000004
3047	168709.6535313208	104348.21695297677	267.655
3048	168708.9502148374	104348.24467921536	267.598
3049	168707.56012399658	104348.36173728108	267.694
3050	168706.88458149915	104348.46816398576	267.649
3051	168706.22286669735	104348.46285459772	267.645
3052	168705.5675681678	104348.55897178315	267.598
3053	168704.86915680923	104348.61137170158	267.53700000000003
3054	168704.1584898872	104348.70080464892	267.472
3055	168703.48728502018	104348.75719409715	267.47700000000003
3056	168702.80919652773	104348.84414723236	267.379
3057	168702.1075517234	104348.97050335258	267.395
3058	168701.40275131832	104349.04809301533	267.346
3059	168700.72012697067	104349.1404064279	267.32099999999997
3060	168700.02032732713	104349.14849584829	267.335
3061	168699.3289863596	104349.21834740043	267.319
3062	168698.62856999566	104349.19918371644	267.323
3063	168697.9689642202	104349.26970392559	267.285
3064	168697.3149823437	104349.26256920211	267.243
3065	168696.68531664432	104349.23642630875	267.231
3066	168696.0526050463	104349.19766675681	267.225
3067	168695.3756064042	104349.14466153551	267.153
3068	168694.69735229402	104349.14411497302	267.14
3069	168694.05603486084	104349.05156451836	267.115
3070	168693.41733374493	104349.12660843506	267.144
3071	168692.78044541282	104349.09246903751	267.16700000000003
3072	168691.528636755	104349.23208105657	267.103
3073	168690.3934493084	104349.40176706668	267.223
3074	168689.7866706824	104349.49175489973	267.279
3075	168689.2356615246	104349.67667015083	267.316
3076	168688.6683594667	104349.76309014577	267.282
3077	168688.07985097036	104349.89670750964	267.27099999999996
3078	168687.4541649321	104349.98885330372	267.296
3079	168686.84834208808	104349.97669955064	267.336
3080	168686.2380074561	104350.06389448885	267.335
3081	168685.6121592734	104350.03387340344	267.344
3082	168684.9831993002	104350.07706714328	267.29200000000003
3083	168684.40907312318	104350.1100735357	267.332
3084	168683.86865084575	104350.12484641187	267.346
3085	168683.2963047713	104350.22589429561	267.305
3086	168682.05466441254	104350.44822474383	267.317
3087	168681.46041328774	104350.49154165667	267.297
3088	168680.88063886974	104350.54195433296	267.33
3089	168680.29141856602	104350.64164519683	267.351
3090	168679.66784044102	104350.67558951676	267.408
3091	168678.4194780839	104350.78203349933	267.402
3092	168677.82183258762	104350.84406236652	267.356
3093	168677.2191318263	104350.92387006618	267.311
3094	168676.61727756218	104350.99960243143	267.358
3095	168676.06311512558	104351.13519637659	267.395
3096	168675.47368560339	104351.1596220741	267.413
3097	168674.8915217985	104351.24710329529	267.35400000000004
3098	168674.32185610075	104351.26251529064	267.282
3099	168673.73501543258	104351.29436560161	267.22900000000004
3100	168673.1901422018	104351.32413974963	267.276
3101	168672.6604633419	104351.25886686705	267.251
3102	168672.09110418704	104351.25481510721	267.232
3103	168671.52585225375	104351.26579384599	267.23
3104	168670.98654409518	104351.30170548335	267.247
3105	168670.48448860625	104351.39150953107	267.289
3106	168669.94375576972	104351.39330601413	267.291
3107	168669.4526742244	104351.50595088955	267.274
3108	168668.47968526706	104351.62430797331	267.293
3109	168667.96633172227	104351.71574076544	267.336
3110	168667.48885901354	104351.7110873172	267.357
3111	168667.0352261154	104351.82219631877	267.351
3112	168666.62834190502	104351.82279769983	267.339
3113	168666.23428732058	104351.82566902507	267.393
3114	168665.81571029164	104351.97323681228	267.39
3115	168665.44369690437	104352.0290198559	267.425
3116	168665.26119522133	104352.14145781379	267.41
3117	168665.19420807474	104352.12620520499	267.39
3118	168665.15252030696	104352.11641806085	267.393
3119	168665.15319231813	104351.99351238273	267.465
3120	168665.17621429762	104351.93705231976	267.478
3121	168665.18325422483	104351.92947654799	267.505
3122	168665.24986608746	104351.98365798127	267.483
3123	168665.13426609477	104352.10189378913	267.52099999999996
3124	168665.02558921394	104352.07741017081	267.57099999999997
3125	168665.0137947029	104352.01767559908	267.579
3126	168665.03772895984	104351.97215627506	267.598
3127	168665.11088567853	104351.95702809095	267.587
3128	168665.11320373203	104351.9401665479	267.589
3129	168665.1181453859	104351.85361076891	267.566
3130	168665.05094015447	104351.83279593755	267.633
3131	168665.0498104094	104351.88340114336	267.64099999999996
3132	168665.03990163957	104351.92915540375	267.664
3133	168665.0434175192	104351.90970275272	267.678
3134	168665.0825128639	104351.87943829689	267.691
3135	168665.03322416422	104352.00235757045	267.664
3136	168664.94755237855	104352.2289620284	267.67900000000003
3137	168664.85292807387	104352.36525397655	267.676
3138	168664.66913919867	104352.47194057703	267.721
3139	168664.5574510041	104352.55960224196	267.72
3140	168664.40700956722	104352.88348861504	267.70799999999997
3141	168664.48643100585	104357.65549349412	267.97900000000004
3142	168664.44809160838	104357.4045366263	268.005
3143	168664.661216851	104357.27088795137	268.009
3144	168664.87207502822	104357.34152187686	268.032
3145	168665.05411739694	104357.29174128454	268.046
3146	168665.11918525174	104357.34554650262	268.064
3147	168665.08427582626	104357.30130231194	268.07099999999997
3148	168665.0596814975	104357.26450983994	268.082
3149	168665.07519558386	104357.24713878147	268.116
3150	168665.06104045766	104357.21631540544	268.124
3151	168664.9403313316	104357.33397701848	268.10900000000004
3152	168664.83340317078	104357.28558535036	268.10400000000004
3153	168664.72647500996	104357.23719368223	
3154	168664.36277378266	104357.0725961716	
3155	168663.99907255537	104356.90799866096	
3156	168663.63537132807	104356.74340115032	
3157	168663.27167010077	104356.57880363968	
3158	168662.90796887348	104356.41420612905	
3159	168662.54426764618	104356.24960861841	
3160	168662.1805664189	104356.08501110777	
3161	168661.8168651916	104355.92041359714	
3162	168661.4531639643	104355.7558160865	
3163	168661.089462737	104355.59121857586	
3164	168660.7257615097	104355.42662106523	
3165	168660.3620602824	104355.26202355459	
3166	168739.53557516652	104352.63411037996	267.758
3167	168739.5453879082	104352.61560702603	267.79900000000004
3168	168739.54983607988	104352.56797971297	267.862
3169	168739.58762810647	104352.57015297934	267.889
3170	168739.7207554392	104352.6047354741	267.908
3171	168740.1172305892	104352.48916614056	267.897
3172	168740.59856115762	104352.41153035872	267.89599999999996
3173	168741.81409265296	104352.41250592377	267.961
3174	168743.0822667661	104352.48485511728	267.91200000000003
3175	168743.73056285374	104352.51978257019	267.935
3176	168744.39763351105	104352.48952237517	267.95
3177	168745.07899330373	104352.51919124927	267.957
3178	168745.7135224241	104352.48102971353	267.932
3179	168746.37251858177	104352.4818852339	267.932
3180	168747.03073070617	104352.46920518856	267.91900000000004
3181	168747.64282079044	104352.49047177006	267.909
3182	168748.31027460698	104352.51972094644	267.91
3183	168748.94822651005	104352.48843106814	267.92400000000004
3184	168749.63710353457	104352.54352449998	267.95799999999997
3185	168750.3021239001	104352.52159994282	267.974
3186	168750.97469328882	104352.58312402572	267.947
3187	168751.65066179348	104352.55771625042	267.942
3188	168752.3437848738	104352.55517140403	267.91900000000004
3189	168753.03222992088	104352.49755168147	267.883
3190	168753.71515583183	104352.45437222626	267.818
3191	168754.43096895472	104352.38869305048	267.78
3192	168755.12031231812	104352.34590732213	267.796
3193	168755.78685560776	104352.33029183932	267.754
3194	168756.45385384484	104352.2535021007	267.76599999999996
3195	168757.1218775137	104352.22269074433	267.79400000000004
3196	168757.799453129	104352.11294079479	267.793
3197	168758.47866796522	104352.07716403902	267.774
3198	168759.15350869132	104351.93422123045	267.717
3199	168759.80735544383	104351.87888948433	267.744
3200	168760.43044462215	104351.78192309011	267.657
3201	168761.12057965697	104351.71708053537	267.645
3202	168761.78768901553	104351.64251644071	267.653
3203	168762.38634496386	104351.56400166731	267.686
3204	168763.03623797087	104351.55092330184	267.707
3205	168764.38484023258	104351.53550697025	267.738
3206	168765.04253491212	104351.46776896622	267.683
3207	168765.6827692021	104351.42981547024	267.664
3208	168766.31545800652	104351.37440936547	267.60400000000004
3209	168766.95362881204	104351.2815757133	267.567
3210	168768.30512979557	104351.08597968146	267.58299999999997
3211	168768.95527971085	104351.06752688438	267.603
3212	168769.5995917896	104350.95246957056	267.629
3213	168770.88581602686	104350.69528091885	267.695
3214	168771.52155990995	104350.64989690296	267.637
3215	168772.21077527	104350.57633958664	267.599
3216	168772.87963036698	104350.51234984677	267.595
3217	168773.49580955182	104350.45336368028	267.658
3218	168774.18319059192	104350.39425986726	267.684
3219	168774.87126600466	104350.37390338816	267.675
3220	168775.517165987	104350.28035671264	267.68
3221	168776.1769140996	104350.3038351778	267.688
3222	168777.54682835168	104350.24530401547	267.716
3223	168778.2457133238	104350.2270255955	267.661
3224	168778.9172923961	104350.23274981696	267.632
3225	168779.55389267317	104350.24743347894	267.642
3226	168780.14772414233	104350.22210810333	267.693
3227	168780.82879862565	104350.23175933957	267.73
3228	168781.48652641065	104350.12138570938	267.699
3229	168782.12499141053	104350.11308897752	267.749
3230	168782.69694459392	104350.02280250657	267.718
3231	168783.31449430838	104349.97957979701	267.68
3232	168784.00813211067	104349.96610340569	267.751
3233	168785.395586378	104349.88891309407	267.84
3234	168786.76994429436	104349.91790027171	267.82599999999996
3235	168787.4419513934	104349.93697457947	267.809
3236	168788.77304764593	104349.99769406859	267.78700000000003
3237	168789.38580736227	104349.9978343444	267.849
3238	168790.51496169588	104349.98794709612	267.877
3239	168791.11425711447	104349.96375467721	267.91200000000003
3240	168791.68165714137	104349.85028027557	267.935
3241	168792.2669805101	104349.81083698198	267.91700000000003
3242	168792.956195271	104349.8043905301	267.978
3243	168794.26650128717	104349.72822575457	268.068
3244	168794.93260307034	104349.66979045514	268.072
3245	168795.61287404678	104349.70483802818	268.073
3246	168796.9029796931	104349.66011691466	268.056
3247	168797.50698495057	104349.6485479325	268.04
3248	168798.18566345292	104349.59664615616	268.046
3249	168798.81822550762	104349.5770221483	268.10400000000004
3250	168799.43317003248	104349.46427391376	268.143
3251	168800.01613873438	104349.45188882481	268.175
3252	168800.65121723	104349.35978975333	268.147
3253	168801.3135689779	104349.319694696	268.08299999999997
3254	168801.96677203802	104349.27845487278	268.065
3255	168803.2094577016	104349.23152731918	268.20799999999997
3256	168803.75897938845	104349.13170881476	268.284
3257	168804.3628981931	104349.1110566007	268.282
3258	168804.9644349083	104349.02495624218	268.27299999999997
3259	168805.53769166445	104349.00271196011	268.268
3260	168806.15151792028	104348.9704161752	268.249
3261	168806.8351863857	104348.9526435053	268.242
3262	168807.51411085366	104348.96525662765	268.281
3263	168808.21155118296	104348.91879899986	268.308
3264	168808.85592935904	104348.952422807	268.308
3265	168809.49671763743	104348.89260153752	268.345
3266	168810.12147896294	104348.89389923774	268.378
3267	168810.68308485026	104348.80543276295	268.379
3268	168811.2337623749	104348.71488823276	268.39
3269	168811.85349831745	104348.69206861965	268.439
3270	168812.45121364458	104348.57759210374	268.472
3271	168813.10833351375	104348.53803603724	268.512
3272	168813.76308529713	104348.4625075683	268.483
3273	168814.368624083	104348.42091413774	268.46299999999997
3274	168814.97276886093	104348.40360080823	268.466
3275	168815.5785678447	104348.35570546705	268.545
3276	168816.22678012226	104348.38081626873	268.60900000000004
3277	168816.8338014542	104348.32347095385	268.63
3278	168817.45618421337	104348.32513180654	268.685
3279	168818.1320756903	104348.25486987084	268.689
3280	168819.34176132514	104348.22877667751	268.697
3281	168820.48811795743	104348.22841156926	268.738
3282	168821.09565973037	104348.15846264269	268.754
3283	168821.74028754322	104348.18875203654	268.80400000000003
3284	168822.42930053108	104348.13892938569	268.775
3285	168823.103506182	104348.07477967162	268.757
3286	168823.77442460347	104347.96575595997	268.7
3287	168824.41676763684	104347.93671539705	268.684
3288	168825.57948623266	104347.91472004261	268.722
3289	168826.26473182105	104347.921425879	268.776
3290	168826.97347791685	104347.8713033814	268.837
3291	168828.2835251303	104347.93473850843	268.798
3292	168828.86354747557	104347.948670296	268.73900000000003
3293	168829.46820211023	104347.95508929621	268.718
3294	168830.11145968296	104347.96961738262	268.724
3295	168830.73925744204	104347.98612963501	268.785
3296	168831.9559783633	104347.85384068917	268.923
3297	168832.5414497378	104347.73969355505	268.895
3298	168833.16019418725	104347.66162915435	268.894
3299	168833.7629142554	104347.57720472012	268.947
3300	168834.28785397025	104347.4709987631	269.02099999999996
3301	168834.83816465852	104347.45015889313	269.093
3302	168835.4446522384	104347.34257537033	269.107
3303	168836.06857784023	104347.31161673181	269.084
3304	168836.72329297606	104347.27984105237	269.063
3305	168837.39390943685	104347.32227483392	269.077
3306	168838.07365342698	104347.37178574968	269.11
3307	168838.70706383872	104347.34772037342	269.168
3308	168839.31526863866	104347.35860231798	269.254
3309	168839.93682303844	104347.29259853996	269.284
3310	168840.5954110392	104347.30810948461	269.298
3311	168841.24431713918	104347.23868115712	269.293
3312	168841.89083999122	104347.17091284692	269.285
3313	168842.45880055247	104347.10063981265	269.363
3314	168843.07057264465	104346.97787471209	269.405
3315	168843.69044235453	104346.95098090265	269.488
3316	168844.31668800357	104346.90279101953	269.505
3317	168844.93224615837	104346.88496567588	269.5
3318	168845.5063916032	104346.84697144479	269.499
3319	168846.1376765986	104346.7856376525	269.517
3320	168846.74262000967	104346.77778526396	269.54
3321	168847.35645973083	104346.67523463815	269.58
3322	168847.9870274155	104346.64837950375	269.565
3323	168848.62761640237	104346.5779954996	269.616
3324	168849.22201604728	104346.5269118417	269.596
3325	168850.40556762446	104346.39636259433	269.689
3326	168851.00612364028	104346.38552893233	269.743
3327	168851.57309003483	104346.29411981162	269.711
3328	168852.72499741416	104346.20405674819	269.688
3329	168853.29116068536	104346.13785685878	269.707
3330	168853.9060251835	104346.08128530905	269.774
3331	168854.55527100852	104346.01667975262	269.815
3332	168855.19480360337	104345.9425851386	269.862
3333	168856.33604810084	104345.77610754315	269.974
3334	168856.95271799155	104345.64668778703	269.97
3335	168857.574165364	104345.64408623707	270.0
3336	168858.8279993285	104345.60462679528	269.985
3337	168859.43066882776	104345.56784819439	269.965
3338	168860.0377617847	104345.49067224469	270.015
3339	168860.65399602347	104345.5166012235	270.015
3340	168861.299858163	104345.4675564766	270.03700000000003
3341	168861.9203118881	104345.44363299385	270.08099999999996
3342	168862.53721411055	104345.3490664754	270.061
3343	168863.14235299276	104345.2865290558	270.06
3344	168863.73797969104	104345.25806796923	270.086
3345	168864.3554657053	104345.16646985896	270.10400000000004
3346	168864.94880984482	104345.1780432025	270.14599999999996
3347	168865.53798495265	104345.05890763737	270.132
3348	168866.12577943323	104344.99352789577	270.15
3349	168866.75463757198	104344.91290819179	270.147
3350	168867.34978454752	104344.85237476882	270.159
3351	168867.98677162715	104344.7921762336	270.204
3352	168868.62276110356	104344.71176760923	270.228
3353	168869.23942747834	104344.71656561643	270.284
3354	168869.85051410456	104344.61956921406	270.318
3355	168870.51952480775	104344.57913583517	270.332
3356	168871.2121520752	104344.48280163389	270.327
3357	168872.5730431464	104344.35548619833	270.313
3358	168873.87525194077	104344.31731543224	270.378
3359	168874.48243660975	104344.28111081943	270.42400000000004
3360	168875.0696683355	104344.30675247032	270.492
3361	168875.65020690867	104344.24283091072	270.502
3362	168876.22278745	104344.17721254565	270.51599999999996
3363	168876.83350641033	104344.0833671242	270.545
3364	168877.40396822296	104344.04517780617	270.539
3365	168877.98741991792	104343.9643971799	270.564
3366	168878.60383748502	104343.90579484776	270.605
3367	168879.1946411703	104343.92978128698	270.637
3368	168879.79968010323	104343.86205472797	270.656
3369	168881.02979478534	104343.84086855594	270.659
3370	168881.57454666693	104343.74586099293	270.64599999999996
3371	168882.11115672128	104343.66732335743	270.70099999999996
3372	168883.21490377214	104343.54965829011	270.77099999999996
3373	168883.77013736716	104343.48193953186	270.74
3374	168884.1790695284	104343.47394688986	270.744
3375	168884.50381819395	104343.47306860052	270.819
3376	168884.78377204426	104343.3341062162	270.812
3377	168884.86409351949	104343.34329167753	270.79400000000004
3378	168884.91446171398	104343.38536800258	270.807
3379	168884.9150162802	104343.39649288729	270.813
3380	168884.88838106167	104343.3989930125	270.814
3381	168884.88273695277	104343.4482843643	270.788
3382	168884.89396889738	104343.46519425511	270.798
3383	168884.89811594627	104343.46891671419	270.811
3384	168884.8983192169	104343.47855728865	270.807
3385	168884.89960884728	104343.4835672034	270.817
3386	168884.92112090698	104343.4843856357	270.837
3387	168884.93047883245	104343.49350279197	270.841
3388	168884.92087214912	104343.520719558	270.848
3389	168884.9588400438	104343.50695166457	270.86
3390	168884.961802834	104343.4761888925	270.867
3391	168884.95462136544	104343.42351481505	270.876
3392	168884.93791761756	104343.40769765899	270.871
3393	168884.9443648679	104343.39974929485	270.89
3394	168885.02491635995	104343.444343484	270.89099999999996
3395	168885.1333164332	104343.41303073801	270.893
3396	168885.36919717217	104343.29986426048	270.91
3397	168885.62319129723	104343.27370656747	270.879
3398	168885.92907633408	104343.29593364056	270.893
3399	168886.34258437	104343.17172320001	270.907
3400	168886.86601989798	104343.12094619963	270.881
3401	168887.41018160802	104343.02482483629	270.879
3402	168888.58260044325	104342.85012346972	270.92400000000004
3403	168889.21148416348	104342.72927869484	270.944
3404	168889.8734980878	104342.68437358085	270.952
3405	168891.1954699771	104342.47146279924	270.934
3406	168892.48614086662	104342.33592995163	270.927
3407	168893.84088780018	104342.19858739339	270.889
3408	168894.52258232608	104342.13484431524	270.874
3409	168895.1808161847	104342.01688595302	270.801
3410	168895.84204659663	104341.95844591688	270.82
3411	168896.48067825337	104341.83745149337	270.80400000000003
3412	168897.14385432337	104341.76678338554	270.83299999999997
3413	168897.80365675405	104341.64234260283	270.894
3414	168898.47751436848	104341.60953073855	270.871
3415	168899.10701202817	104341.48331326805	270.815
3416	168900.26947207132	104341.30153435282	270.77099999999996
3417	168900.88084170318	104341.15893864445	270.747
3418	168901.47857523177	104341.07339177933	270.818
3419	168902.0592430385	104340.940326198	270.85400000000004
3420	168902.72011785785	104340.91488368902	270.903
3421	168903.32530272106	104340.80656174757	270.901
3422	168903.9711273726	104340.76827420294	270.9
3423	168904.5908685469	104340.71116984077	270.904
3424	168905.19268951597	104340.64603001066	270.937
3425	168906.4513848694	104340.4775735708	271.046
3426	168907.11454598678	104340.41117043886	271.074
3427	168907.75847510883	104340.23828945588	271.126
3428	168908.41232075554	104340.117721688	271.156
3429	168909.0180487967	104339.92412675638	271.1
3430	168909.65906628582	104339.80091787688	271.079
3431	168910.26724363954	104339.68686060514	271.082
3432	168910.90386787188	104339.59552180301	271.04200000000003
3433	168911.59155070473	104339.51938178483	271.119
3434	168912.24627710716	104339.41846810188	271.191
3435	168912.90814889217	104339.38023909368	271.226
3436	168914.22130440234	104339.07387011405	271.315
3437	168914.8670853302	104338.91508563142	271.36
3438	168915.53724784462	104338.81886216719	271.32
3439	168916.18894496717	104338.7008830104	271.282
3440	168916.8440772818	104338.58625310287	271.267
3441	168917.51098199748	104338.4703677604	271.30400000000003
3442	168918.15845513658	104338.33698703535	271.329
3443	168918.77946043396	104338.25894072745	271.39
3444	168919.38126120772	104338.09999929648	271.399
3445	168919.9721542995	104338.03278280236	271.441
3446	168920.58182883702	104337.86589829251	271.44
3447	168921.18328175705	104337.73772917595	271.392
3448	168921.8060767906	104337.62465249281	271.373
3449	168923.06826899073	104337.40949633624	271.423
3450	168923.7067603903	104337.22844101768	271.441
3451	168924.33406514628	104337.0842366619	271.503
3452	168925.60991256803	104336.840025099	271.5
3453	168926.251373079	104336.72608890198	271.47700000000003
3454	168926.9192238531	104336.61169118527	271.508
3455	168927.58158689598	104336.50283534266	271.46
3456	168928.28944447404	104336.33648888674	271.494
3457	168929.62517480325	104336.0997227449	271.552
3458	168930.2456585717	104336.0346526308	271.54200000000003
3459	168930.89212826075	104335.91610040143	271.483
3460	168932.17111118828	104335.72584772855	271.43
3461	168932.8594455819	104335.6671386864	271.47900000000004
3462	168933.5370062451	104335.66270795465	271.51
3463	168934.22845383792	104335.56452394277	271.545
3464	168934.9110116117	104335.5256303018	271.621
3465	168935.56486519176	104335.37002876587	271.589
3466	168936.220154343	104335.27820376772	271.58799999999997
3467	168936.85184642024	104335.13716810662	271.507
3468	168937.4681316284	104335.0496525988	271.468
3469	168938.11998769545	104334.95392251201	271.434
3470	168938.75708655553	104334.8299615765	271.445
3471	168939.40809731898	104334.737936249	271.481
3472	168940.01607361046	104334.54768978897	271.45099999999996
3473	168940.65006720804	104334.4941629963	271.448
3474	168941.28784437708	104334.31366337556	271.42900000000003
3475	168941.92605494364	104334.21121108904	271.394
3476	168942.52576116455	104334.04002957698	271.379
3477	168943.14854180772	104333.93121912982	271.423
3478	168943.73951079472	104333.84305742383	271.498
3479	168944.3515065886	104333.7253101226	271.536
3480	168944.98828131476	104333.69181504566	271.58799999999997
3481	168945.64058351467	104333.53806300834	271.629
3482	168946.28014300816	104333.42412241176	271.704
3483	168947.61516967445	104333.18513370026	271.77299999999997
3484	168948.99754820717	104332.96744868718	271.695
3485	168949.6903864296	104332.84628435131	271.704
3486	168950.35958746134	104332.75339871086	271.677
3487	168951.02744059748	104332.63863327727	271.69599999999997
3488	168951.67784439545	104332.51713159028	271.704
3489	168952.29159503465	104332.50672750361	271.752
3490	168952.93503148688	104332.40559295844	271.736
3491	168953.57722058363	104332.35395093635	271.722
3492	168954.2328346284	104332.23802970443	271.671
3493	168955.51404562616	104332.08987230621	271.737
3494	168956.08792446495	104331.9612374464	271.782
3495	168956.69268988242	104331.83790417109	271.853
3496	168957.97532854084	104331.6232004594	271.943
3497	168958.62104916913	104331.48184697423	271.944
3498	168959.2899688908	104331.40119664464	271.941
3499	168960.00266285037	104331.27880724147	271.943
3500	168960.6494872672	104331.2273680931	271.879
3501	168961.96624098386	104331.07896906137	271.83099999999996
3502	168962.6368012248	104330.97181545943	271.889
3503	168963.2426937694	104330.76636288129	271.879
3504	168964.52810052122	104330.40985368751	271.785
3505	168965.19680429768	104330.2900877893	271.788
3506	168965.7848545927	104330.15427496564	271.71299999999997
3507	168966.40158465767	104330.04247942008	271.692
3508	168967.0569149512	104329.93953547627	271.709
3509	168967.7004775258	104329.83654935937	271.687
3510	168968.3442739651	104329.80085772183	271.742
3511	168968.93307819773	104329.65373967215	271.79
3512	168969.55916124437	104329.58554277755	271.81
3513	168970.19212980976	104329.4535993766	271.781
3514	168970.8119116608	104329.38575076405	271.742
3515	168971.44699826682	104329.29293066077	271.756
3516	168972.04996671388	104329.1736710826	271.797
3517	168972.67332392716	104329.10324018542	271.815
3518	168973.2809651354	104328.94061820861	271.855
3519	168973.90967469788	104328.86927977111	271.842
3520	168974.59712210228	104328.7269658111	271.83099999999996
3521	168975.24940049724	104328.64644310344	271.77099999999996
3522	168975.92821469466	104328.55804438051	271.785
3523	168976.6138645522	104328.4198026238	271.83
3524	168977.29892410032	104328.34662781376	271.823
3525	168978.4707462547	104328.10817287676	271.855
3526	168979.11284295723	104327.95012451429	271.801
3527	168979.7528356784	104327.88142264914	271.72900000000004
3528	168980.96281638838	104327.67554715835	271.617
3529	168982.20517215898	104327.39155719616	271.623
3530	168983.46806106632	104327.016989653	271.593
3531	168984.1189433946	104326.92812084593	271.569
3532	168984.78813923494	104326.77091207821	271.586
3533	168985.44462631515	104326.67705827113	271.555
3534	168986.11820349892	104326.59068122879	271.63599999999997
3535	168986.76975487926	104326.48105239961	271.689
3536	168987.4540216697	104326.43012185581	271.72700000000003
3537	168988.15843882752	104326.36202332936	271.719
3538	168988.85733936055	104326.37361920439	271.748
3539	168990.17257915987	104326.21706494503	271.687
3540	168990.80408717893	104326.12794192787	271.681
3541	168991.43907566118	104326.02956241556	271.709
3542	168992.1146213379	104325.99083631393	271.759
3543	168992.7418946573	104325.85627978668	271.756
3544	168993.38379833804	104325.7851764774	271.788
3545	168993.995530012	104325.6092240978	271.742
3546	168994.5773529816	104325.55273545161	271.719
3547	168995.14976510307	104325.43577859271	271.731
3548	168996.325537263	104325.28929113131	271.819
3549	168996.8968439135	104325.11615982931	271.832
3550	168997.52981457365	104325.01703226194	271.822
3551	168998.16377512575	104324.84097492043	271.78700000000003
3552	168998.80872933072	104324.74800819904	271.758
3553	168999.4170756177	104324.68716630992	271.758
3554	169000.02080595217	104324.58774849586	271.796
3555	169000.63500690396	104324.55158357322	271.77099999999996
3556	169001.30835554836	104324.46279767808	271.712
3557	169002.0312837847	104324.4368492309	271.666
3558	169002.71110342708	104324.36662496068	271.642
3559	169003.35271634528	104324.31035235152	271.62
3560	169003.9774776142	104324.24641854689	271.657
3561	169004.55859933462	104324.1205957178	271.66700000000003
3562	169005.1552375146	104324.07621133793	271.704
3563	169005.79641422935	104323.97600199096	271.675
3564	169006.40335682358	104323.87585492898	271.66
3565	169006.97295061842	104323.74943474494	271.634
3566	169007.52600602375	104323.62740426883	271.692
3567	169008.06176808986	104323.5874357298	271.764
3568	169008.62966781124	104323.4693517983	271.752
3569	169009.22050166584	104323.4193855431	271.689
3570	169009.84856535192	104323.36269420199	271.70599999999996
3571	169010.4553050515	104323.25290702656	271.723
3572	169011.09986249436	104323.20424660202	271.743
3573	169012.4286206074	104322.89202587586	271.71299999999997
3574	169013.04462387296	104322.75149897486	271.67400000000004
3575	169013.6801018906	104322.61641830765	271.644
3576	169014.86281311073	104322.32573296409	271.775
3577	169015.47516452984	104322.24210538529	271.814
3578	169016.08829047193	104322.10842760187	271.795
3579	169016.7175509781	104322.0165188564	271.784
3580	169017.33563273653	104321.92605299782	271.76599999999996
3581	169018.519662139	104321.76458426844	271.758
3582	169019.13619996418	104321.64074435364	271.751
3583	169019.73774677602	104321.58673944138	271.796
3584	169020.90234555356	104321.34159413539	271.82599999999996
3585	169021.5165864152	104321.29449425638	271.86400000000003
3586	169022.16325165867	104321.18874519691	271.882
3587	169022.8140171703	104321.09969533514	271.881
3588	169023.42791333268	104320.91726578586	271.83299999999997
3589	169024.04444402986	104320.79546561558	271.796
3590	169024.64612183985	104320.70512691978	271.78700000000003
3591	169025.24721999746	104320.57770985551	271.793
3592	169025.86124464564	104320.55767543148	271.82599999999996
3593	169026.50321083106	104320.4365232978	271.819
3594	169027.14561380298	104320.35912289936	271.851
3595	169027.73970563884	104320.26282501314	271.842
3596	169028.34773023045	104320.15953287575	271.89099999999996
3597	169028.96758071962	104320.10615108721	271.928
3598	169029.52826716693	104319.94484947342	271.918
3599	169030.1200926195	104319.85076827183	271.964
3600	169030.6737666831	104319.68925613537	271.961
3601	169031.21686232826	104319.59351645876	271.952
3602	169031.80625373352	104319.58118001185	272.055
3603	169032.49722381547	104319.48467553407	272.08299999999997
3604	169033.14082630322	104319.47030996438	272.08299999999997
3605	169034.33101105376	104319.3492801562	272.006
3606	169034.96510358795	104319.3350659255	271.98
3607	169035.53437265678	104319.23311802	272.052
3608	169036.74872830525	104318.96887578908	272.137
3609	169038.0233131941	104318.74785944447	272.127
3610	169038.62532274637	104318.63157008961	272.145
3611	169039.2077780539	104318.56489262637	272.212
3612	169039.7802968297	104318.41883604228	272.237
3613	169040.35628662104	104318.36511212401	272.249
3614	169040.9046928131	104318.28014471848	272.235
3615	169041.42472804734	104318.18450835068	272.31
3616	169042.63408425948	104318.02128247824	272.414
3617	169043.29326120834	104317.9732348118	272.44599999999997
3618	169043.8745303363	104317.77400566079	272.482
3619	169045.0758729247	104317.49266330618	272.502
3620	169045.59403137356	104317.32416556776	272.553
3621	169046.19564722976	104317.21825702861	272.654
3622	169046.79802253135	104317.06656201277	272.677
3623	169047.40864266074	104317.03483875841	272.687
3624	169047.9749197276	104316.97162618116	272.69
3625	169048.5146259838	104316.95892706327	272.68
3626	169049.1096545845	104316.93270923756	272.717
3627	169049.6578328172	104316.81214862876	272.738
3628	169050.84834065184	104316.63476765249	272.841
3629	169051.45914203153	104316.5528070759	272.823
3630	169052.06944470253	104316.44433518685	272.834
3631	169052.61747075873	104316.33304341882	272.894
3632	169053.2100715993	104316.2549104197	272.98900000000003
3633	169053.77999118465	104316.13758013956	273.03
3634	169054.41810890601	104316.12801729236	273.056
3635	169055.0425895565	104316.01051318273	273.025
3636	169055.68388641014	104315.91049568169	273.03700000000003
3637	169056.27412004667	104315.82957376074	273.094
3638	169056.87806898128	104315.70309748128	273.152
3639	169057.4674115731	104315.67148401402	273.228
3640	169058.0289178828	104315.54689395055	273.226
3641	169058.60333950722	104315.49965471867	273.21299999999997
3642	169059.1018516394	104315.43935034238	273.226
3643	169059.62116607817	104315.37893568445	273.296
3644	169060.15596909498	104315.34156429302	273.379
3645	169060.66949693888	104315.20475159492	273.454
3646	169061.21724371423	104315.17094926443	273.5
3647	169061.76499048958	104315.13714693394	
3648	169062.3083900683	104315.1036128759	
3649	169062.85178964701	104315.07007881787	
3650	169063.39518922573	104315.03654475983	
3651	169063.93858880445	104315.0030107018	
3652	169064.48198838317	104314.96947664376	
3653	169065.02538796188	104314.93594258573	
3654	169065.5687875406	104314.90240852769	
3655	169066.11218711932	104314.86887446966	
3656	169066.65558669803	104314.83534041162	
3657	169067.19898627675	104314.80180635359	
3658	169067.74238585547	104314.76827229555	
3659	169068.2857854342	104314.73473823752	
3660	169068.8291850129	104314.70120417948	
3661	169069.37258459162	104314.66767012145	
3662	169069.91598417034	104314.63413606341	
3663	169070.45938374905	104314.60060200538	
3664	169071.00278332777	104314.56706794734	
3665	169071.5461829065	104314.5335338893	
3666	169072.0895824852	104314.49999983127	
3667	169072.63298206392	104314.46646577324	
3668	169073.17638164264	104314.4329317152	
3669	169103.80837946615	104314.67188269552	274.515
3670	169103.76403998176	104314.83671208564	274.532
3671	169103.81805520583	104314.75737865735	274.519
3672	169103.81710360394	104314.75756059866	274.531
3673	169103.79505477802	104314.7407965092	274.558
3674	169103.79843821964	104314.75842000823	274.561
3675	169103.80186255404	104314.7647353718	274.558
3676	169103.77952437662	104314.76224462874	274.55400000000003
3677	169103.76158224652	104314.76032592915	274.564
3678	169103.71863102564	104314.73848094698	274.567
3679	169103.11750883466	104314.871821234	274.512
3680	169102.6125637206	104314.90299327485	274.505
3681	169102.06867889536	104315.0521127209	274.45599999999996
3682	169100.9277717772	104315.21983629558	274.369
3683	169100.39441742384	104315.31671634223	274.378
3684	169099.8552386008	104315.31495230738	274.4
3685	169099.3121392404	104315.41124108434	274.37
3686	169098.76191748359	104315.43909830786	274.342
3687	169098.22303611657	104315.51945961919	274.318
3688	169097.68398923677	104315.64560966846	274.301
3689	169097.11676919597	104315.70640356373	274.28
3690	169096.53829247042	104315.85595466848	274.274
3691	169095.91835381358	104315.86761734821	274.248
3692	169095.31457869464	104316.01151569095	274.233
3693	169094.73896610932	104316.05930278543	274.217
3694	169094.1586292997	104316.13154325075	274.225
3695	169093.59826501773	104316.23592700623	274.236
3696	169093.01791255627	104316.27961875591	274.269
3697	169092.41919226112	104316.40629519708	274.283
3698	169091.79059508984	104316.47854688764	274.275
3699	169091.15694717018	104316.63271912187	274.171
3700	169090.51762087404	104316.7464576941	274.157
3701	169089.90134061975	104316.86417264305	274.125
3702	169089.27921085426	104316.9559130827	274.16200000000003
3703	169088.0707191486	104317.10967696365	274.185
3704	169086.88653618365	104317.27984254155	274.155
3705	169086.29542765033	104317.33962437604	274.1
3706	169085.7202214292	104317.43950617686	274.055
3707	169084.60707184742	104317.49184073787	274.08799999999997
3708	169083.50977303943	104317.59854963701	274.065
3709	169082.48796917597	104317.76726357453	274.027
3710	169081.43057242414	104317.91731098201	273.98400000000004
3711	169080.51938806885	104318.06603286881	274.009
3712	169080.0523106209	104318.21024129819	273.995
3713	169079.6083461156	104318.27407758124	273.939
3714	169078.66475560496	104318.4762580609	273.939
3715	169078.13642450838	104318.56481631286	273.878
3716	169077.62623207908	104318.63378965575	273.888
3717	169077.081051824	104318.74694292992	273.884
3718	169076.49200713952	104318.79486887902	273.879
3719	169075.92927295747	104318.96320263576	273.845
3720	169075.32326025883	104319.03572321497	273.845
3721	169074.71187181724	104319.11563971918	273.79400000000004
3722	169074.07137318692	104319.19211431872	273.764
3723	169072.78227834642	104319.34911291301	273.738
3724	169072.1454430697	104319.36572267581	273.725
3725	169071.47960363288	104319.48122164514	273.661
3726	169070.78657621038	104319.55472628027	273.567
3727	169070.11390079983	104319.6540725315	273.565
3728	169069.46246642314	104319.66469770297	273.536
3729	169068.80625306437	104319.71497739013	273.525
3730	169068.15416701493	104319.80735370517	273.493
3731	169067.4647498336	104319.86863661557	273.39
3732	169066.81063327292	104320.02959699929	273.33299999999997
3733	169066.1381152269	104320.08537962567	273.281
3734	169064.81481075988	104320.23576832935	273.20599999999996
3735	169064.17499751257	104320.32003263012	273.155
3736	169063.5339960823	104320.43710528221	273.176
3737	169062.92241821083	104320.53667292651	273.19
3738	169062.3078586711	104320.63901060726	273.236
3739	169061.67368413074	104320.64302527718	273.228
3740	169061.02976933043	104320.74395950977	273.205
3741	169060.37571001827	104320.75735705253	273.16900000000004
3742	169059.7069662435	104320.8543088492	273.116
3743	169059.04797840677	104320.9158880189	273.061
3744	169058.4228245038	104321.02245170902	273.026
3745	169057.82639414002	104321.14079814125	273.039
3746	169057.20949907653	104321.1986363763	273.063
3747	169055.95249413516	104321.42304839008	273.01
3748	169055.31357511072	104321.55607237574	272.962
3749	169054.67338618846	104321.64571254048	272.927
3750	169053.42653108467	104321.89036836755	272.88
3751	169052.7581261302	104321.99232756905	272.816
3752	169052.1443460686	104322.1423123395	272.801
3753	169051.50485923904	104322.20210896153	272.798
3754	169050.8298324828	104322.32740262244	272.744
3755	169049.52190355025	104322.46654230822	272.612
3756	169048.87043001322	104322.52110533696	272.558
3757	169048.23696522778	104322.62504491303	272.495
3758	169046.8987112932	104322.83396480791	272.527
3759	169046.23774225902	104322.98359474167	272.528
3760	169045.57563415426	104323.0865044631	272.502
3761	169044.89809657296	104323.28186411597	272.418
3762	169044.22808922775	104323.39976144303	272.365
3763	169043.57132885983	104323.50306145474	272.288
3764	169042.92346234553	104323.5133319823	272.322
3765	169042.26283170644	104323.53616254125	272.388
3766	169041.61715409262	104323.59871876705	272.389
3767	169040.97379114895	104323.612713404	272.374
3768	169040.3325442213	104323.73219794035	272.375
3769	169039.67072817846	104323.8200935265	272.313
3770	169039.0122115707	104323.98196839727	272.24
3771	169038.32735084454	104324.09851526748	272.185
3772	169037.68479980002	104324.25006646197	272.207
3773	169036.9951497511	104324.37623609323	272.225
3774	169036.35567401673	104324.46606642194	272.293
3775	169035.7346418689	104324.61658310331	272.288
3776	169035.0488337403	104324.69920213055	272.301
3777	169034.36436313632	104324.87247772142	272.251
3778	169033.65780354536	104324.97411647718	272.188
3779	169032.98202296556	104325.11090335902	272.135
3780	169032.29407333507	104325.22706911527	272.072
3781	169030.96320776272	104325.4641976757	272.086
3782	169030.27401480373	104325.56256256811	272.077
3783	169028.93778106393	104325.8050483698	272.019
3784	169028.28114819815	104325.97212204058	271.995
3785	169026.981472658	104326.1633892795	271.94599999999997
3786	169026.33048264903	104326.24891556706	271.934
3787	169025.67245084784	104326.3423879845	271.937
3788	169025.00722507184	104326.5190709643	271.879
3789	169024.33819755598	104326.62918830384	271.89599999999996
3790	169023.06432425123	104326.78532689624	271.839
3791	169022.43234362677	104326.87351745833	271.8
3792	169021.81666499405	104326.92394892406	271.809
3793	169020.552776595	104327.08012407273	271.873
3794	169019.91018085554	104327.14528938103	271.893
3795	169019.29951748287	104327.25543210749	271.928
3796	169018.69521523363	104327.24954885524	271.955
3797	169018.0747186347	104327.3175746724	271.921
3798	169017.4363540882	104327.3961029984	271.89799999999997
3799	169016.79011236227	104327.48350136448	271.915
3800	169016.16562307999	104327.5379801672	271.94
3801	169015.56676610583	104327.57141779643	271.98900000000003
3802	169014.95946591755	104327.7049312247	271.959
3803	169014.30994262887	104327.74634341616	271.95
3804	169013.67279297567	104327.85064462665	271.901
3805	169013.03371726006	104327.89561683219	271.906
3806	169012.38220363625	104328.02767375484	271.903
3807	169011.77859310262	104328.15990315471	271.926
3808	169011.15982710762	104328.27557911072	271.943
3809	169010.53999813617	104328.42239544168	271.982
3810	169009.900011071	104328.48942516837	272.019
3811	169009.29700832505	104328.61794940475	272.024
3812	169008.70847606487	104328.6230615573	272.02299999999997
3813	169008.1240803791	104328.70085829124	272.009
3814	169007.49012459072	104328.7104416797	271.967
3815	169006.83493302745	104328.84063223284	271.872
3816	169005.61654325618	104329.00476067979	271.871
3817	169004.4624194541	104329.18042888213	271.876
3818	169003.88275469333	104329.29791479185	271.856
3819	169003.27254970308	104329.34688504599	271.846
3820	169002.67549969017	104329.43983815983	271.811
3821	169002.0838095158	104329.56284245662	271.808
3822	169001.449567124	104329.65213967301	271.802
3823	169000.79483644234	104329.75341308676	271.837
3824	169000.17139787297	104329.78027567826	271.905
3825	168999.58134306344	104329.87825960573	271.91900000000004
3826	168998.3116756822	104329.92300486751	271.884
3827	168997.68162817796	104329.96967982966	271.85200000000003
3828	168997.0386796106	104330.00092179142	271.847
3829	168995.71506816056	104330.10572274122	271.885
3830	168995.07114846355	104330.20870416984	271.922
3831	168994.42786556025	104330.26682559494	271.948
3832	168993.8010677415	104330.43456695508	271.928
3833	168993.18717413163	104330.484637402	271.856
3834	168991.96199628204	104330.7186334841	271.751
3835	168991.35369966616	104330.79894148558	271.79900000000004
3836	168990.74208687904	104330.97507997602	271.772
3837	168989.46786004727	104331.26321715023	271.83
3838	168988.83460873083	104331.30839859322	271.809
3839	168988.176315184	104331.40891923103	271.765
3840	168987.54889433077	104331.45245334692	271.714
3841	168986.9238297562	104331.53492616769	271.707
3842	168985.7561354797	104331.68329855893	271.763
3843	168985.14305739212	104331.80418867897	271.763
3844	168984.48775571663	104331.83297780715	271.77099999999996
3845	168983.2491531617	104331.96589462832	271.707
3846	168982.64271042572	104332.02655982506	271.716
3847	168982.03014358634	104332.1044435883	271.767
3848	168981.4166588396	104332.14005709626	271.807
3849	168980.81247557214	104332.23354318645	271.812
3850	168979.520850288	104332.36868032906	271.827
3851	168978.87833728257	104332.44423228595	271.874
3852	168978.24725142017	104332.51537621208	271.834
3853	168977.5691612297	104332.50163191464	271.781
3854	168976.90424818336	104332.52575290855	271.774
3855	168976.2565567362	104332.55382886343	271.816
3856	168975.64855489845	104332.55220101029	271.893
3857	168975.0394649809	104332.65493921842	271.906
3858	168974.3851500338	104332.70690585114	271.931
3859	168973.14417630417	104332.87133140862	271.9
3860	168972.53841969103	104332.93960087933	271.874
3861	168971.94376060477	104333.02904378902	271.895
3862	168971.35272077908	104333.1036692243	271.94
3863	168970.7370884207	104333.2408654308	271.949
3864	168970.0910598895	104333.26931887306	271.95799999999997
3865	168969.44766618634	104333.39158500638	271.91
3866	168968.7951033776	104333.4190882314	271.85200000000003
3867	168968.14282595227	104333.46642841026	271.784
3868	168966.82617968856	104333.51879856735	271.83
3869	168966.1336543624	104333.58583032899	271.823
3870	168965.44911264253	104333.61433144938	271.868
3871	168964.7785810344	104333.74669670966	271.829
3872	168964.15373696148	104333.73481371626	271.728
3873	168963.53837279597	104333.83048621938	271.707
3874	168963.00073064162	104333.89788900502	271.693
3875	168962.46885353874	104333.91563024372	271.774
3876	168961.91126895556	104334.00854422431	271.835
3877	168960.7392633039	104334.09999447223	271.904
3878	168960.15676328004	104334.11366122775	271.89099999999996
3879	168959.615277129	104334.15917551704	271.839
3880	168959.01801222365	104334.21301723644	271.877
3881	168958.43874732545	104334.25264923088	271.93
3882	168957.8427611463	104334.34765041154	271.971
3883	168957.20655921422	104334.32089694403	271.95799999999997
3884	168956.56182777593	104334.35232280102	271.915
3885	168955.92981654356	104334.35024028923	271.836
3886	168955.32708206773	104334.37143561803	271.779
3887	168954.65450207912	104334.41221624613	271.759
3888	168953.97812988848	104334.41664854065	271.76599999999996
3889	168953.31900553088	104334.48398720566	271.808
3890	168952.68406788984	104334.46928862296	271.844
3891	168952.05566449443	104334.58808838949	271.801
3892	168951.40556801422	104334.65712811425	271.765
3893	168950.7621755839	104334.77921113465	271.72900000000004
3894	168950.11876140695	104334.87422842532	271.683
3895	168949.4686629929	104334.94382452313	271.678
3896	168948.80147832105	104335.03801517747	271.687
3897	168948.19288494514	104335.06883015018	271.745
3898	168947.59831147428	104335.16773056425	271.735
3899	168946.9409406607	104335.17705183662	271.73
3900	168946.25727144504	104335.29380025994	271.682
3901	168945.5866051905	104335.39761868119	271.607
3902	168944.8917279254	104335.55715025682	271.54
3903	168944.19755152985	104335.653840038	271.503
3904	168943.53656535828	104335.7432336621	271.527
3905	168942.89761382915	104335.85346912965	271.58299999999997
3906	168942.25697052307	104335.90511799604	271.584
3907	168941.5478103483	104336.03679153696	271.522
3908	168940.86337654525	104336.1016310351	271.515
3909	168940.1874695521	104336.27476410661	271.504
3910	168939.5522310194	104336.34404393472	271.548
3911	168938.91914452246	104336.47617595457	271.52299999999997
3912	168938.26427643924	104336.58320343029	271.487
3913	168937.6395950194	104336.69182225596	271.47
3914	168936.99466131075	104336.7797911875	271.51
3915	168936.3508001575	104336.83383919019	271.545
3916	168935.71416767832	104336.99358075298	271.559
3917	168935.05385987344	104337.05961977225	271.593
3918	168934.40860406723	104337.20431466494	271.58099999999996
3919	168933.74988335554	104337.29186381213	271.54900000000004
3920	168933.1382527841	104337.40738906804	271.482
3921	168932.52949827525	104337.51643634122	271.452
3922	168931.9376806084	104337.57623285148	271.45599999999996
3923	168931.32452544742	104337.68600601796	271.38599999999997
3924	168930.67852084548	104337.77434264403	271.384
3925	168930.0873664738	104337.9475953374	271.317
3926	168929.4472342217	104337.98942235019	271.235
3927	168928.84645250964	104338.09608865157	271.205
3928	168928.22501007092	104338.19656340033	271.20799999999997
3929	168927.5900986388	104338.27418800816	271.22900000000004
3930	168926.96602855242	104338.41135906521	271.187
3931	168926.2975219456	104338.47662827652	271.242
3932	168925.66253018484	104338.64305066504	271.223
3933	168925.0062880534	104338.73561508488	271.209
3934	168924.36814144097	104338.88682502788	271.16900000000004
3935	168923.68249366645	104338.95889228024	271.172
3936	168923.0378798814	104339.02406210639	271.197
3937	168922.39858784765	104339.06366839632	271.14599999999996
3938	168921.78885424807	104339.08113483805	271.13599999999997
3939	168921.16974287492	104339.12822883204	271.139
3940	168920.53226903008	104339.12483330537	271.17400000000004
3941	168919.87220342326	104339.22294611856	271.153
3942	168919.20213043172	104339.19459285028	271.156
3943	168918.58002155676	104339.24890629761	271.10900000000004
3944	168917.91637804272	104339.31716008577	271.077
3945	168917.26291788337	104339.42957127001	271.106
3946	168916.60929445177	104339.5875858469	271.077
3947	168915.9782960243	104339.70118990913	271.08
3948	168915.37835761235	104339.90444462094	271.048
3949	168914.728169963	104339.9660732504	271.045
3950	168914.05445031842	104340.09305744432	270.995
3951	168913.4349858563	104340.13922416791	270.971
3952	168912.83539397406	104340.21252783947	270.901
3953	168912.23820139616	104340.31290589832	270.91
3954	168911.59990167673	104340.34102337994	270.89
3955	168910.96858865945	104340.4429478664	270.936
3956	168910.36483430845	104340.4172430886	270.86
3957	168909.75801092727	104340.48514515162	270.79400000000004
3958	168909.09490627598	104340.56897403765	270.779
3959	168908.40125595793	104340.71831879113	270.745
3960	168907.76034562895	104340.87804840226	270.767
3961	168907.16961918934	104340.99847139604	270.835
3962	168906.5465514162	104341.15474275872	270.85900000000004
3963	168905.9872497479	104341.1633078102	270.889
3964	168905.42244387497	104341.21523253899	270.874
3965	168904.8667972033	104341.23215296213	270.85400000000004
3966	168904.26191884343	104341.25482948497	270.888
3967	168903.67209225142	104341.35634715855	270.91700000000003
3968	168903.05302642073	104341.3908374738	270.959
3969	168902.45965246524	104341.48715190124	270.936
3970	168901.85128325797	104341.52205139585	270.869
3971	168901.22917218832	104341.57710839808	270.82
3972	168900.63344285844	104341.66729700379	270.85900000000004
3973	168900.01504650625	104341.71402526554	270.893
3974	168899.3930765299	104341.82933204155	270.9
3975	168898.7627263343	104341.82837458327	270.877
3976	168898.14138123445	104341.93515618425	270.83
3977	168897.53465716005	104342.00862145144	270.823
3978	168896.93372420693	104342.05819326825	270.87
3979	168896.29586477822	104342.16269142833	270.861
3980	168895.65920562355	104342.19749043975	270.887
3981	168895.05194731453	104342.3206363814	270.848
3982	168894.4339169702	104342.36477125715	270.813
3983	168893.79813754134	104342.48596150987	270.779
3984	168893.1822854545	104342.55253550783	270.723
3985	168892.5959132417	104342.58566092141	270.778
3986	168892.01380581612	104342.65606337227	270.817
3987	168891.4032988215	104342.6240336271	270.83099999999996
3988	168890.78397116758	104342.69856689125	270.82599999999996
3989	168890.1739235177	104342.63780476805	270.774
3990	168889.57213457284	104342.66086477507	270.728
3991	168888.99297343972	104342.70513927471	270.76599999999996
3992	168888.43008964256	104342.75151123572	270.769
3993	168887.8904136338	104342.85636146925	270.795
3994	168887.3706777051	104342.8365211701	270.797
3995	168886.87059553823	104342.97154490836	270.732
3996	168886.44712966087	104342.95520037971	270.638
3997	168886.11123938856	104342.94714039378	270.71299999999997
3998	168885.82218493777	104343.03824169654	270.732
3999	168885.6235599279	104343.00434827525	270.74
4000	168885.58037674802	104343.04720244929	270.72700000000003
4001	168885.5938320165	104343.07394551765	270.74
4002	168885.60328514018	104343.02318472881	270.763
4003	168885.60637825803	104342.92271890491	270.781
4004	168885.6290082566	104342.87682514545	270.77099999999996
4005	168885.6442524771	104342.90190617461	270.786
4006	168885.62977053793	104342.96284498088	270.795
4007	168885.6345183514	104343.0312678013	270.811
4008	168885.59980115385	104343.0667369701	270.798
4009	168885.40990347887	104342.98560242914	270.836
4010	168884.93965356503	104343.05510787573	270.783
4011	168884.3775126147	104343.05995742138	270.736
4012	168883.8465518654	104343.0877204379	270.695
4013	168883.27103193387	104343.14424377214	270.748
4014	168882.69095856996	104343.11121152714	270.786
4015	168882.07907963038	104343.16371201165	270.765
4016	168881.4994118911	104343.11696310434	270.678
4017	168880.8852050762	104343.12236845214	270.64599999999996
4018	168880.29661696113	104343.14362287708	270.683
4019	168879.668027388	104343.14897696301	270.678
4020	168879.00703598149	104343.24041781574	270.699
4021	168878.31964163287	104343.23610743694	270.738
4022	168877.65862139835	104343.36888847407	270.67400000000004
4023	168876.970800457	104343.48396255821	270.624
4024	168876.2937390726	104343.5818346832	270.56
4025	168875.59294267333	104343.63568662107	270.51599999999996
4026	168874.9008982826	104343.73517382238	270.502
4027	168874.24397394634	104343.85276861768	270.502
4028	168873.59603976744	104343.91607877798	270.534
4029	168872.9619976367	104344.05025446042	270.57599999999996
4030	168872.28214025768	104344.09899095539	270.573
4031	168871.5925381916	104344.24687193893	270.5
4032	168870.92230269208	104344.26412809361	270.423
4033	168870.25779626364	104344.3080997644	270.343
4034	168869.6003307394	104344.34431063756	270.27099999999996
4035	168868.9379993511	104344.41164833959	270.296
4036	168868.28578780656	104344.5077564288	270.282
4037	168867.66055150056	104344.53944811597	270.31
4038	168867.02247875408	104344.67064400483	270.262
4039	168866.32796659437	104344.7289687749	270.29200000000003
4040	168865.67227631088	104344.90051511303	270.228
4041	168865.01718688503	104344.93710580748	270.138
4042	168864.38582626852	104344.98620188516	270.069
4043	168863.72579981672	104345.04057174921	270.082
4044	168863.0864430686	104345.06535443198	270.077
4045	168862.48685444676	104345.13810766768	270.09
4046	168861.8421278537	104345.13543483336	270.07
4047	168861.2892886969	104345.26508192439	270.008
4048	168860.68394612867	104345.28479565587	270.003
4049	168860.09876600598	104345.2838186901	269.997
4050	168859.46348475697	104345.26579318568	269.991
4051	168858.8187842478	104345.22252222337	269.994
4052	168858.1542330447	104345.27910120692	269.954
4053	168857.5122886892	104345.26290596928	269.961
4054	168856.84828989953	104345.36453484464	269.932
4055	168856.17451593152	104345.44073161297	269.942
4056	168855.4929010001	104345.58234022185	269.893
4057	168854.82824689336	104345.63447009679	269.883
4058	168854.11313615786	104345.70254817419	269.87
4059	168853.42483860586	104345.71825902909	269.876
4060	168852.75787933543	104345.75017432868	269.895
4061	168852.10482318085	104345.81662032567	269.925
4062	168851.41883106937	104345.8191775661	269.872
4063	168850.68063068052	104345.895515888	269.83299999999997
4064	168849.95574037495	104345.90609130543	269.818
4065	168849.25971136495	104346.02317889873	269.747
4066	168848.59112753213	104346.07733473275	269.623
4067	168847.86757548765	104346.14593967982	269.59
4068	168847.18757348374	104346.1687254468	269.575
4069	168846.52607353684	104346.20307097305	269.553
4070	168845.88302653414	104346.29606302641	269.556
4071	168845.25976187384	104346.30829931516	269.558
4072	168844.57745813197	104346.40986442473	269.515
4073	168843.86508634296	104346.44328728132	269.52099999999996
4074	168843.1885225862	104346.53523319494	269.461
4075	168842.53342757665	104346.57349508163	269.428
4076	168841.8930479724	104346.65185198188	269.39799999999997
4077	168841.23248633818	104346.72309247218	269.41900000000004
4078	168840.58272658382	104346.73189793993	269.42400000000004
4079	168839.9489491562	104346.8588486258	269.35
4080	168839.2686951408	104346.85234419908	269.307
4081	168838.58605878882	104346.94723515213	269.25
4082	168837.90034146106	104346.97278245259	269.236
4083	168837.2562678837	104347.05372208357	269.188
4084	168836.61776581136	104347.1389454417	269.17900000000003
4085	168835.9609247281	104347.23355794884	269.15
4086	168835.36867192812	104347.34934896044	269.183
4087	168834.74742945947	104347.36122293025	269.211
4088	168834.06498746824	104347.43498164695	269.20799999999997
4089	168833.39160328015	104347.4353615921	269.127
4090	168832.70203400147	104347.50779739954	269.069
4091	168832.03877984348	104347.50079836324	268.967
4092	168831.36262408528	104347.51173544116	268.884
4093	168830.7345580611	104347.53711842373	268.939
4094	168830.08687927818	104347.52906286158	268.939
4095	168829.41204808513	104347.60192239936	268.923
4096	168828.73837670215	104347.58283683285	268.916
4097	168828.06087498853	104347.67125908285	268.856
4098	168827.40706391237	104347.74956986122	268.818
4099	168826.7631008711	104347.83292112313	268.784
4100	168825.41537893956	104347.90115849487	268.868
4101	168824.75079475334	104347.9671960175	268.892
4102	168824.0980258903	104347.98655954003	268.91200000000003
4103	168823.41325166618	104348.11444277223	268.878
4104	168822.76131749747	104348.16643661074	268.835
4105	168822.14809654263	104348.26231854782	268.753
4106	168821.4645797738	104348.33755810931	268.731
4107	168820.81610134366	104348.38715453725	268.72900000000004
4108	168820.2041562867	104348.45857086498	268.767
4109	168819.5793037806	104348.44948561769	268.809
4110	168818.95327117862	104348.53809239715	268.772
4111	168818.27854989877	104348.54681167658	268.728
4112	168817.63713412816	104348.58253002632	268.735
4113	168817.0450647912	104348.58023560327	268.666
4114	168816.41224368053	104348.60578872636	268.69
4115	168815.80761621922	104348.69187677838	268.718
4116	168815.15626200207	104348.74795201514	268.725
4117	168814.48348230604	104348.8790306095	268.664
4118	168813.80209010103	104348.92517380044	268.695
4119	168813.14141033348	104349.06315478217	268.613
4120	168812.46344876467	104349.11394490488	268.564
4121	168811.15241006415	104349.26221605018	268.443
4122	168810.4825333868	104349.31247907225	268.44599999999997
4123	168809.06588195817	104349.44387569092	268.519
4124	168808.35508517284	104349.50252084155	268.562
4125	168807.11378241878	104349.59505600575	268.613
4126	168805.8386472864	104349.70841915067	268.518
4127	168805.14793161175	104349.76917541586	268.46
4128	168804.45254315433	104349.80692781229	268.41200000000003
4129	168803.7790413421	104349.90723183285	268.408
4130	168803.1347929523	104349.97074910998	268.388
4131	168801.8401088084	104350.16635310277	268.399
4132	168801.19024816153	104350.27044923138	268.345
4133	168800.54114548952	104350.32857347839	268.312
4134	168799.2341106025	104350.48761395738	268.23900000000003
4135	168798.55055937194	104350.53931287769	268.214
4136	168797.8992737683	104350.64303357899	268.193
4137	168797.30989028758	104350.62091507576	268.244
4138	168796.7112826464	104350.71907653566	268.238
4139	168796.0910753709	104350.7074152464	268.221
4140	168795.4955495542	104350.77462906763	268.178
4141	168794.90093561957	104350.81941501424	268.158
4142	168794.2749014463	104350.84184344299	268.191
4143	168793.03128561063	104350.84965424333	268.236
4144	168792.43702070857	104350.96340369713	268.22700000000003
4145	168791.80832123748	104350.96654323768	268.189
4146	168791.17107449545	104351.06679244898	268.086
4147	168790.46724883278	104351.10396051966	268.057
4148	168789.79605518124	104351.15700219851	268.047
4149	168789.1280161883	104351.22544186376	268.055
4150	168788.47709170094	104351.26112992223	268.039
4151	168787.82650422884	104351.33574941847	268.07
4152	168787.1546921856	104351.32872556243	268.082
4153	168786.4908391902	104351.49024205375	268.061
4154	168785.84706119495	104351.52187745739	268.032
4155	168785.20579495854	104351.61599549651	267.966
4156	168784.53410948443	104351.67367063649	267.967
4157	168783.88482326345	104351.7835177593	267.983
4158	168783.27002897352	104351.85418669228	267.95099999999996
4159	168782.67316846517	104351.86226045061	267.931
4160	168782.09602164497	104351.94233245961	267.955
4161	168781.46506121755	104351.94620671496	267.964
4162	168780.8008599808	104352.03857531119	267.941
4163	168780.1202183543	104352.0409754226	267.905
4164	168779.46402835747	104352.08665648382	267.85
4165	168778.8391336368	104352.12299440894	267.893
4166	168778.22246766998	104352.15176100936	267.91900000000004
4167	168777.64154649805	104352.25703200046	267.943
4168	168777.04570681814	104352.24545956124	267.918
4169	168776.41085166507	104352.34182603564	267.902
4170	168775.8144067274	104352.36677177623	267.89099999999996
4171	168775.21623244876	104352.41006422322	267.882
4172	168774.58998903958	104352.49144560937	267.882
4173	168773.9505348218	104352.54404595215	267.913
4174	168773.30906573232	104352.66189356614	267.873
4175	168772.6453099797	104352.695869538	267.87
4176	168771.9929830374	104352.79180368874	267.80400000000003
4177	168771.40337675126	104352.79897758551	267.785
4178	168770.81377046512	104352.80615148228	
4179	168770.3032888321	104352.81236264831	
4180	168769.7928071991	104352.81857381435	
4181	168769.28232556608	104352.82478498039	
4182	168768.77184393306	104352.83099614643	
4183	168768.26136230005	104352.83720731246	
4184	168767.75088066704	104352.8434184785	
4185	168767.24039903402	104352.84962964454	
4186	168766.729917401	104352.85584081057	
4187	168766.219435768	104352.86205197661	
4188	168765.70895413499	104352.86826314265	
4189	168765.19847250197	104352.87447430869	
4190	168764.68799086896	104352.88068547472	
4191	168764.17750923595	104352.88689664076	
4192	168763.66702760293	104352.8931078068	
4193	168763.15654596992	104352.89931897284	
4194	168691.90969906547	104359.68673137389	267.809
4195	168691.91327276343	104359.65096535534	267.827
4196	168691.8935391324	104359.65145167429	267.871
4197	168691.86409723695	104359.64096612111	267.897
4198	168691.8618828798	104359.66209179722	267.91200000000003
4199	168691.90161252537	104359.58696741797	267.92400000000004
4200	168691.95209609187	104359.56323181652	267.911
4201	168691.95124173106	104359.56953177042	267.941
4202	168691.92189705383	104359.56516415533	267.964
4203	168691.7780223646	104359.51089437213	268.008
4204	168691.37561115823	104359.55766971502	267.99
4205	168690.86120139033	104359.5109872017	267.973
4206	168690.28594409712	104359.56160020735	267.931
4207	168689.62732737884	104359.6217435794	267.998
4208	168688.97316756897	104359.63166436646	268.01599999999996
4209	168688.27567088668	104359.72837592103	268.034
4210	168687.5848001994	104359.76653039828	268.01099999999997
4211	168686.89974935623	104359.94040494412	268.02099999999996
4212	168686.2229572891	104359.96377886739	267.981
4213	168685.53979096044	104360.0753720114	267.944
4214	168684.86906713687	104360.13065322395	267.943
4215	168684.21407786626	104360.2406777693	267.885
4216	168683.5581953986	104360.33438564837	267.902
4217	168682.91658054508	104360.39347769786	267.902
4218	168682.2289374499	104360.49374715053	267.889
4219	168681.54632172617	104360.51691569481	267.889
4220	168680.8675214668	104360.63760858309	267.869
4221	168680.16266351298	104360.66477704886	267.814
4222	168679.4493034074	104360.74326626398	267.718
4223	168678.75567541766	104360.78808588348	267.688
4224	168678.0813851401	104360.84354072437	267.676
4225	168677.39845922386	104360.92084015533	267.703
4226	168676.7532426923	104360.92282265984	267.742
4227	168676.09600770162	104361.02931801416	267.789
4228	168674.80641598	104361.13153868262	267.767
4229	168674.17307013148	104361.2053061761	267.742
4230	168672.8599338268	104361.3773329733	267.722
4231	168672.22268946073	104361.41067371052	267.697
4232	168671.56505478124	104361.5294034062	267.718
4233	168670.92120508742	104361.54826118425	267.714
4234	168670.26758081	104361.64216407202	267.624
4235	168669.6340563229	104361.69924712367	267.54400000000004
4236	168669.04836253548	104361.77689127717	267.539
4237	168668.51616699353	104361.88586868346	267.555
4238	168668.00022990536	104361.93502531853	267.57599999999996
4239	168667.5380120484	104362.05388996657	267.562
4240	168666.90349056706	104362.09039245546	267.508
4241	168666.82115812477	104362.07842247002	267.539
4242	168666.89857421065	104362.06887080986	267.476
4243	168666.90194436684	104362.05701829027	267.485
4244	168666.84288369634	104362.0188063411	267.538
4245	168666.81501904997	104362.06653634738	267.573
4246	168666.9115269674	104362.03628940508	267.546
4247	168667.0121294374	104361.92374747247	267.538
4248	168667.04700816047	104361.84211740736	267.569
4249	168667.04182292352	104361.86304721236	267.582
4250	168667.0265655726	104361.8750431044	267.621
4251	168667.0024221416	104361.87885080371	267.653
4252	168666.97104298868	104361.87836915161	267.688
4253	168666.9737526544	104361.88523784932	267.704
4254	168666.9915706715	104361.88863768615	267.728
4255	168667.01129381006	104361.89111734275	267.747
4256	168667.02702924286	104361.8783816155	267.781
4257	168667.0377271279	104361.87841941975	267.795
4258	168666.9666187658	104361.88576878607	267.847
4259	168666.7697498591	104367.07316464745	268.465
4260	168666.79620096594	104366.9208743833	268.491
4261	168666.79898887954	104366.93923701905	268.491
4262	168666.80460859704	104366.96354187932	268.494
4263	168666.79702444276	104366.99058080185	268.538
4264	168666.8151548525	104366.9728482319	268.572
4265	168666.83257629655	104366.98755494505	268.578
4266	168666.8156283484	104366.97340604849	268.561
4267	168666.82078868634	104366.95952065941	268.565
4268	168666.80051346085	104366.97872870695	268.597
4269	168666.7729832275	104366.96546932124	268.619
4270	168666.7198858234	104366.95527107827	268.625
4271	168666.70975905095	104366.928169569	268.651
4272	168666.71110718395	104366.91668066941	268.691
4273	168667.17425747134	104366.8365640156	268.764
4274	168667.69103719236	104366.85155233927	268.776
4275	168668.32606370669	104366.8065241715	268.74
4276	168669.6348350239	104366.75924269482	268.67400000000004
4277	168670.31307649476	104366.69545856956	268.709
4278	168671.0366929517	104366.70802677888	268.722
4279	168671.73521427816	104366.62373715267	268.72700000000003
4280	168672.4577537466	104366.63834094629	268.732
4281	168673.19046898934	104366.56529528089	268.705
4282	168673.88067670027	104366.61352444347	268.7
4283	168674.54359838343	104366.545793687	268.67900000000003
4284	168675.21482934165	104366.54853742849	268.635
4285	168675.93749768884	104366.49306788109	268.58799999999997
4286	168676.65790611104	104366.50525475387	268.512
4287	168677.3725626577	104366.46328993607	268.45599999999996
4288	168678.08424934294	104366.48805212043	268.384
4289	168678.74550064813	104366.45572388638	268.35900000000004
4290	168679.39079167682	104366.39886891283	268.335
4291	168680.04323517048	104366.36984656658	268.319
4292	168680.67480188835	104366.26122173015	268.295
4293	168681.32097504733	104366.2238351889	268.281
4294	168681.9670112505	104366.12434538081	268.207
4295	168682.59669756415	104366.07689007651	268.135
4296	168683.18139734864	104365.97773963399	268.073
4297	168683.80466037523	104365.93155942578	268.07
4298	168684.44431211078	104365.95680921059	268.068
4299	168685.0975967465	104365.89164102823	268.058
4300	168685.76697792107	104365.91328849643	268.032
4301	168686.4403803247	104365.83984947111	267.995
4302	168687.08944996184	104365.85734685883	267.92400000000004
4303	168687.74796078197	104365.7933097817	267.88599999999997
4304	168688.41523076527	104365.70613106992	267.836
4305	168689.0321497585	104365.60524144024	267.812
4306	168689.664758491	104365.53814685717	267.823
4307	168690.30624293047	104365.51576074027	267.851
4308	168690.95132519046	104365.41719556134	267.863
4309	168691.55830984842	104365.40284431633	267.867
4310	168692.17975592904	104365.36629851442	267.853
4311	168692.82379246267	104365.3617183743	267.817
4312	168693.43434415065	104365.27990103792	267.785
4313	168694.0435083031	104365.22069542669	267.8
4314	168694.62828682907	104365.20014835615	267.83799999999997
4315	168695.2176004964	104365.14087262563	267.87
4316	168695.83135932175	104365.16047069523	267.871
4317	168697.02253121074	104365.02398195025	267.87
4318	168697.63893965702	104364.96665621363	267.858
4319	168698.23974798416	104364.95098620001	267.887
4320	168698.83721364947	104364.93938282225	267.939
4321	168699.4506543416	104364.84738041274	267.93
4322	168700.0598653765	104364.84212172776	267.962
4323	168700.6942987502	104364.79690995906	267.92400000000004
4324	168701.3493399612	104364.80645882431	267.879
4325	168702.0073192587	104364.79191854689	267.875
4326	168702.64868891874	104364.76842122804	267.901
4327	168703.256414511	104364.77984200232	267.945
4328	168703.85212342325	104364.72726362012	267.969
4329	168704.44051860497	104364.72601012979	267.97700000000003
4330	168705.59887995143	104364.52341125999	267.96299999999997
4331	168706.21983436507	104364.49149990361	267.935
4332	168707.5121518141	104364.29085887037	267.972
4333	168708.11433922965	104364.15432600956	268.009
4334	168708.7367371572	104364.11760013923	268.052
4335	168709.3736339873	104364.01455905195	268.08099999999996
4336	168710.01180229214	104363.98882670235	268.046
4337	168710.66331961824	104363.91939163953	267.961
4338	168711.27961540458	104363.89395273384	267.947
4339	168711.88313809235	104363.85030125175	268.01
4340	168712.43519407779	104363.87301954906	267.967
4341	168713.06073117245	104363.92324931175	267.96299999999997
4342	168714.3260718284	104363.82169357687	267.957
4343	168714.9214880726	104363.75113337673	267.96299999999997
4344	168715.54809628744	104363.73388829734	267.944
4345	168716.14316251356	104363.6950272629	267.98400000000004
4346	168716.68930287941	104363.60927675944	268.02099999999996
4347	168717.98368949722	104363.52932908479	268.08
4348	168718.6657580117	104363.45926173218	268.069
4349	168719.33491295762	104363.3435448138	268.142
4350	168720.6522051297	104363.34079774097	267.978
4351	168721.29827842538	104363.3317791177	267.96299999999997
4352	168721.92137588776	104363.33250437211	267.995
4353	168722.58432155557	104363.2918454418	267.994
4354	168723.23971617152	104363.33587925509	268.045
4355	168723.87496037327	104363.26323664747	268.012
4356	168724.5337345369	104363.25926874299	268.005
4357	168725.1776998163	104363.2413448058	267.936
4358	168725.81732548977	104363.24046067148	267.887
4359	168726.4820718422	104363.22835738678	267.883
4360	168727.1078849065	104363.2007294828	267.878
4361	168727.73942305052	104363.23466866929	267.874
4362	168728.3582185588	104363.17475962266	267.858
4363	168729.01370900514	104363.22528284602	267.874
4364	168729.60652231125	104363.15137820132	267.85200000000003
4365	168730.1828428211	104363.10262705106	267.785
4366	168730.7788760396	104363.02576784417	267.806
4367	168731.40062046217	104362.90524979774	267.839
4368	168732.06555858703	104362.90612460952	267.881
4369	168732.72365667054	104362.8246657867	267.819
4370	168733.41609149368	104362.81470075808	267.812
4371	168734.0955597369	104362.74054777622	267.769
4372	168734.74522079172	104362.72542592045	267.722
4373	168735.39096008966	104362.67655077484	267.731
4374	168736.0209298983	104362.5829427857	267.744
4375	168736.6513461129	104362.53104733583	267.737
4376	168737.3035365545	104362.43955751508	267.745
4377	168737.9455291184	104362.44164934754	267.756
4378	168738.61538960523	104362.39527011476	267.692
4379	168739.28529663122	104362.36928311922	267.663
4380	168739.94684428687	104362.35420406796	267.685
4381	168740.61807791668	104362.32284587994	267.693
4382	168741.2713921259	104362.35019019246	267.704
4383	168741.93779832395	104362.30583832227	267.707
4384	168742.6371384251	104362.32630159706	267.67900000000003
4385	168743.33072684976	104362.25924440101	267.668
4386	168743.95511242334	104362.23198418692	267.685
4387	168745.21307215042	104362.10037780087	267.664
4388	168745.85456667992	104362.04184901807	267.707
4389	168746.51976082948	104361.97061308008	267.756
4390	168747.13029578316	104361.9273612611	267.791
4391	168747.79200821626	104361.83238427062	267.718
4392	168748.4521262924	104361.81822811905	267.709
4393	168749.00833872266	104361.64112352487	267.69599999999997
4394	168749.5772660404	104361.53209919576	267.698
4395	168750.1359345741	104361.36631172057	267.668
4396	168750.6911433082	104361.23758835718	267.692
4397	168751.27092185384	104361.185885665	267.763
4398	168752.45646435564	104361.19602631684	267.835
4399	168753.08711954314	104361.1103942031	267.823
4400	168753.72040269797	104361.05461794604	267.782
4401	168754.35547371357	104360.96399635449	267.756
4402	168754.95908990904	104360.89421129134	267.818
4403	168756.20851535126	104360.78945756424	267.883
4404	168756.82776176187	104360.83707481995	267.871
4405	168757.4639933079	104360.82135192305	267.875
4406	168758.78427820353	104360.81287812348	267.892
4407	168759.35623545985	104360.75447480846	267.931
4408	168759.91822288168	104360.72532644775	267.96299999999997
4409	168760.51631080155	104360.67257750127	267.962
4410	168761.10264924477	104360.7150730826	267.915
4411	168761.72520304366	104360.66815799568	267.883
4412	168762.37529447392	104360.66583239567	267.894
4413	168763.04577118217	104360.7138177203	267.889
4414	168763.72656873547	104360.70066383202	267.902
4415	168765.040545249	104360.69457914587	267.928
4416	168765.70610301258	104360.68841588497	267.935
4417	168766.3345108981	104360.63317995984	267.91
4418	168766.95518825448	104360.61258302256	267.897
4419	168767.5973624743	104360.59706783667	267.908
4420	168768.20720797344	104360.51377355494	267.952
4421	168768.79544233694	104360.49102236517	267.965
4422	168769.42358721467	104360.40946167707	267.937
4423	168770.06191268234	104360.37317036372	267.899
4424	168770.68038704057	104360.27007118706	267.875
4425	168771.28946080667	104360.20327348448	267.841
4426	168771.90996506243	104360.16450910922	267.881
4427	168772.58331738584	104360.10572600551	267.884
4428	168773.18256216028	104360.09543500748	267.94599999999997
4429	168773.78838521178	104359.97338229883	267.95599999999996
4430	168774.42195982675	104359.90259363409	267.98400000000004
4431	168774.99143750878	104359.73925715592	268.005
4432	168775.5956675592	104359.6641005585	267.95799999999997
4433	168776.1885757591	104359.59724596515	268.03700000000003
4434	168776.81350951604	104359.51623087842	268.078
4435	168777.4361145946	104359.48841213528	268.115
4436	168778.06841820115	104359.34050061088	268.10900000000004
4437	168778.73511423523	104359.2816946255	268.10900000000004
4438	168779.42380740072	104359.18755902443	268.091
4439	168780.11372596695	104359.14996928815	268.051
4440	168780.7858826097	104359.09322217386	268.043
4441	168781.52299605653	104359.05431735422	268.07
4442	168782.1787095358	104359.07555764634	268.14599999999996
4443	168782.8666770744	104358.98494216613	268.126
4444	168783.5759338492	104358.95780301187	268.103
4445	168784.26615723435	104358.86793726217	268.067
4446	168784.9454379762	104358.81344059017	268.031
4447	168785.59551474647	104358.74845877755	267.98400000000004
4448	168787.00945357117	104358.6101871198	268.02299999999997
4449	168788.40109012343	104358.49278464634	268.055
4450	168789.04386457254	104358.40886835102	268.048
4451	168789.69064701645	104358.36778956279	268.089
4452	168790.27207092007	104358.25473565236	268.078
4453	168790.88965666806	104358.20113258343	268.052
4454	168792.04718861557	104357.96573709697	268.004
4455	168792.6394046289	104357.92650375329	268.045
4456	168793.25694660418	104357.81839858368	268.087
4457	168794.49932817975	104357.72271252703	268.123
4458	168795.0810352685	104357.69716031197	268.137
4459	168795.67638235114	104357.71336757205	268.16900000000004
4460	168796.9168902471	104357.70999549609	268.219
4461	168797.5451150584	104357.60619262047	268.187
4462	168798.24457763278	104357.59236805886	268.13
4463	168798.93350988269	104357.53141916823	268.10200000000003
4464	168799.5825706365	104357.45141953789	268.105
4465	168800.2049394548	104357.35649445839	268.163
4466	168800.80103825487	104357.22829263285	268.163
4467	168801.39543962636	104357.20964541286	268.198
4468	168802.02233737067	104357.14476849884	268.215
4469	168803.31759801132	104357.08727596607	268.223
4470	168803.93853685597	104357.09356463887	268.23400000000004
4471	168804.4916336892	104357.02434691414	268.243
4472	168805.08545388927	104356.96862170193	268.276
4473	168805.675661941	104356.92586041242	268.309
4474	168806.99198410878	104356.76203466859	268.30400000000003
4475	168807.64397837556	104356.65942990594	268.26099999999997
4476	168808.3183227435	104356.58934658952	268.257
4477	168809.5326360778	104356.46482996084	268.254
4478	168810.12338117027	104356.47156799305	268.316
4479	168810.7534884814	104356.40670353826	268.322
4480	168811.37651350803	104356.42801642977	268.377
4481	168811.9998369237	104356.36553793028	268.39099999999996
4482	168812.63698311607	104356.32683758531	268.361
4483	168813.253648798	104356.29807499237	268.347
4484	168813.9233285072	104356.26950128097	268.41200000000003
4485	168814.56316443568	104356.30996873043	268.461
4486	168815.14830696658	104356.22103041597	268.465
4487	168815.82443316723	104356.184693872	268.48900000000003
4488	168816.4371518659	104356.06267059874	268.466
4489	168817.0128215286	104355.93013404869	268.438
4490	168817.59069221496	104355.8471023133	268.488
4491	168818.1943725913	104355.7263447186	268.504
4492	168818.79531710016	104355.63950229622	268.573
4493	168819.3471840632	104355.44848597143	268.545
4494	168819.96447127848	104355.44549442735	268.562
4495	168820.57604375604	104355.34497182537	268.532
4496	168821.21304553468	104355.28013317939	268.526
4497	168821.82100056985	104355.19405760709	268.587
4498	168822.39833920487	104355.06022991613	268.623
4499	168823.0100774392	104355.04665219877	268.70599999999996
4500	168823.65287793407	104354.98906439543	268.715
4501	168824.29729293374	104355.01212345809	268.718
4502	168824.88324198013	104354.9971563872	268.697
4503	168825.46727337464	104354.95326300431	268.755
4504	168826.05967750694	104354.92812307365	268.828
4505	168826.6665682149	104354.80719250254	268.89799999999997
4506	168827.3040931076	104354.76237767376	268.95599999999996
4507	168827.98816183594	104354.69881988596	268.93
4508	168828.67009628692	104354.63377151918	268.91200000000003
4509	168829.2948721361	104354.63080775738	268.927
4510	168830.5450934169	104354.63711802755	269.061
4511	168831.807346994	104354.46921269316	269.08099999999996
4512	168832.45943776923	104354.37309968378	269.061
4513	168833.10446857632	104354.29012368526	269.068
4514	168833.72391941422	104354.247099014	269.124
4515	168834.3145303182	104354.15818230994	269.17900000000003
4516	168834.91806696792	104354.14457672648	269.245
4517	168835.49138698584	104354.0378018627	269.256
4518	168836.04028868783	104353.94521438144	269.254
4519	168836.608739109	104353.8706786884	269.329
4520	168837.22621041862	104353.78278499655	269.42
4521	168837.88362826104	104353.75954665802	269.449
4522	168838.552481927	104353.66275264695	269.448
4523	168839.22901678906	104353.61196077615	269.427
4524	168840.44275470584	104353.41589184478	269.422
4525	168841.04970498697	104353.37838489562	269.493
4526	168841.62954364592	104353.27701001521	269.518
4527	168842.20799993363	104353.2299471004	269.553
4528	168842.70414236424	104353.06580017321	269.52299999999997
4529	168843.73181422445	104352.88074735552	269.585
4530	168844.2897648541	104352.8506666394	269.643
4531	168844.84358725735	104352.87822496053	269.693
4532	168845.87311038037	104352.54079541005	269.71299999999997
4533	168846.3722801848	104352.36108756252	269.711
4534	168846.89590356383	104352.25728812162	269.765
4535	168847.5090692431	104352.24353294633	269.835
4536	168848.10486260112	104352.1348004276	269.853
4537	168848.70114144444	104352.12320971861	269.876
4538	168849.2797498629	104352.06687903404	269.877
4539	168849.8074721627	104352.08025573473	269.871
4540	168850.369270067	104352.07132289931	269.925
4541	168851.5147860851	104351.9398966534	270.059
4542	168852.08745501403	104351.81588076241	270.084
4543	168852.70792007903	104351.75525066629	270.072
4544	168853.34123984724	104351.68984659761	270.053
4545	168853.94698985713	104351.65567371529	270.108
4546	168855.26636274502	104351.63702471275	270.214
4547	168855.92085357453	104351.70127832703	270.238
4548	168856.50292799406	104351.60640140902	270.209
4549	168857.11632778653	104351.56039176602	270.176
4550	168857.73886924487	104351.48419760726	270.184
4551	168858.33637772268	104351.39456667844	270.212
4552	168858.9846201471	104351.37778655905	270.15
4553	168859.6248278923	104351.2808929449	270.134
4554	168860.27291572944	104351.27412304562	270.156
4555	168860.908475448	104351.14736653678	270.089
4556	168861.5436740771	104351.0884585157	270.06
4557	168862.10980913974	104351.03004550003	270.053
4558	168862.58931953294	104350.89679978788	270.086
4559	168863.13398004053	104350.86037062295	270.10900000000004
4560	168863.68928136717	104350.70681827981	270.121
4561	168864.23885577527	104350.65909849014	270.134
4562	168864.75631087742	104350.51857321057	270.16900000000004
4563	168865.3147293385	104350.42416893132	270.19599999999997
4564	168865.89107769218	104350.36838813312	270.259
4565	168866.41146315366	104350.27273585182	270.311
4566	168866.96101017672	104350.26598560251	270.41900000000004
4567	168867.56879670126	104350.1941890642	270.413
4568	168868.18899990973	104350.14041896816	270.41700000000003
4569	168868.82387294617	104350.10616642423	270.385
4570	168869.36387496893	104350.04284091294	270.444
4571	168869.91149964242	104350.04183093738	270.517
4572	168870.4896900094	104349.96955824923	270.508
4573	168871.0718887134	104349.90656903107	270.545
4574	168871.64949704322	104349.79758881405	270.527
4575	168872.22250505557	104349.71195032354	270.551
4576	168872.79305100016	104349.65003195219	270.624
4577	168873.3626496946	104349.55381464493	270.684
4578	168873.9469340135	104349.60576984286	270.697
4579	168874.5989397065	104349.56713004131	270.66
4580	168875.21545786483	104349.54671630822	270.637
4581	168875.80423800324	104349.47151593305	270.654
4582	168876.34605304603	104349.3333034059	270.69
4583	168876.8945881061	104349.2438703347	270.849
4584	168877.45941213335	104349.12001453247	270.844
4585	168878.0089183175	104349.05820692144	270.849
4586	168878.55583492378	104349.0225289287	270.795
4587	168879.1321981499	104348.96267122962	270.827
4588	168879.6845835305	104348.96001084335	270.875
4589	168880.24754172558	104348.92587341182	270.901
4590	168880.78274220802	104348.94224603381	270.901
4591	168881.31536727358	104348.84775124863	270.888
4592	168881.80710746004	104348.78499603644	270.863
4593	168882.32001451528	104348.65335453488	270.853
4594	168882.7744845795	104348.57545027416	270.867
4595	168883.23235148864	104348.61138255708	270.909
4596	168883.70968685648	104348.52151030116	270.926
4597	168884.25396995817	104348.49101417139	270.96299999999997
4598	168884.7448809857	104348.36096270755	270.972
4599	168885.1591639545	104348.38561644964	270.948
4600	168885.56850469313	104348.3629802186	270.992
4601	168885.9619920898	104348.28615588788	271.008
4602	168886.42586415564	104348.33805274405	270.986
4603	168887.6428022916	104348.211894962	270.982
4604	168888.8244510782	104348.0485349372	270.941
4605	168889.46692660963	104348.01579509955	270.937
4606	168890.12297164928	104347.91136115044	270.976
4607	168890.8167693479	104347.88659103587	270.986
4608	168891.52866255204	104347.75436433405	270.981
4609	168892.2411129131	104347.73225645442	270.962
4610	168892.9249379546	104347.60437872354	270.955
4611	168894.28946996233	104347.38958173152	270.95599999999996
4612	168894.94457653997	104347.34817479737	270.953
4613	168896.22739110043	104347.31513084564	271.029
4614	168896.91762940367	104347.25531165488	271.06
4615	168898.23853166492	104346.97566139232	271.077
4616	168898.93592371355	104346.87656713929	271.062
4617	168899.6367253858	104346.85441857763	271.043
4618	168900.28067977584	104346.77385686617	270.992
4619	168900.8897027762	104346.65572314896	271.027
4620	168902.11819829914	104346.38927609287	271.091
4621	168902.74661665762	104346.33201718703	271.145
4622	168903.38619609698	104346.17858518846	271.1
4623	168904.77459383645	104346.00466027111	271.047
4624	168905.43465831236	104345.90654557664	271.036
4625	168906.10139654484	104345.80363492295	271.068
4626	168906.7646038925	104345.6577031659	271.117
4627	168907.4051830905	104345.557109016	271.159
4628	168908.07013491268	104345.38875247538	271.176
4629	168908.7544183742	104345.33225038741	271.223
4630	168909.38056760636	104345.1784002753	271.217
4631	168909.99068799592	104345.05267088022	271.203
4632	168911.26570135533	104344.77508417796	271.14799999999997
4633	168911.94032753218	104344.69352139533	271.144
4634	168912.62936768238	104344.6032973621	271.153
4635	168913.33620260874	104344.5561456848	271.20099999999996
4636	168914.0239504862	104344.42847010121	271.22700000000003
4637	168915.391050212	104344.2937726304	271.302
4638	168916.12052351754	104344.26486979052	271.312
4639	168916.8250841	104344.18897626922	271.288
4640	168918.21390981454	104344.02858926822	271.221
4641	168918.90998982615	104343.96415931918	271.232
4642	168919.5895129852	104343.90931001026	271.245
4643	168920.22608042063	104343.80054624658	271.29
4644	168920.90700278152	104343.75330277253	271.328
4645	168922.27452917676	104343.56596019957	271.28700000000003
4646	168922.94319114083	104343.45712634269	271.233
4647	168923.60164660861	104343.37699017394	271.212
4648	168924.92701103416	104343.17967202328	271.284
4649	168925.553472389	104343.13798086904	271.36
4650	168926.1910553921	104343.01123943832	271.361
4651	168926.85336180608	104342.95113869384	271.35400000000004
4652	168927.50540265546	104342.83668440953	271.339
4653	168928.8229367992	104342.66844410356	271.263
4654	168929.46456926936	104342.60585964378	271.29
4655	168930.0643934493	104342.60040839203	271.37
4656	168930.70695304795	104342.47813449707	271.402
4657	168931.36903713003	104342.41376973875	271.44599999999997
4658	168932.02108346	104342.29783297796	271.431
4659	168932.6728057169	104342.20599475596	271.403
4660	168933.32298944824	104342.0791139612	271.329
4661	168933.9423630397	104341.95879655518	271.35200000000003
4662	168934.58807231308	104341.88640209474	271.4
4663	168935.23479108015	104341.76451442018	271.426
4664	168935.86107601086	104341.73895206209	271.41900000000004
4665	168936.4561114413	104341.61039091554	271.418
4666	168937.05516698753	104341.52095978707	271.414
4667	168937.6736084113	104341.39544879086	271.39
4668	168938.35140769326	104341.29109879397	271.363
4669	168938.98453072045	104341.18176879175	271.362
4670	168939.64396356806	104341.09440822992	271.393
4671	168940.28706063694	104341.02126357518	271.465
4672	168940.9333931352	104340.90771738347	271.522
4673	168941.57972563346	104340.79417119175	
4674	168942.91788815573	104340.5590859087	
4675	168944.256050678	104340.32400062564	
4676	168945.59421320027	104340.08891534258	
4677	168946.93237572254	104339.85383005952	
4678	168948.2705382448	104339.61874477647	
4679	168949.60870076707	104339.38365949341	
4680	168950.94686328934	104339.14857421035	
4681	168952.2850258116	104338.9134889273	
4682	168953.62318833388	104338.67840364424	
4683	168954.96135085615	104338.44331836118	
4684	168956.2995133784	104338.20823307813	
4685	168957.63767590068	104337.97314779507	
4686	168958.97583842295	104337.73806251201	
4687	168960.31400094522	104337.50297722896	
4688	168961.6521634675	104337.2678919459	
4689	168962.99032598975	104337.03280666284	
4690	168964.32848851202	104336.79772137979	
4691	168965.6666510343	104336.56263609673	
4692	168967.00481355656	104336.32755081367	
4693	168968.34297607883	104336.09246553062	
4694	169020.24411494902	104330.23902942147	272.064
4695	169020.26311155924	104330.27821335848	272.082
4696	169020.2663790121	104330.2620969126	272.096
4697	169020.28624027027	104330.22620437108	272.129
4698	169020.2805867588	104330.2117242422	272.14799999999997
4699	169020.2722761434	104330.20891359448	272.145
4700	169020.29333085447	104330.23772356566	272.145
4701	169020.3050272407	104330.2905994663	272.153
4702	169020.35586243292	104330.23572412785	272.145
4703	169020.34810804407	104330.21048429608	272.13
4704	169020.32067205996	104330.23726586066	272.121
4705	169020.32877236817	104330.26547304913	272.126
4706	169020.30964493772	104330.26262345351	272.124
4707	169020.32419120232	104330.18425936345	272.13599999999997
4708	169020.4019275125	104330.11909950525	272.127
4709	169020.83503888274	104330.1308549298	272.147
4710	169021.98533729062	104329.96129411738	272.15
4711	169022.61368618318	104329.92425577994	272.175
4712	169023.2426793994	104329.80732031632	272.192
4713	169023.91641377457	104329.74337983597	272.2
4714	169024.58698147463	104329.63456566446	272.221
4715	169025.234339628	104329.56719349232	272.226
4716	169025.88229677745	104329.46552794427	272.23400000000004
4717	169026.53937394812	104329.40597696789	272.202
4718	169027.19898271028	104329.33660996147	272.159
4719	169028.46936902194	104329.22439527139	272.226
4720	169029.05851024314	104329.08321733121	272.293
4721	169029.66722033525	104328.987343085	272.37
4722	169030.25327443687	104328.81222930271	272.399
4723	169030.86366740108	104328.74416851345	272.406
4724	169031.4657618297	104328.53796852008	272.421
4725	169032.1077692138	104328.50413200445	272.435
4726	169032.7271272725	104328.45519804675	272.42900000000003
4727	169033.33920981706	104328.38009912428	272.464
4728	169033.9729086513	104328.3098980803	272.52
4729	169034.58217520994	104328.19159521628	272.593
4730	169035.22869486193	104328.19207095262	272.621
4731	169035.86442523135	104328.0529154595	272.618
4732	169036.47566307167	104328.01433405373	272.656
4733	169037.1085239621	104327.91280085687	272.634
4734	169037.7046017903	104327.8259657165	272.66900000000004
4735	169038.26757950024	104327.68840214796	272.72
4736	169038.77200699755	104327.53653861396	272.777
4737	169039.3412965814	104327.4616569262	272.82
4738	169039.9230185424	104327.30135913566	272.84
4739	169040.5598982513	104327.23914175946	272.841
4740	169041.14564048193	104327.0187949175	272.816
4741	169041.77599136083	104326.92114624847	272.81
4742	169042.34384078273	104326.78415681422	272.774
4743	169042.89122512288	104326.68565306999	272.82099999999997
4744	169043.5042708088	104326.67321781535	272.875
4745	169044.11233097827	104326.59291494824	272.918
4746	169044.8115317526	104326.65308929607	272.95
4747	169045.47203322116	104326.60004137363	272.906
4748	169046.17406882392	104326.63223348651	272.879
4749	169046.84370140612	104326.65114675928	272.895
4750	169047.52496270766	104326.70866144449	272.88599999999997
4751	169048.15976080106	104326.72930310294	272.935
4752	169049.41300424506	104326.75643867254	273.028
4753	169050.66382808605	104326.663438458	273.072
4754	169051.28467604204	104326.53109026887	273.078
4755	169051.87748283785	104326.42848748155	273.07099999999997
4756	169052.47612852757	104326.38782330602	273.149
4757	169053.12762020394	104326.36106804851	273.188
4758	169053.7353302012	104326.3779050447	273.214
4759	169054.34814803844	104326.26388104074	273.24
4760	169054.9913846363	104326.21892882697	273.295
4761	169055.62629809743	104326.14169025235	273.283
4762	169056.91090075969	104326.07606447022	273.313
4763	169057.4953835682	104326.00735713355	273.361
4764	169058.10161739314	104325.97209704388	273.36400000000003
4765	169059.34334056437	104325.83179370873	273.414
4766	169059.92741990736	104325.67725345492	273.381
4767	169060.55052160844	104325.61220804416	273.35200000000003
4768	169061.14429280293	104325.53890008107	273.356
4769	169061.7375312218	104325.44853514619	273.404
4770	169062.3157093707	104325.41410121135	273.461
4771	169062.93343894626	104325.32252711151	273.492
4772	169063.48476117154	104325.31876976229	273.535
4773	169064.01305208745	104325.20814948436	273.553
4774	169065.15196301183	104325.06562267523	273.557
4775	169065.74288645032	104324.95800933242	273.629
4776	169066.35644957353	104324.90108697582	273.721
4777	169067.5987887292	104324.78785353154	273.805
4778	169068.8382981432	104324.63530923706	273.79200000000003
4779	169069.48256052265	104324.53678717092	273.825
4780	169070.13182149892	104324.50242529903	273.818
4781	169071.41013019474	104324.43529725913	273.899
4782	169071.98382012013	104324.42587471008	273.954
4783	169072.630865366	104324.31383020151	273.95599999999996
4784	169073.2702440314	104324.25106963515	273.983
4785	169073.9199502931	104324.1592415031	273.95799999999997
4786	169075.16194858763	104324.04174482264	273.893
4787	169075.73600003528	104323.93221785408	273.941
4788	169076.27267835	104323.8690868076	273.96
4789	169076.84956551687	104323.73139218055	273.962
4790	169077.43296596146	104323.63339282386	273.976
4791	169078.00874589777	104323.50607569795	273.95599999999996
4792	169078.6391019068	104323.40731914155	274.006
4793	169079.25353125503	104323.37394488603	274.04900000000004
4794	169079.86948136392	104323.24862685986	274.108
4795	169080.49677775515	104323.20714242198	274.131
4796	169081.11975138565	104323.04607123882	274.106
4797	169081.7457228489	104322.94359157793	274.069
4798	169082.3466594318	104322.86122816987	274.064
4799	169082.9450201543	104322.80091595091	274.098
4800	169083.55545000365	104322.78884664271	274.13
4801	169084.1456541828	104322.68308656942	274.129
4802	169084.75803513924	104322.62449363898	274.185
4803	169085.4199639453	104322.50564534124	274.176
4804	169086.09854270626	104322.51606833749	274.195
4805	169086.7380687509	104322.44552389532	274.217
4806	169087.36281989524	104322.38475137856	274.188
4807	169087.97410201628	104322.3013136955	274.184
4808	169088.53896742186	104322.16821144428	274.223
4809	169089.09585200125	104322.10552547034	274.22
4810	169089.6481213515	104321.93845296837	274.219
4811	169090.20809686749	104321.84278033487	274.203
4812	169090.74845678618	104321.74777839892	274.211
4813	169091.29603005198	104321.66318396479	274.24
4814	169091.8899136235	104321.59191905335	274.29200000000003
4815	169092.4622925707	104321.45198525116	274.296
4816	169093.04179402988	104321.38048310764	274.346
4817	169093.6321205024	104321.2409850629	274.339
4818	169094.16484495997	104321.15374191012	274.308
4819	169094.68390141695	104321.09889121074	274.388
4820	169095.22061858917	104320.95938495174	274.39
4821	169095.7826715863	104320.88096091617	274.402
4822	169096.29832199775	104320.7489792658	274.374
4823	169096.81955136382	104320.6520549804	274.38
4824	169097.33138704	104320.65464677103	274.45799999999997
4825	169097.8649155362	104320.57519293018	274.453
4826	169098.44946121587	104320.58805829752	274.45099999999996
4827	169098.98122799763	104320.5684764944	274.418
4828	169099.54260479726	104320.57847749721	274.445
4829	169100.1024238314	104320.6248077387	274.461
4830	169100.62149827118	104320.53213981539	274.445
4831	169101.12455549467	104320.4640697958	274.454
4832	169101.54163372552	104320.34063057415	274.41700000000003
4833	169102.27765177828	104320.21241242066	274.48400000000004
4834	169102.83291595816	104320.10485965479	274.495
4835	169103.00729219135	104320.10567559116	274.525
4836	169103.05209811972	104320.00906835496	274.54200000000003
4837	169103.01074985045	104319.97128634248	274.575
4838	169102.98489619588	104319.98769182991	274.586
4839	169102.95969363686	104319.95552965719	274.584
4840	169102.9460284856	104319.92137000803	274.595
4841	169102.93536961114	104319.9433918884	274.591
4842	169102.94130198687	104319.91356688272	274.62
4843	169102.92716247152	104319.94484526478	274.613
4844	169102.9327512002	104319.94430933148	274.644
4845	169102.9566531487	104320.00742554665	274.687
4846	169102.9457569965	104319.99644862209	274.657
4847	169102.93841835903	104319.9220840158	274.656
4848	169102.92793401287	104319.83009676915	274.644
4849	169102.94224288597	104319.81772793736	274.621
4850	169102.99248757743	104319.89354536589	274.64
4851	169102.94324696565	104319.9345220523	274.60200000000003
4852	169102.91274054977	104319.92273268942	274.593
4853	169102.9116957713	104319.94868235383	274.608
4854	169102.9195337911	104319.9835624583	274.616
4855	169102.9111088134	104319.94664103072	274.622
4856	169102.92688006512	104319.89145430923	274.63
4857	169102.94930649112	104319.83666241262	274.626
4858	169102.93863957227	104319.8609088473	274.61400000000003
4859	169102.9307584113	104319.9037035266	274.606
4860	169102.9815909701	104319.91556638759	274.617
4861	169102.97315280116	104319.91516511049	274.6
4862	169102.94246852872	104319.9196886979	274.57099999999997
4863	169103.0238517962	104319.7338597374	274.557
4864	169103.02694009498	104319.70161448512	274.54400000000004
4865	169103.03749217014	104319.67625534628	274.536
4866	169103.05657983004	104319.65723005217	274.532
4867	169103.04749659743	104319.70372801833	274.522
4868	169103.0369228562	104319.70220672805	274.52099999999996
4869	169103.01802380395	104319.60332993139	274.495
4870	169102.97708731412	104319.58316067327	274.472
4871	169102.99834248275	104319.62216769625	274.499
4872	169103.02954646508	104319.60541079659	274.508
4873	169104.5765747429	104325.1377904946	274.64
4874	169104.5908333255	104325.13932511304	274.643
4875	169104.58867743885	104325.11095391586	274.707
4876	169104.60382775086	104325.09599278308	274.732
4877	169104.5764903272	104325.0625252109	274.788
4878	169104.53514989384	104325.08832915034	274.817
4879	169104.51260687743	104325.07675395999	274.841
4880	169104.58420275812	104325.09925868548	274.86400000000003
4881	169104.6203628926	104325.09253032971	274.866
4882	169104.62459896557	104325.07159751281	274.893
4883	169104.61018578033	104325.04707500432	274.91
4884	169104.5923475979	104325.01642250922	274.928
4885	169104.61297715304	104324.9983297037	274.953
4886	169104.60241280848	104324.99421309959	274.961
4887	169104.5900587666	104324.99194384087	274.99
4888	169104.56456884462	104325.072121948	275.058
4889	169104.5478022094	104325.10672769696	275.068
4890	169104.5536228369	104325.1406735992	275.068
4891	169104.56179108575	104325.14997222647	275.066
4892	169104.56970061446	104325.13220418524	275.059
4893	169104.58523722773	104325.14190022089	275.035
4894	169104.57952360463	104325.14410413802	275.032
4895	169104.5617975845	104325.11530586611	275.027
4896	169104.57159711068	104325.13369409554	274.974
4897	169104.57664064743	104325.1524358904	274.968
4898	169104.56857718623	104325.14703065995	274.97
4899	169104.56943874745	104325.1388769811	274.96299999999997
4900	169104.54931951876	104325.14733178075	274.961
4901	169104.55445108333	104325.1746014515	274.966
4902	169104.53027472473	104325.25311587099	274.96299999999997
4903	169104.4748547071	104325.22788891848	274.988
4904	169104.48954966554	104325.20736469142	274.99
4905	169104.5717789399	104325.21489194967	274.967
4906	169104.5950492312	104325.2225767551	274.948
4907	169104.57739669541	104325.23919727001	274.954
4908	169104.56459869814	104325.2282134667	274.947
4909	169104.55857138202	104325.21855182014	274.95
4910	169104.57035656762	104325.21377451718	274.941
4911	169104.56679929656	104325.21135168895	274.942
4912	169104.57197108486	104325.22749860119	274.94
4913	169104.5789955883	104325.22437251359	274.939
4914	169104.5880984719	104325.20531111583	274.938
4915	169104.59578233553	104325.18420538865	274.92400000000004
4916	169104.5687728887	104325.19152298197	274.937
4917	169104.56889845894	104325.18966961931	274.948
4918	169104.5573724587	104325.18851564545	274.95799999999997
4919	169104.56543323802	104325.19466239121	274.957
4920	169104.56690589027	104325.18187637907	274.95799999999997
4921	169104.5649079582	104325.17556617502	274.957
4922	169104.55406766865	104325.18201533519	274.968
4923	169104.48615194904	104325.16082158964	274.997
4924	169104.40834599262	104325.11345325969	275.02099999999996
4925	169104.37527436874	104325.12074892875	275.036
4926	169104.44993127344	104325.15142151807	275.03700000000003
4927	169104.48573681994	104325.14413573407	275.035
4928	169104.46163178302	104325.13718943764	275.03700000000003
4929	169104.41368826822	104325.11532639619	275.051
4930	169104.37449191444	104325.10702785198	275.08099999999996
4931	169104.38090465654	104325.10871947929	275.1
4932	169104.3787255115	104325.11964911968	275.101
4933	169104.34452844915	104325.14232740365	275.111
4934	169104.36017655468	104325.15406304132	275.108
4935	169104.36036359446	104325.1023422163	275.10200000000003
4936	169104.33137055064	104325.03364612907	275.084
4937	169104.34009295813	104324.95544658601	275.051
4938	169104.35455688814	104324.93306770734	275.032
4939	169104.33741086195	104324.97397505865	275.03
4940	169104.32562902788	104324.97782547027	275.027
4941	169104.3607836741	104325.0519199064	275.075
4942	169104.4577386954	104325.12901856471	275.073
4943	169104.51077422113	104325.18908865564	275.063
4944	169104.54584733397	104325.21998885833	275.03700000000003
4945	169104.53200052844	104325.23606699426	275.035
4946	169104.5519772213	104325.20128747262	275.004
4947	169104.5474576236	104325.20201265533	275.01
4948	169104.56821811144	104325.18058345374	274.997
4949	169104.56865381735	104325.15870998427	274.994
4950	169104.56175019138	104325.16128036473	275.001
4951	169104.56224040504	104325.15720374137	274.999
4952	169104.55154445677	104325.15660891123	275.026
4953	169104.54404381805	104325.15991866123	275.013
4954	169104.52438020162	104325.1081260452	275.012
4955	169104.50972861308	104325.08378805686	275.02099999999996
4956	169104.53434866876	104325.0797986919	275.002
4957	169104.53582327807	104325.16507961787	274.98900000000003
4958	169104.49087380135	104325.07129929494	275.029
4959	169104.47645370566	104325.01581801288	275.017
4960	169104.45544254174	104325.00795599539	275.02099999999996
4961	169104.4773300154	104325.00358598493	275.002
4962	169104.47891952257	104324.9913565414	274.995
4963	169104.49639419743	104324.99104897305	274.99
4964	169104.51066082524	104324.99035903811	274.991
4965	169104.50212458076	104324.98421057034	275.0
4966	169104.503704032	104324.97476181481	274.992
4967	169104.504941839	104324.99404599145	274.98400000000004
4968	169104.5069786542	104324.98960419558	274.972
4969	169104.49947667442	104324.99328470044	274.983
4970	169104.48802529357	104325.0043661911	274.976
4971	169104.47650063346	104325.00284146052	274.969
4972	169104.47471965128	104325.00227887556	274.962
4973	169104.4860052383	104325.00417350512	274.959
4974	169104.49562401633	104325.00680363458	274.96
4975	169104.49825985543	104325.00106633268	274.952
4976	169104.49762040202	104324.98067202978	274.95599999999996
4977	169104.49646995246	104324.9701011097	274.964
4978	169104.4768898758	104324.96094659716	274.981
4979	169104.47608261713	104324.95408455376	274.995
4980	169104.5249272476	104324.95685654134	274.98400000000004
4981	169104.54653274274	104324.96472070552	274.97900000000004
4982	169104.54838499264	104324.97844565101	274.98
4983	169104.54632940597	104324.98807806522	274.97900000000004
4984	169104.5435820751	104324.99177576322	274.976
4985	169104.53573556393	104324.99211815465	274.973
4986	169104.52967673872	104324.99116933346	274.973
4987	169104.52420755185	104324.99152031913	274.974
4988	169104.51991227837	104324.99595394544	274.976
4989	169104.51657463855	104324.99853722099	274.978
4990	169104.51634696225	104324.99575567245	274.98
4991	169104.51729856242	104324.995573733	274.981
4992	169104.51646783965	104324.99519996252	274.982
4993	169104.5144451027	104324.99574879557	274.98400000000004
4994	169104.5140871633	104324.99611826148	274.985
4995	169104.51456799128	104324.99463694822	274.986
4996	169104.51623077772	104324.99501372501	274.986
4997	169104.51872428652	104324.99576427042	274.985
4998	169104.52180810427	104324.99762924016	274.985
4999	169104.52346083452	104325.00078670494	274.98400000000004
5000	169104.52368918137	104325.00338287279	274.983
5001	169104.52308948716	104325.00486376043	274.98
5002	169104.5229659281	104325.00616098661	274.978
5003	169104.52342932572	104325.00949953217	274.976
5004	169104.52364828702	104325.01469101477	274.974
5005	169104.52315472142	104325.0196945332	274.973
5006	169104.52243146815	104325.0224726433	274.973
5007	169104.52265981497	104325.02506881114	274.972
5008	169104.52336563772	104325.02711056359	274.972
5009	169104.5245408921	104325.0308224503	274.973
5010	169104.52453351775	104325.03286162112	274.975
5011	169104.52453418815	104325.03267624136	274.976
5012	169104.52418161184	104325.03156267758	274.978
5013	169104.52311650867	104325.03026115242	274.97900000000004
5014	169104.52252821115	104325.0285905907	274.981
5015	169104.5242003829	104325.02637205832	274.982
5016	169104.52729827902	104325.02434406057	274.982
5017	169104.53039215272	104325.02342833858	274.982
5018	169104.5336001998	104325.0238107061	274.981
5019	169104.53609437912	104325.02437587176	274.98
5020	169104.53787670206	104325.02456769906	274.97900000000004
5021	169104.5390660346	104325.02438661736	274.978
5022	169104.54073150235	104325.0240218779	274.976
5023	169104.5432236707	104325.02514317911	274.974
5024	169104.54464269083	104325.02718750946	274.973
5025	169104.54652644944	104325.03219962865	274.969
5026	169104.54723495396	104325.03349986207	274.968
5027	169104.54806232473	104325.03480052855	274.966
5028	169104.5487714996	104325.0359153822	274.966
5029	169104.54924428294	104325.03665862046	274.965
5030	169104.54923959012	104325.03795627598	274.965
5031	169104.54876077326	104325.03888145275	274.966
5032	169104.54816107888	104325.0403623376	274.966
5033	169104.54672127657	104325.04406476393	274.967
5034	169104.54552658045	104325.04572887812	274.967
5035	169104.54516797067	104325.04628372844	274.966
5036	169104.5456420948	104325.04665620532	274.966
5037	169104.54635261046	104325.04740030132	274.965
5038	169104.5470624558	104325.04832977802	274.964
5039	169104.54729415465	104325.0499990508	274.964
5040	169104.5469321927	104325.05148079712	274.964
5041	169104.54657291243	104325.05222102534	274.96299999999997
5042	169104.3488114485	104325.10841803905	274.904
5043	169104.34286411534	104325.10950882081	274.69599999999997
5044	169104.3287630247	104325.16303314362	274.505
5045	169104.2178088115	104325.1112811612	274.487
5046	169104.16398030845	104325.07326862961	274.472
5047	169104.15615659056	104325.06730812136	274.464
5048	169104.18147643554	104325.0670289211	274.552
5049	169104.20870773293	104325.09697385412	274.783
5050	169104.26524628047	104325.07585942093	274.98400000000004
5051	169104.34811274274	104325.17014762387	274.96299999999997
5052	169104.40355555515	104325.18907167856	274.966
5053	169104.42208775197	104325.15929224249	274.943
5054	169104.38088454475	104325.1142808618	274.943
5055	169104.38251535833	104325.15636840649	274.961
5056	169104.43867425562	104325.2073660884	274.952
5057	169104.44285556144	104325.23444694001	274.938
5058	169104.4749385068	104325.20471650828	274.908
5059	169104.48314764994	104325.20270699542	274.89599999999996
5060	169104.44713809702	104325.23353552073	274.922
5061	169104.39385684548	104325.07706604246	274.91700000000003
5062	169104.40132530528	104325.08265450317	274.907
5063	169104.44750841454	104325.06539563555	274.913
5064	169104.45180482272	104325.0277786851	274.907
5065	169104.4413618198	104324.99010842759	274.913
5066	169104.45717257372	104325.0226074066	274.926
5067	169104.4443444076	104325.01996567193	274.931
5068	169104.41376763303	104325.02764112875	274.94599999999997
5069	169104.44148089204	104325.02292142343	274.955
5070	169104.48779137773	104324.97044048831	274.943
5071	169104.45300514007	104324.95882102288	274.96299999999997
5072	169104.37305061583	104324.97966539674	274.971
5073	169104.3229196024	104325.13539013453	274.957
5074	169104.35616970662	104325.21021921467	274.959
5075	169104.40344607443	104325.18647593819	274.964
5076	169104.44542198992	104325.08355550002	274.926
5077	169104.43953097006	104325.06907442212	274.914
5078	169104.43136896068	104325.09091994818	274.902
5079	169104.43072233858	104325.1053773826	274.901
5080	169104.40982937076	104325.09770117607	274.901
5081	169104.40755126503	104325.0702564409	274.897
5082	169104.40527517037	104325.04225557204	274.897
5083	169104.39387809183	104325.03832134046	274.89799999999997
5084	169104.3886278664	104325.04386380408	274.893
5085	169104.35142248293	104325.10953977145	274.893
5086	169104.3885471612	104325.13191983197	274.877
5087	169104.26060085648	104325.14424847532	274.872
5088	169103.90445102743	104325.28181144968	274.871
5089	169103.4694978937	104325.25335821416	274.86400000000003
5090	169102.9442571152	104325.37492310908	274.855
5091	169102.38547197258	104325.40441742726	274.835
5092	169101.75683886145	104325.4868637966	274.788
5093	169101.16115673602	104325.5953828264	274.784
5094	169100.56072310824	104325.67014527041	274.754
5095	169099.93139318028	104325.78095273953	274.712
5096	169099.2882311922	104325.80513700936	274.702
5097	169098.63191356102	104325.95014268532	274.686
5098	169097.9909866019	104325.98082355596	274.673
5099	169097.05002520754	104326.17930263467	274.645
5100	169097.03499026908	104326.2610016223	274.722
5101	169097.20508728558	104326.19599138852	274.722
5102	169097.40953621536	104326.16410328913	274.71
5103	169097.57909971976	104326.14803191274	274.755
5104	169097.56559213423	104325.90587455314	274.775
5105	169097.47332222867	104325.88088522386	274.756
5106	169097.37795040847	104325.85903617181	274.703
5107	169097.29146616533	104325.6803863151	274.545
5108	169097.24385685942	104325.63182957657	274.45099999999996
5109	169097.21755660162	104325.64026206266	274.415
5110	169097.26199362864	104325.71142390277	274.611
5111	169097.35998788002	104325.73124323133	274.676
5112	169097.3951874396	104325.69429413602	274.843
5113	169097.41381927676	104325.7027036678	274.867
5114	169097.36424285857	104325.63930928055	274.869
5115	169097.37927964353	104325.6228646636	274.911
5116	169097.41894543794	104325.63283328805	274.944
5117	169097.42737714603	104325.66790091433	275.024
5118	169097.39802950612	104325.69727051444	275.069
5119	169097.40667993296	104325.70471705496	275.091
5120	169097.43459045596	104325.6783083668	275.082
5121	169097.42158956034	104325.65768399648	275.084
5122	169097.41402635322	104325.6454214612	275.08099999999996
5123	169097.43458752602	104325.64623731934	275.082
5124	169097.416390866	104325.55032918788	274.92
5125	169097.39103492763	104325.39618531521	274.71
5126	169097.36750619908	104325.49286951497	274.934
5127	169097.39653015742	104325.55303811654	274.982
5128	169097.36765706178	104325.54978225008	275.046
5129	169097.393182719	104325.59121464938	275.105
5130	169097.36385116234	104325.61613514926	275.101
5131	169097.43291736773	104325.64789971523	275.128
5132	169097.48078157892	104325.65882488899	275.118
5133	169097.51026106768	104325.65874607489	275.117
5134	169097.51296416338	104325.66728340834	275.118
5135	169097.55973780353	104325.6839514682	275.096
5136	169097.53139202436	104325.69923568051	275.127
5137	169097.49025024503	104325.702979967	275.125
5138	169097.51712405917	104325.7002963908	275.11400000000003
5139	169097.52692604045	104325.68513052445	275.101
5140	169097.5142060165	104325.68545530364	275.099
5141	169097.5104588397	104325.70268225856	275.097
5142	169097.50558666576	104325.70229388122	275.093
5143	169097.4789787305	104325.6971923858	275.103
5144	169097.4716083558	104325.6973511232	275.113
5145	169097.46687515243	104325.69140179921	275.107
5146	169097.4848487449	104325.68460764829	275.099
5147	169097.55646140053	104325.70247779693	275.093
5148	169097.5904198542	104325.7457944993	275.072
5149	169097.57783502864	104325.77448317036	275.073
5150	169097.5901729879	104325.78120151442	275.073
5151	169097.59905687746	104325.75694862474	275.075
5152	169097.6316054417	104325.76281312387	275.052
5153	169097.65825919545	104325.78812139295	275.041
5154	169097.65985295543	104325.8075922355	275.045
5155	169097.65191438602	104325.8005190324	275.05400000000003
5156	169097.6375011705	104325.77599653974	275.07
5157	169097.65464336955	104325.76901400555	275.064
5158	169097.68200001997	104325.76429297682	275.084
5159	169097.71410193626	104325.76218444947	275.085
5160	169097.73992605915	104325.75393562578	275.085
5161	169097.75087314256	104325.75082371198	275.091
5162	169097.72364163725	104325.78668932058	275.118
5163	169097.67299440905	104325.85509746522	275.159
5164	169097.6866285034	104325.86497198511	275.15
5165	169097.7177779015	104325.83041821141	275.12
5166	169097.72175476924	104325.81541666668	275.121
5167	169097.74324140468	104325.82328037359	275.119
5168	169097.75546384818	104325.82907139417	275.119
5169	169097.78790627868	104325.831413256	275.123
5170	169097.76311710346	104325.84930566885	275.131
5171	169097.77005112995	104325.87120577972	275.131
5172	169097.77698515644	104325.8931058906	
5173	169097.78298864258	104325.91206702557	
5174	169097.7889921287	104325.93102816053	
5175	169097.79499561485	104325.94998929549	
5176	169097.800999101	104325.96895043046	
5177	169097.80700258713	104325.98791156542	
5178	169097.81300607327	104326.00687270038	
5179	169097.8190095594	104326.02583383535	
5180	169097.82501304554	104326.04479497031	
5181	169097.83101653168	104326.06375610527	
5182	169036.95149477216	104334.14847589005	272.361
5183	169036.95149477216	104334.14847589005	272.361
5184	169036.95811523934	104334.1255124174	272.37
5185	169036.91284670492	104334.08697527088	272.382
5186	169036.60287278015	104334.1438827347	272.35
5187	169036.03794187738	104334.2629012689	272.356
5188	169035.3537404028	104334.29584374186	272.335
5189	169034.6345348264	104334.41059889458	272.27099999999996
5190	169033.88047353976	104334.46701870114	272.258
5191	169032.3993001568	104334.68821864668	272.2
5192	169030.968155473	104334.84749636054	272.139
5193	169030.27084745612	104334.95510110352	272.065
5194	169029.56739449798	104335.08567113802	272.091
5195	169028.90018368769	104335.25270662736	272.161
5196	169028.23919934683	104335.37416072749	272.216
5197	169027.56965733928	104335.46240075771	272.262
5198	169026.90566668648	104335.59348404314	272.238
5199	169026.23740020744	104335.69062716234	272.23900000000003
5200	169025.57255154374	104335.8619353585	272.224
5201	169024.87804308496	104335.91838554293	272.216
5202	169024.15548835095	104336.03906226903	272.143
5203	169023.43412486053	104336.06000802387	272.085
5204	169022.7212750898	104336.15940099768	272.046
5205	169021.3532182792	104336.36043398641	271.976
5206	169020.74525781578	104336.47948460001	271.942
5207	169020.12497136247	104336.5884802891	271.903
5208	169019.44876120458	104336.7130321553	271.92900000000003
5209	169018.75254735447	104336.74797272217	271.94599999999997
5210	169017.39464183786	104336.93588117603	272.017
5211	169016.73675132284	104337.12260220945	272.017
5212	169016.0592610627	104337.20655130502	272.036
5213	169014.70551111613	104337.29677924141	272.03700000000003
5214	169014.0533855926	104337.43402444571	271.99
5215	169013.3252384076	104337.49035506602	271.95799999999997
5216	169012.61172330525	104337.60958284885	271.915
5217	169011.87171825493	104337.65789957996	271.823
5218	169011.09097045637	104337.76427965052	271.67900000000003
5219	169010.34570610998	104337.8537324071	271.615
5220	169009.62318866747	104337.96421525534	271.547
5221	169008.8908835594	104338.08597126976	271.532
5222	169008.19162040844	104338.17558985855	271.558
5223	169007.4604720062	104338.3062485531	271.54900000000004
5224	169006.73074574186	104338.37202886678	271.58
5225	169005.99072314365	104338.49134754855	271.57099999999997
5226	169005.26064632833	104338.55545836873	271.60200000000003
5227	169004.59031871837	104338.69708841015	271.57599999999996
5228	169003.83379303134	104338.77797401324	271.555
5229	169003.08596825178	104338.91839854792	271.507
5230	169002.335435089	104338.95258973166	271.494
5231	169001.6165334631	104339.08236637525	271.426
5232	169000.94338288248	104339.14964865893	271.357
5233	169000.2631192183	104339.24471269734	271.302
5234	168999.5938414343	104339.35891065467	271.30400000000003
5235	168998.90323029607	104339.42260814365	271.317
5236	168998.22616561363	104339.55364800524	271.307
5237	168997.5214636774	104339.63527702633	271.322
5238	168996.81070201396	104339.78232409433	271.33299999999997
5239	168996.0905573546	104339.82811910473	271.382
5240	168995.40036000716	104339.94205698371	271.358
5241	168994.7092821992	104340.00334338006	271.369
5242	168994.02330897748	104340.16568125412	271.353
5243	168993.33872640913	104340.27185355593	271.33299999999997
5244	168992.68575109186	104340.41428901721	271.319
5245	168992.02475291234	104340.54001136217	271.324
5246	168991.32764662546	104340.62500538584	271.368
5247	168990.60979172567	104340.72827770188	271.34
5248	168989.16948663723	104340.89049987588	271.29900000000004
5249	168987.778111181	104341.1641273424	271.285
5250	168986.3631860235	104341.3093863856	271.27
5251	168985.6636394375	104341.34580237605	271.235
5252	168984.96981630276	104341.44341499172	271.192
5253	168984.28115772072	104341.52621572278	271.187
5254	168983.589876118	104341.61123169493	271.14799999999997
5255	168982.91754408547	104341.74859349243	271.17400000000004
5256	168982.2112967624	104341.83040438313	271.171
5257	168981.54291231302	104341.99391935952	271.173
5258	168980.8673324299	104342.07584061846	271.187
5259	168979.50730507768	104342.22648943309	271.16700000000003
5260	168978.83980946516	104342.30806923006	271.101
5261	168978.16126068326	104342.3892386416	271.085
5262	168977.51234113894	104342.49479958136	271.108
5263	168976.86911785725	104342.60297640786	271.139
5264	168976.22890120707	104342.66834093723	271.17400000000004
5265	168975.6022166317	104342.73894483875	271.22
5266	168975.0234086713	104342.71777145844	271.293
5267	168974.4364479409	104342.78221520595	271.32
5268	168973.2799588703	104342.95565711614	271.315
5269	168972.77709291043	104343.00464563537	271.284
5270	168972.43265813644	104343.0920210667	271.291
5271	168972.25385501917	104343.13253364805	271.329
5272	168972.22962365224	104343.06144542899	271.347
5273	168972.23635434543	104343.0077089062	271.348
5274	168972.25837478816	104342.96626249235	271.345
5275	168972.28139644902	104342.94391398318	271.32599999999996
5276	168972.25278343447	104342.9675400788	271.34
5277	168972.23744743972	104343.00122447405	271.363
5278	168972.2481290773	104343.03889532201	271.383
5279	168972.26305423965	104343.05340869818	271.375
5280	168972.2283780449	104343.04420046043	271.383
5281	168972.2072172671	104343.04486599006	271.393
5282	168972.19152231934	104343.04610729404	271.369
5283	168972.19422857772	104343.02071971819	271.361
5284	168972.2174566783	104343.00708489493	271.355
5285	168972.21175111915	104343.00706440397	271.36
5286	168972.224955877	104343.00414572004	271.368
5287	168972.23028419988	104343.00991168991	271.375
5288	168972.23087653136	104343.01046995912	271.392
5289	168972.224540333	104342.98745987192	271.428
5290	168972.20039259683	104342.99237845652	271.449
5291	168972.1903472834	104343.00921211299	271.425
5292	168972.18144371762	104343.07220991887	271.461
5293	168972.19160753794	104343.0223787399	271.52299999999997
5294	168972.21009498718	104343.00483387522	271.52
5295	168972.2332428368	104342.98044662178	271.522
5296	168972.23404258184	104342.95634987205	271.524
5297	168972.2335238436	104342.9683978185	271.552
5298	168972.22450069393	104342.96539930627	271.553
5299	168972.20235073337	104343.0098113697	271.561
5300	168972.1340977884	104343.01623998769	271.568
5301	168972.124713381	104343.01453784946	271.559
5302	168972.1169664642	104343.02025685832	271.569
5303	168972.11078882375	104343.08548903745	271.512
5304	168972.09333787917	104343.1123067122	271.493
5305	168972.11235374588	104343.11311652791	271.478
5306	168972.09122692244	104343.104327715	271.485
5307	168972.09920757602	104343.09972183406	271.492
5308	168972.0924945004	104343.11545517016	271.478
5309	168972.0701157711	104343.12427312229	271.469
5310	168972.0599039634	104343.1212703418	271.467
5311	168972.05084419713	104343.1284676902	271.455
5312	168972.06358214605	104343.1231373651	271.432
5313	168972.06742313478	104343.1127697844	271.42400000000004
5314	168972.05419610123	104343.15498931054	271.363
5315	168972.06180617618	104343.15427511558	271.325
5316	168972.06323656044	104343.15316796117	271.313
5317	168972.0865295991	104343.15454928856	271.319
5318	168972.09474296437	104343.11824397184	271.318
5319	168972.11384604662	104343.09476909973	271.325
5320	168972.09812247104	104343.10398171563	271.347
5321	168972.0637056723	104343.12184014171	271.361
5322	168972.14851020495	104343.0411328962	271.392
5323	168972.22010066145	104342.96593964845	271.435
5324	168972.277554743	104342.88828567415	271.492
5325	168972.29449427436	104342.8714767741	271.534
5326	168972.2915392732	104342.86683162022	271.591
5327	168972.29516649875	104342.84978952911	271.617
5328	168972.28774022733	104342.8655203022	271.643
5329	168972.2752896347	104342.89013135526	271.647
5330	168972.27087398196	104342.92811874487	271.649
5331	168972.27973729547	104342.90942702442	271.647
5332	168972.2547112015	104342.89413584676	271.668
5333	168972.2531016733	104342.87892876565	271.664
5334	168972.19766559594	104342.89115024824	271.67900000000003
5335	168972.20816342966	104342.91380451899	271.676
5336	168972.27146298497	104342.92960391473	271.644
5337	168972.2850329954	104342.92427658197	271.653
5338	168972.26569248748	104342.91456727311	271.635
5339	168972.23101895498	104342.90461751446	271.61400000000003
5340	168972.25086821476	104342.90505956393	271.608
5341	168972.24027184688	104342.90984143596	271.624
5342	168972.1946017674	104342.94990524556	271.60200000000003
5343	168972.18173696278	104342.9574596947	271.605
5344	168972.14697754628	104342.97142386809	271.59
5345	168972.1251075678	104342.97097456362	271.577
5346	168972.12517916417	104342.98413691949	271.562
5347	168972.12670378105	104342.98988922965	271.56
5348	168972.15993627658	104343.0039122086	271.548
5349	168972.15631171456	104343.02021278255	271.561
5350	168972.1617602346	104343.02560841944	271.551
5351	168972.24251570192	104342.98010915983	271.51099999999997
5352	168972.1878054702	104342.9888109956	271.54
5353	168972.1680334921	104343.0330462167	271.541
5354	168972.15246376116	104343.06561748125	271.547
5355	168972.15641065963	104343.09195585828	271.53700000000003
5356	168972.0636454473	104343.17170760129	271.569
5357	168971.962209887	104343.08402852621	271.561
5358	168971.86061551215	104343.00747178402	271.584
5359	168971.69990541498	104343.17336739879	271.57099999999997
5360	168971.68384721276	104343.17646121886	271.57599999999996
5361	168971.70279777772	104343.12925693952	271.57599999999996
5362	168971.71709629425	104343.1196684409	271.57599999999996
5363	168971.70993971263	104343.12650186382	271.575
5364	168971.69941827212	104343.14351919293	271.58099999999996
5365	168971.670463976	104343.16288029216	271.594
5366	168971.62521241503	104343.1857051123	271.60400000000004
5367	168971.3947275526	104343.11980840005	271.628
5368	168970.74471218252	104343.26577944495	271.684
5369	168970.22220442208	104343.28967114165	271.72900000000004
5370	168969.67570953013	104343.40616761055	271.666
5371	168969.09212577887	104343.45709121041	271.635
5372	168968.50788656878	104343.59124890994	271.598
5373	168967.92804969728	104343.6911268644	271.591
5374	168967.32244559377	104343.78349709604	271.61
5375	168966.75756800536	104343.95461546723	271.574
5376	168966.14914312068	104344.03807738423	271.54400000000004
5377	168965.48932297807	104344.13396081142	271.533
5378	168964.79378840752	104344.17873613723	271.48900000000003
5379	168964.12794889632	104344.32891496643	271.376
5380	168963.42163234286	104344.43019318674	271.348
5381	168962.71640224435	104344.5268408591	271.356
5382	168962.05324533433	104344.62512269802	271.372
5383	168961.4108565034	104344.666566981	271.39
5384	168960.74817243722	104344.76559220813	271.378
5385	168960.03769905985	104344.76656445675	271.473
5386	168959.41283430776	104344.8601641357	271.51599999999996
5387	168958.79890900158	104344.88650959078	271.592
5388	168958.1917612732	104344.97850456461	271.608
5389	168957.59193000427	104344.9859918002	271.665
5390	168956.96476695855	104345.09070642758	271.666
5391	168955.70856211378	104345.22745952662	271.525
5392	168954.44532316638	104345.33693657629	271.578
5393	168953.7996535572	104345.46457250137	271.591
5394	168953.1390997187	104345.50002039783	271.635
5395	168952.53769126913	104345.6489487933	271.617
5396	168951.9112153559	104345.69471509755	271.64799999999997
5397	168951.2995973206	104345.80690142699	271.57599999999996
5398	168950.70239517008	104345.81050586514	271.574
5399	168950.15764373375	104345.87195223104	271.548
5400	168949.67397866547	104345.93658388313	271.59
5401	168949.2315036643	104345.98393745255	271.645
5402	168948.75903495058	104346.10848764516	271.654
5403	168948.19168992486	104346.13926519081	271.695
5404	168947.60588767592	104346.27861027513	271.624
5405	168946.40650118515	104346.41556937248	271.562
5406	168945.79068543832	104346.471941391	271.574
5407	168945.1716205782	104346.50624140445	271.586
5408	168944.5554938618	104346.6161877634	271.599
5409	168944.01900760247	104346.62686981633	271.632
5410	168943.0877208003	104346.71566494461	271.568
5411	168942.60932865442	104346.73526839353	271.558
5412	168942.10476611005	104346.76033950504	271.592
5413	168940.99198336227	104346.84514733963	271.64
5414	168940.39122932593	104346.8448471874	271.64099999999996
5415	168939.79068479437	104346.95188385993	271.577
5416	168939.20352446244	104347.00594941899	271.54200000000003
5417	168938.65900028776	104347.10354721732	271.508
5418	168938.14262822372	104347.14025541022	271.557
5419	168937.65324808002	104347.14128175005	271.6
5420	168937.17043652202	104347.23316871654	271.596
5421	168936.60740939667	104347.25321084168	271.61
5422	168936.0024762609	104347.35763686802	271.503
5423	168935.39545015656	104347.41589541826	271.507
5424	168934.87016056036	104347.4533134941	271.51099999999997
5425	168934.30918328103	104347.53157306649	271.518
5426	168933.7164119317	104347.5261115944	271.534
5427	168933.13212105248	104347.60873689223	271.478
5428	168932.5735710769	104347.60673506744	271.49
5429	168932.04136211902	104347.61798980739	271.475
5430	168931.48380083346	104347.67179153673	271.507
5431	168930.92404958513	104347.67330783606	271.498
5432	168930.3176364592	104347.7595618004	271.508
5433	168929.68501257076	104347.76304167137	271.508
5434	168929.04393589645	104347.80338228773	271.438
5435	168928.4126381361	104347.80167637765	271.411
5436	168927.7961832541	104347.8706541527	271.324
5437	168927.19696721106	104347.97195017897	271.353
5438	168926.58490178344	104348.01017045975	271.374
5439	168925.9751804359	104348.12403494678	271.363
5440	168925.3093166775	104348.18189847376	271.411
5441	168924.6350738848	104348.28922898415	271.4
5442	168923.94700884086	104348.33959787805	271.388
5443	168923.24222491813	104348.44477996323	271.351
5444	168922.61216569773	104348.46235887427	271.328
5445	168922.02901992438	104348.52404136583	271.27
5446	168921.41776143896	104348.60249296203	271.3
5447	168920.83147139117	104348.64599691983	271.317
5448	168919.58511554744	104348.68843457103	271.317
5449	168918.3325376091	104348.80871054623	271.256
5450	168917.1441652711	104349.05694473535	271.209
5451	168916.5501059344	104349.14565447439	271.212
5452	168915.94937553635	104349.23841879517	271.228
5453	168915.30788342844	104349.26207523327	271.23900000000003
5454	168914.66427386148	104349.41233987175	271.233
5455	168913.36464550134	104349.62643708102	271.121
5456	168912.71577793945	104349.71810251381	271.101
5457	168912.091770579	104349.80503709894	271.139
5458	168910.76479395182	104349.98844905756	271.158
5459	168910.13362560023	104350.11669836286	271.14099999999996
5460	168909.47601625315	104350.09358162154	271.068
5461	168908.84568380722	104350.15435513109	271.064
5462	168908.2556793452	104350.20618936047	271.018
5463	168907.6776551123	104350.26511103846	271.009
5464	168907.0899232566	104350.37942716107	271.03
5465	168906.46803487372	104350.40575017873	271.027
5466	168905.82679483463	104350.49188230094	271.072
5467	168904.50223329887	104350.73128974531	271.059
5468	168903.8246610335	104350.83916713297	271.08
5469	168903.217151984	104350.99938757531	271.028
5470	168902.61991026512	104351.08067222405	271.029
5471	168901.99042082322	104351.17166678235	271.029
5472	168901.31921832706	104351.2932855282	271.052
5473	168900.6628598546	104351.35248383321	271.038
5474	168900.0775996226	104351.40730205365	271.02099999999996
5475	168899.46706516392	104351.38324268907	271.019
5476	168898.8796414915	104351.44472704176	270.988
5477	168898.2973375202	104351.47063649166	270.968
5478	168897.71141933472	104351.54324925877	270.97
5479	168897.16911208583	104351.58635702915	270.908
5480	168896.57529160308	104351.64170115814	270.91700000000003
5481	168895.96953965025	104351.74279195443	270.922
5482	168895.3480773931	104351.81620475464	270.89599999999996
5483	168894.7106855281	104351.95648344047	270.83099999999996
5484	168894.00840843897	104351.9925310053	270.827
5485	168893.36226253252	104352.1542828232	270.774
5486	168892.69123207658	104352.22788941488	270.745
5487	168892.0405046492	104352.34124038182	270.69
5488	168890.70744116674	104352.49868215807	270.612
5489	168890.08097391584	104352.5424166033	270.594
5490	168888.93635008295	104352.65678258147	270.596
5491	168888.43207184217	104352.66906848084	270.626
5492	168887.54488487277	104352.6586664617	270.618
5493	168887.2145158462	104352.70234763809	270.61400000000003
5494	168887.01954843063	104352.70943659823	270.682
5495	168886.96725927168	104352.67272945214	270.673
5496	168886.98887491509	104352.67781204078	270.655
5497	168886.97337178903	104352.65866229683	270.644
5498	168886.7261711127	104352.64665558375	270.59
5499	168885.56337263528	104352.72443711665	270.60900000000004
5500	168884.9345308501	104352.86715751328	270.573
5501	168884.27359887917	104352.9422843242	270.525
5502	168883.0912898208	104353.09118322842	270.51
5503	168881.80179999792	104353.16313665546	270.471
5504	168880.3681642907	104353.25719177257	270.493
5505	168879.66412795594	104353.31992991362	270.52099999999996
5506	168878.96515118238	104353.39714600146	270.529
5507	168878.3226856477	104353.42729179934	270.574
5508	168877.6676934323	104353.53673627786	270.568
5509	168876.2523553283	104353.56653044652	270.508
5510	168875.52307261937	104353.57578899432	270.507
5511	168874.7864460232	104353.64434354566	270.44599999999997
5512	168874.04174091606	104353.67838834319	270.394
5513	168873.34306192547	104353.7721052058	270.399
5514	168872.62528038802	104353.8227453623	270.402
5515	168871.95264293582	104353.91377471853	270.407
5516	168871.27870527052	104354.00276031904	270.38
5517	168870.58418799212	104354.09612164833	270.382
5518	168869.8944773457	104354.20822379272	270.358
5519	168869.16139601456	104354.24935529754	270.349
5520	168868.4638508862	104354.35846353695	270.337
5521	168867.76587995136	104354.38711469062	270.33099999999996
5522	168867.09503526046	104354.50873904489	270.298
5523	168866.435005638	104354.53103752341	270.21
5524	168865.74715094586	104354.6227548467	270.119
5525	168865.05930945277	104354.64421264455	270.10400000000004
5526	168864.36168590432	104354.67546082847	270.04400000000004
5527	168863.67802892212	104354.7234433312	270.07599999999996
5528	168863.0170895501	104354.80079734977	270.106
5529	168862.37348868162	104354.88266252074	270.093
5530	168861.71211586398	104354.91496740188	270.085
5531	168861.00183862314	104354.92800344154	270.066
5532	168860.29087069602	104354.934734134	270.098
5533	168859.58428173757	104355.0134086525	270.05
5534	168858.91672860808	104355.04550643731	270.051
5535	168858.25302896922	104355.13026646618	270.019
5536	168857.57161863762	104355.18159464654	270.028
5537	168856.9284119703	104355.28626383469	269.98
5538	168856.21192028056	104355.27536409348	269.938
5539	168855.52781025035	104355.35041176062	269.904
5540	168854.8485748563	104355.35855411645	269.863
5541	168854.17630598688	104355.4130668547	269.785
5542	168853.4924650564	104355.44603409618	269.782
5543	168852.79771937977	104355.50361827575	269.76099999999997
5544	168852.11741731208	104355.54419897404	269.77099999999996
5545	168851.46291458042	104355.55002007261	269.77
5546	168850.78440609688	104355.58764123451	269.793
5547	168850.1135898928	104355.56819237303	269.857
5548	168848.73107515482	104355.72695130203	269.844
5549	168848.0864608661	104355.82642585225	269.802
5550	168847.4156947633	104355.82625720743	269.80400000000003
5551	168846.7306068921	104355.90890316945	269.691
5552	168846.04301264187	104355.9277689727	269.654
5553	168844.70210171683	104356.08649199549	269.592
5554	168843.96689367367	104356.15746585373	269.557
5555	168843.27031083134	104356.2636147337	269.464
5556	168841.92850749183	104356.37265297864	269.393
5557	168841.19752145794	104356.39303308073	269.34
5558	168840.50226922118	104356.52606741432	269.303
5559	168839.806377491	104356.57178478222	269.238
5560	168839.14441043467	104356.67082776967	269.187
5561	168837.80654889307	104356.80787375476	269.129
5562	168837.15889732607	104356.89250826836	269.116
5563	168836.5060541557	104356.93300350569	269.112
5564	168835.17432043777	104357.01835051179	269.10900000000004
5565	168834.4894376011	104357.11026787292	269.058
5566	168833.7293448556	104357.12628144678	269.039
5567	168833.0213889345	104357.22182436753	268.972
5568	168832.27270994146	104357.23713731393	268.97
5569	168831.6088584464	104357.33135460317	268.893
5570	168830.93579361998	104357.40922554396	268.885
5571	168830.24287166877	104357.48887960333	268.832
5572	168829.57436929067	104357.58734434564	268.85200000000003
5573	168828.88616705374	104357.64347193018	268.837
5574	168828.21605280173	104357.72728594579	268.809
5575	168827.5523462614	104357.71416825894	268.835
5576	168827.12700982252	104357.7560316585	268.768
5577	168826.90911563337	104357.69241069071	268.717
5578	168826.73393373223	104357.65118776169	268.775
5579	168826.6374505783	104357.67420199607	268.802
5580	168826.62375852859	104357.7138248831	268.797
5581	168826.58071402778	104357.71793525293	268.8
5582	168826.60280522553	104357.68965058587	268.814
5583	168826.59733218388	104357.65774542838	268.82599999999996
5584	168826.56432650294	104357.68005898409	268.832
5585	168826.51874618654	104357.69528322108	268.811
5586	168826.51616412395	104357.71937363967	268.815
5587	168826.54932885978	104357.75248977914	268.82099999999997
5588	168826.64694996324	104357.64364787005	268.84
5589	168826.70846882655	104357.6255143322	268.882
5590	168826.73301127437	104357.60984435678	268.91700000000003
5591	168826.7635980239	104357.59920122754	268.909
5592	168826.74517039955	104357.70016857423	268.908
5593	168826.7401092815	104357.75279893912	268.933
5594	168826.74882808467	104357.74115096498	268.92900000000003
5595	168826.74663510473	104357.68942165654	268.948
5596	168826.75334514392	104357.6410609493	268.925
5597	168826.76285917836	104357.53969107289	268.91
5598	168826.69728374833	104357.52870522719	268.907
5599	168826.6672319216	104357.52266591042	268.905
5600	168826.63641795542	104357.56371082645	268.934
5601	168826.61530746726	104357.55028811097	268.942
5602	168826.6220583551	104357.55717129074	268.947
5603	168826.58704390813	104357.54277211241	268.932
5604	168826.56148193788	104357.51098074205	268.913
5605	168826.59566564803	104357.52500619646	268.908
5606	168826.56472764316	104357.50079631526	268.89599999999996
5607	168826.46328126136	104357.48226736579	268.893
5608	168826.4118436106	104357.44000240508	268.911
5609	168826.39785183745	104357.43031269312	268.92400000000004
5610	168826.43226469072	104357.44674892537	268.94
5611	168826.4644290098	104357.46039641555	268.938
5612	168826.55554659167	104357.5087350104	268.981
5613	168826.60573485954	104357.5346819302	269.007
5614	168826.69152127355	104357.61136492435	269.028
5615	168826.77595348487	104357.56773037184	268.982
5616	168826.79307479694	104357.53312501684	268.96
5617	168826.77802374912	104357.55383412354	268.962
5618	168826.79178373644	104357.56185457669	268.964
5619	168826.81204174185	104357.54765238613	268.975
5620	168826.8057630128	104357.54169779364	268.991
5621	168826.78919776567	104357.55368856713	269.005
5622	168826.7942429708	104357.53887601197	269.007
5623	168826.78297915868	104357.53086445387	269.014
5624	168826.77678499665	104357.50118130725	269.01599999999996
5625	168826.76136281743	104357.52596749272	269.03700000000003
5626	168826.7943011678	104357.48919392657	269.034
5627	168826.80622735762	104357.47811352834	269.04400000000004
5628	168826.81820436273	104357.48612762708	269.053
5629	168826.8252999545	104357.49634890817	269.058
5630	168826.83051219766	104357.50137278996	269.06
5631	168826.83098435611	104357.50230138004	269.059
5632	168826.8346354915	104357.51176885888	269.055
5633	168826.8326959847	104357.52232870366	269.052
5634	168826.82467385684	104357.53861370217	269.048
5635	168826.81718863465	104357.53766011819	269.045
5636	168826.81695618917	104357.53617623542	269.03700000000003
5637	168826.81955140928	104357.54174693488	269.033
5638	168826.81551460753	104357.54043487646	269.028
5639	168826.79767949888	104357.54185436666	269.03
5640	168826.77663700405	104357.54270627908	269.027
5641	168826.76879386394	104357.5421221843	269.028
5642	168826.7684306606	104357.54397470411	269.029
5643	168826.82354928818	104357.52062767185	269.036
5644	168826.76770232903	104357.51486718468	269.062
5645	168826.31310372136	104357.62929598335	269.084
5646	168825.85813949272	104357.61284404155	269.079
5647	168825.33098474203	104357.74054721463	269.057
5648	168824.68911108718	104357.77162853349	269.026
5649	168824.02892088625	104357.8391648531	268.937
5650	168823.3674569064	104357.86387354974	268.908
5651	168822.7576577711	104357.93381416798	268.914
5652	168822.13838835646	104358.02615229692	268.916
5653	168821.49070683663	104358.08594747167	268.881
5654	168820.23131188293	104358.18583036494	268.881
5655	168819.60248575432	104358.29148222599	268.841
5656	168818.89967185154	104358.34514909144	268.775
5657	168818.2229911935	104358.43709777296	268.64099999999996
5658	168817.50473736218	104358.52055627201	268.637
5659	168816.1942086793	104358.72648168541	268.572
5660	168815.56845468402	104358.77059824765	268.594
5661	168814.92806242045	104358.819668049	268.618
5662	168813.6625679485	104358.86336012557	268.557
5663	168812.96223979603	104358.92000273522	268.547
5664	168812.29815512855	104359.04647802655	268.487
5665	168811.61221692004	104359.03439545725	268.465
5666	168810.88782518168	104359.10578318406	268.353
5667	168810.18781469524	104359.13999611046	268.308
5668	168809.52362506735	104359.22920965776	268.232
5669	168808.85605508502	104359.33305640146	268.222
5670	168808.2137896686	104359.4742550496	268.228
5671	168807.5924261239	104359.6207188759	268.25
5672	168806.99186261048	104359.70089018345	268.29900000000004
5673	168806.367248039	104359.79228421766	268.29200000000003
5674	168805.7022097753	104359.78602365032	268.312
5675	168805.03117354488	104359.82849719841	268.29400000000004
5676	168804.35188050242	104359.75285330415	268.268
5677	168803.64668757847	104359.77370116394	268.26599999999996
5678	168802.9171177282	104359.69695158023	268.197
5679	168802.24882521524	104359.70328581706	268.166
5680	168801.58674121532	104359.63511879649	268.122
5681	168800.9246572154	104359.56695177592	
5682	168800.36166061682	104359.50898662239	
5683	168799.79866401825	104359.45102146885	
5684	168799.23566741968	104359.39305631531	
5685	168798.6726708211	104359.33509116177	
5686	168798.10967422253	104359.27712600824	
5687	168797.54667762396	104359.2191608547	
5688	168796.9836810254	104359.16119570116	
5689	168796.42068442682	104359.10323054763	
5690	168795.85768782825	104359.04526539409	
5691	168795.29469122968	104358.98730024055	
5692	168731.55326742204	104366.11715796404	267.681
5693	168731.5802302385	104366.08926093951	267.671
5694	168731.60474026925	104366.04912002478	267.677
5695	168731.58543359025	104366.02977186907	267.70599999999996
5696	168731.58921964618	104366.00123651326	267.742
5697	168731.61824261482	104365.96222389583	267.757
5698	168731.64310201135	104365.92412342038	267.769
5699	168731.63901337713	104365.90390231833	267.772
5700	168731.562103469	104365.93829597346	267.803
5701	168731.53638506474	104365.98399405368	267.797
5702	168731.5640707041	104366.02042703424	267.782
5703	168731.59025985317	104366.00958237983	267.774
5704	168731.60045400274	104366.01758994162	267.782
5705	168731.58394553076	104366.0136383865	267.796
5706	168731.56867435545	104365.99597297609	267.824
5707	168731.56112613785	104365.97926185746	267.841
5708	168731.57407008065	104365.94927592482	267.849
5709	168731.59742355393	104365.93360129464	267.85900000000004
5710	168731.61793740737	104365.914208957	267.85400000000004
5711	168731.61287801515	104365.9330999488	267.865
5712	168731.6289064246	104365.93834747095	267.861
5713	168731.63015095235	104365.92259444203	267.876
5714	168731.63449386638	104365.90462781861	267.89
5715	168731.64244480975	104365.87480956223	267.892
5716	168731.61122859272	104365.8619075343	267.913
5717	168731.58203165617	104365.88293751515	267.925
5718	168731.57875535832	104365.86828074418	267.928
5719	168731.60948911353	104365.81611209083	267.91200000000003
5720	168731.61438614034	104365.84300980065	267.91900000000004
5721	168731.59919821797	104365.86890937854	267.922
5722	168731.56100707437	104365.84523047972	267.91200000000003
5723	168731.2733817416	104365.90316195413	267.88599999999997
5724	168730.84826804633	104365.94966841023	267.935
5725	168729.7380644237	104366.08031903487	267.96299999999997
5726	168728.37442812626	104366.24696232844	267.97
5727	168727.65766853056	104366.21142326575	267.922
5728	168726.99337606566	104366.33030785806	267.887
5729	168726.26979966852	104366.33997794427	267.871
5730	168725.55771231116	104366.42829069123	267.848
5731	168724.08497374505	104366.55654509645	267.795
5732	168723.39569294543	104366.58227996621	267.774
5733	168722.7058834129	104366.65658305027	267.736
5734	168721.34830962072	104366.82324963901	267.718
5735	168720.66262885372	104366.9400200285	267.698
5736	168719.94364227314	104366.99623804726	267.689
5737	168719.2364528212	104367.14481804427	267.676
5738	168718.51546196453	104367.2299487004	267.651
5739	168717.82985942555	104367.39176747855	267.654
5740	168717.1158265483	104367.42538686842	267.64099999999996
5741	168716.42970596146	104367.53214563616	267.66900000000004
5742	168715.78313278448	104367.5146534983	267.653
5743	168714.45765700992	104367.61321511492	267.548
5744	168713.78377240463	104367.6549486043	267.55
5745	168713.16258911634	104367.61734012887	267.562
5746	168712.53622698053	104367.63236178085	267.579
5747	168711.88995592657	104367.73092012107	267.611
5748	168711.2347896739	104367.75677741133	267.633
5749	168710.565810161	104367.89029261563	267.628
5750	168709.8669356641	104367.90635541361	267.62
5751	168709.1749042251	104368.03756456543	267.557
5752	168708.46375383582	104368.09640724026	267.541
5753	168707.77267341485	104368.26117402874	267.501
5754	168707.0928621378	104368.3318069186	267.5
5755	168706.43640895083	104368.4525756659	267.439
5756	168705.78136622845	104368.443582315	267.42
5757	168705.10510318336	104368.48567924649	267.425
5758	168704.4564057265	104368.5310253594	267.422
5759	168703.78114947866	104368.59092266764	267.427
5760	168703.10370910546	104368.69697236642	267.405
5761	168702.42745012278	104368.77151144948	267.42400000000004
5762	168701.7246600032	104368.88636989333	267.411
5763	168701.04742496926	104368.8672879478	267.38599999999997
5764	168699.65224960202	104369.01195194107	267.346
5765	168698.9674758147	104369.10778021533	267.307
5766	168697.53709470926	104369.22488365695	267.258
5767	168696.84752887473	104369.29770791251	267.26
5768	168695.5272742576	104369.43262755685	267.308
5769	168694.86256890607	104369.46698066872	267.33299999999997
5770	168694.1786148579	104369.56633471604	267.341
5771	168693.4740238304	104369.55197685305	267.348
5772	168692.78312775007	104369.66483937483	267.306
5773	168692.04930927945	104369.71377881058	267.29200000000003
5774	168691.32846263732	104369.85916271899	267.223
5775	168690.60078635503	104369.88550752215	267.226
5776	168689.92079026418	104369.94131142739	267.17400000000004
5777	168689.23876202333	104369.93315155245	267.14799999999997
5778	168688.5505580363	104369.92348686326	267.153
5779	168687.2328255315	104369.9167858921	267.17900000000003
5780	168686.57612067476	104370.00808052346	267.198
5781	168685.9088220625	104370.03630799148	267.20799999999997
5782	168685.260474886	104370.18435914256	267.177
5783	168684.5822404147	104370.27984164562	267.181
5784	168683.27723728004	104370.53902401216	267.127
5785	168682.6387176338	104370.63075421192	267.153
5786	168681.95677333436	104370.69971434958	267.172
5787	168680.59113327903	104370.82873036992	267.119
5788	168679.92753055794	104370.8202660894	267.11400000000003
5789	168679.2666918815	104370.90413174313	267.12
5790	168678.60640493908	104370.89920160174	267.135
5791	168677.95263614133	104370.93341012672	267.121
5792	168677.27766979326	104370.94511260185	267.122
5793	168676.6007398067	104371.0415276438	267.082
5794	168675.9355595648	104371.10943553876	267.074
5795	168675.25173151138	104371.20693865698	267.072
5796	168674.59408331392	104371.29619223904	267.07
5797	168673.9908102621	104371.37043682579	267.087
5798	168673.37785632157	104371.49321725871	267.091
5799	168672.7558259453	104371.52716785762	267.094
5800	168672.15067914757	104371.66072816402	267.06
5801	168671.51808421477	104371.69056316838	267.031
5802	168670.94989193353	104371.72692885529	266.976
5803	168670.4061080256	104371.71814774442	267.02299999999997
5804	168669.88475359778	104371.7196419565	267.046
5805	168669.46944973443	104371.7823162144	267.045
5806	168669.11094686488	104371.74897816032	267.031
5807	168668.96088567207	104371.72990965098	267.047
5808	168668.92497594302	104371.73330499139	267.041
5809	168668.90683608814	104371.72007878404	267.04900000000004
5810	168668.91585346218	104371.72474519629	267.075
5811	168668.9011973858	104371.70114992559	267.084
5812	168668.9392608201	104371.66012971476	267.10200000000003
5813	168669.0281504406	104371.5992679121	267.08
5814	168669.09239135706	104371.58429365233	267.013
5815	168669.03712784994	104371.61524246354	267.11400000000003
5816	168669.03477282196	104371.60893116426	267.127
5817	168669.0351910026	104371.59150676429	267.129
5818	168669.05658701446	104371.62513646577	267.119
5819	168669.05158382055	104371.66182435304	267.143
5820	168668.94677347495	104371.72059069388	267.232
5821	168668.9512156634	104371.74173990171	267.233
5822	168668.90755274543	104371.82000204083	267.226
5823	168668.96429832024	104371.77330102399	267.23400000000004
5824	168668.9761829638	104371.70660562348	267.24
5825	168668.93241044396	104371.71497848164	267.26599999999996
5826	168668.9733625839	104371.73106603604	267.245
5827	168668.95588650182	104371.6981917154	267.251
5828	168668.93556973	104371.69552457146	267.256
5829	168668.91421583793	104371.75087822508	267.267
5830	168668.92889709168	104371.80098316353	267.259
5831	168668.93857683588	104371.85366577003	267.238
5832	168668.95145882465	104371.84110534284	267.228
5833	168668.93319842135	104371.86198893562	267.232
5834	168668.92835209268	104371.88792524394	267.226
5835	168668.91965528092	104371.89345595986	267.217
5836	168668.9626367364	104371.83984717168	267.186
5837	168668.95544520707	104371.85669148993	267.189
5838	168668.92561435467	104371.8217343064	267.209
5839	168668.89122563243	104371.8319941489	267.203
5840	168668.8763174127	104371.81247638445	267.205
5841	168668.874086864	104371.7709430065	267.214
5842	168668.86896489715	104371.74033692852	267.20599999999996
5843	168668.93723871018	104371.72778688185	267.189
5844	168669.0340133026	104371.72293820977	267.164
5845	168669.03353391108	104371.72404880542	267.182
5846	168669.0353719221	104371.7084832415	267.183
5847	168669.04818811413	104371.68090666551	267.178
5848	168669.05933429778	104371.65499262232	267.165
5849	168669.05964016487	104371.63571401127	267.171
5850	168669.06749181767	104371.63388794381	267.173
5851	168669.05715185823	104371.63348063733	267.172
5852	168669.04549586453	104371.6354786409	267.192
5853	168669.0538472191	104371.62679521646	267.212
5854	168669.06652648287	104371.63796292711	267.22
5855	168669.05211693537	104371.64551265165	267.21299999999997
5856	168669.03595913408	104371.64323096629	267.209
5857	168669.029202819	104371.6378310183	267.203
5858	168669.02638870943	104371.6268835552	267.199
5859	168669.04056576753	104371.61784995534	267.19
5860	168669.03854047353	104371.6191404704	267.197
5861	168669.03612582607	104371.62969869468	267.20599999999996
5862	168669.03378390113	104371.61967980582	267.202
5863	168669.03473379335	104371.65360800922	267.219
5864	168669.03662253293	104371.65732232016	267.222
5865	168669.06304298466	104371.6818860732	267.21299999999997
5866	168669.09188332525	104371.69440857228	267.21299999999997
5867	168669.05865966785	104371.71134626959	267.228
5868	168668.99876276	104371.70798309427	267.242
5869	168668.4980207198	104377.38000500947	267.375
5870	168668.54111627402	104376.92411838565	267.428
5871	168668.52981153628	104376.75945950672	267.449
5872	168668.53324289943	104376.76392079424	267.459
5873	168668.5337229456	104376.76262481976	267.465
5874	168668.5141023496	104376.76478006039	267.46
5875	168668.49876220588	104376.76657966338	267.46299999999997
5876	168668.4927108544	104376.79714625143	267.474
5877	168668.48462278952	104376.79860072117	267.473
5878	168668.4792509321	104376.80507009476	267.478
5879	168668.55275334374	104376.86020283401	267.496
5880	168668.82666297953	104376.84856490698	267.485
5881	168669.2705277447	104376.81009115744	267.527
5882	168669.83432922012	104376.83877873886	267.498
5883	168670.43244518267	104376.7773067886	267.508
5884	168671.07441110708	104376.78643493075	267.47700000000003
5885	168671.7494149626	104376.79753375053	267.455
5886	168672.41347235025	104376.8452995317	267.382
5887	168673.04825852372	104376.8679353986	267.349
5888	168674.27532073882	104376.76623479184	267.348
5889	168674.9174653314	104376.69120074995	267.339
5890	168675.56215443116	104376.66975109093	267.355
5891	168676.21915194334	104376.59625277203	267.29
5892	168676.9099279323	104376.58423530031	267.264
5893	168677.58102672777	104376.55676166713	267.24
5894	168678.26081382317	104376.52616734616	267.245
5895	168678.92641381358	104376.47383329365	267.28
5896	168679.5475825382	104376.4144830862	267.319
5897	168680.1744629103	104376.38703879528	267.35400000000004
5898	168680.8140247264	104376.30291263759	267.36
5899	168681.46997067903	104376.29151411261	267.379
5900	168682.1185802392	104376.23708117381	267.371
5901	168682.73962550066	104376.2798762098	267.342
5902	168683.3931631536	104376.24362826161	267.342
5903	168684.07336499233	104376.26383073628	267.275
5904	168684.75342727153	104376.22267146967	267.27299999999997
5905	168685.41824991492	104376.1885028854	267.259
5906	168686.0840213473	104376.12133980263	267.21
5907	168686.7797848306	104376.04353076685	267.21
5908	168687.42491771534	104375.96387427114	267.202
5909	168688.08044762656	104375.86849719472	267.241
5910	168688.7228546822	104375.82016071863	267.26099999999997
5911	168689.37709270828	104375.68677598424	267.244
5912	168690.0406487482	104375.67466392182	267.226
5913	168690.70548039232	104375.57079252135	267.242
5914	168691.35525845631	104375.52211168222	267.199
5915	168692.01358930004	104375.40783606935	267.17
5916	168692.67238867952	104375.36270956323	267.143
5917	168693.31779489302	104375.27304414473	267.115
5918	168693.94915614597	104375.2222592486	267.11
5919	168694.58715954213	104375.20913042035	267.143
5920	168695.20293702272	104375.16181277763	267.147
5921	168695.85040633468	104375.16095279157	267.17
5922	168696.4878106115	104375.08201157209	267.175
5923	168697.14213998988	104375.09081587102	267.186
5924	168697.78412416077	104374.99409437925	267.164
5925	168699.10556994975	104374.82451314293	267.08
5926	168700.31733376975	104374.74667865038	267.039
5927	168700.94079083603	104374.64544279128	267.022
5928	168701.56433011347	104374.58814275451	267.057
5929	168702.20759766008	104374.49828546308	267.043
5930	168702.82894502347	104374.52291652095	267.12
5931	168704.0394046768	104374.41059726663	267.151
5932	168704.69512681325	104374.29464555997	267.16700000000003
5933	168705.32396789233	104374.28426630422	267.164
5934	168706.59141253817	104374.09132300969	267.125
5935	168707.2593293751	104374.05624121707	267.134
5936	168707.91805421573	104374.03224985208	267.185
5937	168708.60682045348	104374.05081737414	267.193
5938	168709.30568751798	104373.96950003318	267.166
5939	168710.66763740077	104373.80840731226	267.149
5940	168711.34594217667	104373.726646645	267.14
5941	168711.95746248434	104373.57253602147	267.15
5942	168713.2469829736	104373.52334331814	267.082
5943	168713.8852788696	104373.49483117089	267.107
5944	168714.55520340527	104373.46346503962	267.161
5945	168715.21375759385	104373.48767322116	267.257
5946	168715.86328722196	104373.50925416313	267.27099999999996
5947	168716.52882562127	104373.4074277049	267.268
5948	168717.20585781385	104373.3493921347	267.307
5949	168717.8539605546	104373.20338322408	267.297
5950	168718.51826896332	104373.14678578824	267.298
5951	168719.14057408864	104373.00179791357	267.277
5952	168719.7838427096	104372.97886554617	267.27
5953	168720.4158041266	104372.89304879494	267.19599999999997
5954	168721.06977593416	104372.83511737548	267.135
5955	168721.72746547882	104372.73437604588	267.128
5956	168722.37883734246	104372.70572587941	267.193
5957	168723.02759017664	104372.71173288766	267.172
5958	168723.66833975053	104372.66172633786	267.192
5959	168724.33396618356	104372.66927636415	267.21
5960	168725.00062713743	104372.58617850114	267.203
5961	168725.69826831185	104372.61608798523	267.212
5962	168726.36121358778	104372.54169006087	267.173
5963	168726.96817970957	104372.56590220332	267.123
5964	168727.60082096863	104372.48954318464	267.084
5965	168728.3200314744	104372.43703463487	267.138
5966	168728.9687235084	104372.35962039698	267.14799999999997
5967	168729.61933241872	104372.31150333676	267.16
5968	168730.25339673593	104372.26963067707	267.132
5969	168730.90251903556	104372.17145544942	267.01599999999996
5970	168731.52061086398	104372.10857817437	267.014
5971	168732.12417169465	104372.0204375321	267.024
5972	168732.77691421018	104372.00755094923	267.024
5973	168733.47012952223	104371.9447549209	267.008
5974	168734.16583681156	104371.95018828008	266.996
5975	168734.812893016	104371.89835162647	266.987
5976	168735.46841481992	104371.87268389761	266.934
5977	168736.8064095754	104371.7632344244	266.988
5978	168738.1618806986	104371.68647445459	266.987
5979	168738.83502435804	104371.75300434977	267.0
5980	168739.51748141102	104371.70722606685	267.063
5981	168740.2131816639	104371.68114530854	267.061
5982	168740.87747441884	104371.56207699142	267.04400000000004
5983	168741.58508076795	104371.56403129175	267.04400000000004
5984	168742.27352585408	104371.50566864945	267.01
5985	168743.68051066942	104371.38293282501	267.07599999999996
5986	168744.3133920212	104371.30602051038	267.134
5987	168744.93601592214	104371.27245118469	267.163
5988	168746.2246742967	104371.13149951678	267.23900000000003
5989	168746.82234222908	104371.02925062925	267.264
5990	168747.4507708364	104371.00126365107	267.258
5991	168748.1019540197	104370.95889773034	267.286
5992	168748.72770795904	104370.91421706136	267.339
5993	168749.33431978017	104370.90432027914	267.374
5994	168749.98444880216	104370.79057890456	267.383
5995	168751.30643467352	104370.6035867231	267.551
5996	168752.65229509762	104370.55553050991	267.52099999999996
5997	168753.3074134352	104370.50965695083	267.43
5998	168753.9500446141	104370.43203887343	267.444
5999	168754.5870775619	104370.32418378163	267.476
6000	168755.20110057166	104370.30263493862	267.492
6001	168755.8456735288	104370.24726978503	267.472
6002	168756.5524177205	104370.25775057636	267.491
6003	168757.2317239704	104370.1620957125	267.461
6004	168757.92829109036	104370.09282642789	267.466
6005	168758.61160786392	104370.00589892082	267.39599999999996
6006	168759.30822308047	104369.92309712432	267.418
6007	168760.0145323038	104369.88871446624	267.45
6008	168760.73211098855	104369.82730620075	267.445
6009	168761.42421110574	104369.84440937452	267.478
6010	168762.1043205846	104369.75691478048	267.478
6011	168762.8432433793	104369.74359646533	267.403
6012	168763.55858309224	104369.6432504747	267.377
6013	168764.24558090363	104369.62437184993	267.388
6014	168764.91504889535	104369.55445107538	267.41
6015	168765.57174235038	104369.50024245307	267.368
6016	168766.28008391295	104369.42916227691	267.38599999999997
6017	168766.94053400625	104369.354760563	267.492
6018	168767.59792620956	104369.30463307165	267.5
6019	168768.23674189646	104369.19697133638	267.513
6020	168768.89661677735	104369.18411454372	267.507
6021	168769.58592783284	104369.08293535654	267.531
6022	168770.261069879	104369.02193374373	267.509
6023	168770.91777004447	104368.96587198786	267.45
6024	168771.61424264713	104368.92329913005	267.4
6025	168772.34591583975	104368.87621691264	267.378
6026	168773.06401535077	104368.83557491191	267.436
6027	168773.76333746023	104368.7939393716	267.39799999999997
6028	168774.443446238	104368.74018582609	267.381
6029	168775.1069131149	104368.75348139461	267.423
6030	168775.76380642358	104368.64310409222	267.382
6031	168777.08854241675	104368.48541842494	267.332
6032	168778.47156068185	104368.31718813535	267.207
6033	168779.1730679511	104368.26276973914	267.184
6034	168779.88598168595	104368.20968966	267.193
6035	168780.58949825648	104368.12506137788	267.216
6036	168781.32425291277	104368.0805866979	267.256
6037	168781.9929439824	104367.99527864251	267.346
6038	168782.7008744512	104368.00650867075	267.353
6039	168784.10938730236	104367.88916508295	267.336
6040	168784.7967554496	104367.79966001306	267.32
6041	168785.52244300998	104367.79797684215	267.26599999999996
6042	168786.96683258	104367.75343122333	267.19599999999997
6043	168787.66749279454	104367.70327471849	267.176
6044	168788.35194760218	104367.6308148643	267.256
6045	168789.07357099126	104367.56868329365	267.285
6046	168789.73791369272	104367.4694571225	267.36400000000003
6047	168790.43224724894	104367.46024783421	267.409
6048	168791.05516206336	104367.34511702042	267.42
6049	168791.71220937005	104367.29183980264	267.453
6050	168792.31861860628	104367.20538458414	267.409
6051	168793.6580329164	104367.09854986146	267.469
6052	168794.34901822213	104367.02815321367	267.495
6053	168795.04990211062	104367.04881428741	267.545
6054	168795.7255048731	104366.9587126309	267.512
6055	168796.42198349506	104366.98139740806	267.513
6056	168797.04453015886	104366.90297156479	267.454
6057	168797.68398630747	104366.88281581458	267.408
6058	168798.37911903055	104366.88287949655	267.406
6059	168799.04921010335	104366.8719166303	267.459
6060	168799.718267677	104366.85075418092	267.54
6061	168800.37070028426	104366.7247919906	267.625
6062	168801.02179196564	104366.67501698434	267.686
6063	168801.64415840784	104366.58046283107	267.705
6064	168802.30532087092	104366.60673032142	267.722
6065	168803.00134894266	104366.55563244969	267.737
6066	168803.69314622437	104366.55772415176	267.671
6067	168804.36112342877	104366.50615584292	267.678
6068	168804.96347834842	104366.42339527514	267.673
6069	168805.6649252875	104366.31929787807	267.668
6070	168806.29683605785	104366.21495301928	267.691
6071	168806.9587122626	104366.1743008364	267.716
6072	168807.62622458435	104366.08639647439	267.699
6073	168808.2989506776	104366.10325141624	267.756
6074	168808.9480369297	104366.01583776344	267.76
6075	168809.60274561853	104365.98517100234	267.736
6076	168810.28092486117	104365.90601789672	267.703
6077	168810.90498146456	104365.83760966826	267.70099999999996
6078	168811.55583826857	104365.78709359188	267.69599999999997
6079	168812.21585626167	104365.70083155297	267.712
6080	168812.89453087826	104365.64948779996	267.711
6081	168813.55396649404	104365.5932556903	267.72700000000003
6082	168814.24405024815	104365.5758775929	267.776
6083	168814.87004508523	104365.46391203534	267.79400000000004
6084	168815.51834967887	104365.42914480157	267.844
6085	168816.17354118678	104365.32970396522	267.834
6086	168817.51612753284	104365.10016389191	267.875
6087	168818.84825648222	104364.90321408026	267.923
6088	168819.5042180964	104364.82120228093	267.957
6089	168820.19548998232	104364.77064586803	268.04200000000003
6090	168820.88379489208	104364.68541259598	268.08299999999997
6091	168821.59341429264	104364.6897947127	268.124
6092	168822.27681537348	104364.61307171267	268.156
6093	168822.9942376199	104364.62934624963	268.188
6094	168824.3903255244	104364.56350520905	268.18
6095	168825.0398995439	104364.50612709578	268.149
6096	168825.72287407538	104364.44905347284	268.2
6097	168826.93652118705	104364.24426819105	268.242
6098	168827.5277105896	104364.1927998988	268.313
6099	168828.13889514943	104364.13417305332	268.353
6100	168828.77293021104	104364.10102501605	268.425
6101	168829.36258181426	104363.98077483941	268.447
6102	168829.97846949138	104363.93662474211	268.47700000000003
6103	168830.58169417718	104363.843488805	268.478
6104	168831.22129613569	104363.81592235807	268.44
6105	168831.8429077107	104363.83333960734	268.439
6106	168833.13299608196	104363.89262639824	268.471
6107	168833.78947428463	104363.8658619523	268.55
6108	168834.413234015	104363.88087719679	268.60900000000004
6109	168835.00246902875	104363.77749589644	268.664
6110	168835.63314102977	104363.72079321742	268.68
6111	168836.31363360817	104363.62645038962	268.67900000000003
6112	168837.0006466183	104363.53695082571	268.688
6113	168837.6170306195	104363.42031913996	268.68
6114	168838.1975232596	104363.30189110246	268.69
6115	168838.78325314066	104363.2148113111	268.78
6116	168839.3053863782	104363.06187965907	268.853
6117	168839.89583852334	104362.98390053399	268.947
6118	168840.47728431312	104362.8315512957	268.936
6119	168841.1417645026	104362.76088083535	268.964
6120	168841.76483459875	104362.7026687162	269.008
6121	168842.3608536569	104362.63027117401	268.994
6122	168842.99956888723	104362.6180896638	269.07099999999997
6123	168843.63542175974	104362.54194133822	269.121
6124	168844.22655679352	104362.60578212701	269.151
6125	168844.80861738534	104362.6143468665	269.178
6126	168845.38972854955	104362.58916881867	269.171
6127	168845.98644415167	104362.55477741454	269.152
6128	168846.5676174978	104362.51217383333	269.199
6129	168847.1559153153	104362.50500364043	269.281
6130	168847.76927247082	104362.4039343996	269.289
6131	168848.42774453087	104362.38477953244	269.372
6132	168849.08382116308	104362.30406947434	269.384
6133	168849.75709803525	104362.2666148087	269.399
6134	168850.38176931045	104362.15946864709	269.393
6135	168851.01740512403	104362.07757360116	269.42900000000003
6136	168851.63757831973	104362.03177287709	269.422
6137	168852.25822257495	104361.95390287228	269.488
6138	168852.87886683017	104361.87603286747	
6139	168853.3199785965	104361.820688159	
6140	168853.76109036282	104361.76534345053	
6141	168854.20220212915	104361.70999874207	
6142	168854.64331389547	104361.6546540336	
6143	168855.0844256618	104361.59930932513	
6144	168855.52553742813	104361.54396461666	
6145	168855.96664919445	104361.4886199082	
6146	168856.40776096078	104361.43327519973	
6147	168856.8488727271	104361.37793049126	
6148	168857.28998449343	104361.3225857828	
6149	168857.73109625975	104361.26724107433	
6150	168858.17220802608	104361.21189636586	
6151	168858.6133197924	104361.15655165739	
6152	168925.61401975987	104352.84719378315	271.199
6153	168925.58771325665	104352.89066423569	271.181
6154	168925.61401975987	104352.84719378315	271.199
6155	168925.5988248419	104352.9411278665	271.185
6156	168925.65419493915	104352.98044177704	271.221
6157	168925.78294829026	104352.97478545457	271.269
6158	168926.2341362469	104352.8508984996	271.307
6159	168926.77323825035	104352.77348660771	271.276
6160	168927.3638270066	104352.69125393871	271.272
6161	168928.01859127928	104352.57940482441	271.337
6162	168928.68055652827	104352.51466854662	271.39
6163	168929.33397019075	104352.38168124016	271.414
6164	168930.01738044756	104352.30330372509	271.402
6165	168931.40651403173	104352.05653341766	271.468
6166	168932.06077122956	104351.88721465692	271.461
6167	168933.44853763617	104351.69030766375	271.406
6168	168934.82598986136	104351.58531338908	271.395
6169	168935.48872484113	104351.57118992507	271.381
6170	168936.17327943086	104351.50523788296	271.362
6171	168936.8381262673	104351.43254153896	271.341
6172	168937.52566250123	104351.36381963361	271.369
6173	168938.18647259552	104351.28981131501	271.394
6174	168938.83570346315	104351.2626631409	271.38
6175	168939.45876948207	104351.17313298304	271.387
6176	168940.10278889368	104351.14077559114	271.4
6177	168940.72463449842	104351.0269562034	271.35200000000003
6178	168941.38633456817	104350.93682327028	271.357
6179	168942.66493771898	104350.75213323161	271.297
6180	168943.36204851748	104350.66527900938	271.251
6181	168944.0386328107	104350.56796989031	271.185
6182	168944.7557880734	104350.49342292547	271.08099999999996
6183	168945.374681495	104350.3742174292	271.075
6184	168946.69547905395	104350.15742326993	271.135
6185	168947.37358745138	104350.06605225895	271.151
6186	168948.01611545685	104349.9193099672	271.165
6187	168949.37316261223	104349.70394416619	271.061
6188	168950.04900934247	104349.61349229608	271.012
6189	168950.71613900134	104349.53413214069	270.995
6190	168951.32900674667	104349.47107637767	271.036
6191	168951.97403655865	104349.42222508322	271.035
6192	168952.61039620885	104349.30512228888	271.096
6193	168953.2805650515	104349.27323107608	271.149
6194	168953.90816128018	104349.14701329824	271.20599999999996
6195	168954.6198608336	104349.10229454469	271.203
6196	168955.2760855831	104349.01436827704	271.15
6197	168955.9385279561	104348.9162684055	271.15
6198	168956.57584599926	104348.79713033233	271.17900000000003
6199	168957.1826867709	104348.65804711916	271.26099999999997
6200	168957.8551891179	104348.53903545812	271.263
6201	168958.46713696318	104348.3349017417	271.268
6202	168959.13101851085	104348.23328518309	271.198
6203	168959.8235025997	104348.07782528922	271.152
6204	168960.53191735828	104348.02104573045	271.143
6205	168961.2279905376	104347.89229386579	271.175
6206	168961.9230480381	104347.81470379885	271.118
6207	168962.64089475057	104347.7132813856	271.089
6208	168963.31019370604	104347.62577380892	271.134
6209	168963.97327839248	104347.54751309194	271.191
6210	168964.64304926695	104347.49411761016	271.21299999999997
6211	168965.32311621646	104347.45336513408	271.224
6212	168965.98963807776	104347.37789773569	271.257
6213	168966.68880621978	104347.38040795084	271.264
6214	168967.34808223753	104347.27043371089	271.26099999999997
6215	168968.04783092198	104347.17747460958	271.252
6216	168968.71150531084	104347.03433300555	271.225
6217	168969.35985546338	104346.95472238213	271.203
6218	168970.02359323576	104346.8601511782	271.203
6219	168970.64924407008	104346.77934690937	271.164
6220	168971.33122093847	104346.6701962119	271.17
6221	168971.9562521334	104346.53025310766	271.21299999999997
6222	168973.25220149834	104346.31541552488	271.215
6223	168974.54722805365	104346.22515145782	271.131
6224	168975.2025278763	104346.13017983176	271.112
6225	168975.86806715446	104345.99742719624	271.13
6226	168976.53297085036	104345.87616602611	271.133
6227	168977.19457396737	104345.78029037919	271.151
6228	168977.87967392092	104345.62907009944	271.127
6229	168978.57276253338	104345.53720075078	271.13599999999997
6230	168979.25386308145	104345.3742872253	271.182
6231	168979.96067757285	104345.29989325441	271.19599999999997
6232	168980.61945807323	104345.12948444579	271.176
6233	168981.32614012732	104345.02579986956	271.121
6234	168982.676673992	104344.77130365372	271.047
6235	168983.34774969486	104344.65266086254	271.013
6236	168983.9882469443	104344.54225044604	271.043
6237	168984.62276124084	104344.47593945265	271.075
6238	168985.23721799377	104344.33484762348	271.115
6239	168986.51896384894	104344.10346326884	271.126
6240	168987.1893617076	104344.0411745673	271.13
6241	168987.82914058724	104343.93224508595	271.087
6242	168989.19242018368	104343.73656234611	270.987
6243	168989.87928824034	104343.65579501726	270.988
6244	168990.5530164382	104343.59296257142	270.969
6245	168991.1977709053	104343.45568798203	270.988
6246	168991.84154562812	104343.39256263245	271.036
6247	168992.46658975663	104343.24928512145	271.046
6248	168993.1396586015	104343.13843676914	271.04
6249	168993.78698402495	104342.9804089861	271.02
6250	168994.42512037957	104342.86554218177	271.027
6251	168995.68982740404	104342.67877577059	271.082
6252	168996.34678150938	104342.5867788149	271.122
6253	168997.0108885115	104342.42287955433	271.121
6254	168997.68331409627	104342.35874565598	271.172
6255	168998.3410619447	104342.21132266894	271.156
6256	168999.02861286912	104342.13908654079	271.173
6257	168999.6488280356	104342.01655526273	271.185
6258	169000.27196820418	104341.9070112966	271.185
6259	169000.89007069299	104341.81005524099	271.16900000000004
6260	169002.11407123232	104341.6053473046	271.242
6261	169002.71051353292	104341.51572881639	271.27
6262	169003.33576573196	104341.47997472901	271.29900000000004
6263	169003.95671545126	104341.31851643696	271.295
6264	169004.5605233403	104341.19703900069	271.264
6265	169005.18796304092	104341.11494757328	271.257
6266	169005.82568740044	104341.04865066707	271.30400000000003
6267	169006.47730188587	104341.02022168133	271.357
6268	169007.1225226853	104340.91872937605	271.394
6269	169007.77329140058	104340.96018641628	271.437
6270	169008.42823201808	104340.89932783786	271.46
6271	169009.1038801213	104340.86468267441	271.45599999999996
6272	169009.7486249855	104340.7963723056	271.473
6273	169010.41909971714	104340.74595125113	271.452
6274	169011.07693064952	104340.70771997143	271.522
6275	169011.69142024955	104340.65691222064	271.599
6276	169012.30962561132	104340.66358624306	271.69
6277	169012.94653417412	104340.62583604548	271.735
6278	169013.6004816695	104340.70883074123	271.788
6279	169014.27776402628	104340.71553224232	271.781
6280	169015.00013276158	104340.77838139609	271.795
6281	169015.6750110112	104340.75949174725	271.79200000000003
6282	169016.3702641266	104340.760140609	271.778
6283	169017.01305802315	104340.77153823711	271.777
6284	169017.65437606632	104340.76365093235	271.80400000000003
6285	169018.32826469326	104340.75551019982	271.863
6286	169018.9760080368	104340.67979647778	271.872
6287	169019.6621265761	104340.70840552635	271.902
6288	169020.3378749595	104340.67895284388	271.91900000000004
6289	169021.01746454657	104340.70512859616	271.939
6290	169021.68763692275	104340.6726899026	271.954
6291	169022.97843532794	104340.60188752599	271.847
6292	169023.61732861123	104340.54115842283	271.88599999999997
6293	169024.24578448024	104340.54008471966	271.937
6294	169024.83365892718	104340.4532185942	271.953
6295	169025.45800596388	104340.50385173596	271.97900000000004
6296	169026.1069100833	104340.46892704535	272.001
6297	169026.75430771883	104340.48924075998	272.031
6298	169027.3813318488	104340.45664738398	272.04200000000003
6299	169028.00252020772	104340.42718454637	272.063
6300	169028.64776288334	104340.38575861882	272.095
6301	169029.31368889965	104340.34422189184	272.118
6302	169029.98281361922	104340.33866082411	272.17400000000004
6303	169030.61988663714	104340.25530943833	272.236
6304	169032.01627024155	104340.14299335983	272.306
6305	169033.32215625048	104340.00866192952	272.365
6306	169033.9523137671	104339.93121824227	272.335
6307	169034.57883251886	104339.87396812905	272.349
6308	169035.17852700452	104339.80568390712	272.423
6309	169035.81233994899	104339.80240630079	272.483
6310	169036.4438511454	104339.71217645053	272.492
6311	169037.0964769786	104339.7000684673	272.514
6312	169038.35059716104	104339.54905275907	272.522
6313	169038.99230551076	104339.46590446401	272.529
6314	169039.60961363398	104339.39175201487	272.58299999999997
6315	169040.89044798544	104339.28235869389	272.651
6316	169041.55602959843	104339.27048333548	272.762
6317	169042.19202519726	104339.15635609534	272.788
6318	169042.8722139706	104339.14824119303	272.812
6319	169043.5188519074	104339.11553504504	272.806
6320	169044.16575948326	104339.13992751762	272.801
6321	169044.7849551659	104339.20166727342	272.808
6322	169045.4329351924	104339.22532224096	272.842
6323	169046.1152606727	104339.28395287693	272.88
6324	169047.40013908542	104339.2398300739	273.041
6325	169048.6221437098	104339.12781654019	273.111
6326	169049.87005204527	104338.95249615423	273.10200000000003
6327	169051.15202096186	104338.75931686722	273.22700000000003
6328	169051.8240335985	104338.7111311797	273.272
6329	169052.45673667925	104338.5871680621	273.30400000000003
6330	169053.82504039945	104338.4167319797	273.35400000000004
6331	169054.49591006778	104338.32293860521	273.348
6332	169055.10711693435	104338.25970347226	273.34
6333	169055.70482392109	104338.18233070243	273.389
6334	169056.29827549597	104338.16426480189	273.462
6335	169056.93186948978	104338.05698978715	273.48900000000003
6336	169057.60450652151	104338.03346285224	273.504
6337	169058.25451658567	104337.95572291128	273.513
6338	169058.86038946875	104337.85539262462	273.474
6339	169060.071940859	104337.67567969579	273.546
6340	169060.69708308342	104337.6377073992	273.584
6341	169061.29709254703	104337.48229786474	273.629
6342	169061.9555636216	104337.39865669236	273.666
6343	169062.62185038053	104337.22439214028	273.613
6344	169063.3179408866	104337.09194611199	273.589
6345	169063.95327064543	104336.99784030393	273.584
6346	169064.56320036118	104336.92625947669	273.603
6347	169065.18364627525	104336.87214255426	273.633
6348	169065.77619751068	104336.70836443268	273.694
6349	169066.4008733546	104336.63498321641	273.733
6350	169067.0284651251	104336.51118877437	273.753
6351	169067.68373750243	104336.4575686073	273.741
6352	169068.3244810511	104336.37849878054	273.704
6353	169068.90578896028	104336.29995601717	273.68
6354	169069.50710359588	104336.24410210643	273.685
6355	169070.10500174714	104336.11389786378	273.722
6356	169070.7145077162	104336.02804182097	273.781
6357	169071.35365776886	104335.89650358167	273.808
6358	169071.9960816276	104335.81299110781	273.80400000000003
6359	169072.632233051	104335.72185541317	273.801
6360	169073.21913248408	104335.64203563612	273.776
6361	169073.81491487697	104335.63695683423	273.85200000000003
6362	169074.44716090139	104335.57398527674	273.834
6363	169075.1223176657	104335.57697924878	273.853
6364	169075.752038263	104335.42334707081	273.84
6365	169076.4034735957	104335.31317269709	273.875
6366	169077.01827969897	104335.10924836434	273.834
6367	169077.65525190296	104334.95545721333	273.801
6368	169078.2527137688	104334.81450017449	273.791
6369	169078.78473272116	104334.65884707589	273.868
6370	169079.39043997662	104334.5716806408	273.887
6371	169080.02232616232	104334.37801433634	273.87
6372	169080.69217054558	104334.2721707616	273.873
6373	169081.3411403906	104334.12064796966	273.836
6374	169081.99377135842	104334.00862478837	273.83299999999997
6375	169082.64352110407	104333.87156474497	273.812
6376	169083.28183898606	104333.74021032173	273.85400000000004
6377	169083.90961934006	104333.66313474905	273.875
6378	169084.5105952649	104333.53665088303	273.909
6379	169085.09716730478	104333.51467033755	273.95
6380	169085.6593300196	104333.33966175094	273.927
6381	169086.2785306697	104333.26848767884	273.913
6382	169086.89383326622	104333.09181739483	273.88
6383	169087.48896546802	104332.97068882268	273.849
6384	169088.6804939406	104332.74048625585	273.923
6385	169089.94761722686	104332.5774799278	274.006
6386	169090.541533258	104332.5955689773	273.972
6387	169091.09870579443	104332.48579730093	273.964
6388	169091.7185210488	104332.4090646347	273.974
6389	169092.3510989266	104332.28733040672	273.97
6390	169092.94544886294	104332.15248136967	273.959
6391	169093.54617069598	104332.03063214943	274.01
6392	169094.05274634442	104331.876742444	274.008
6393	169094.5849527329	104331.80099113192	274.061
6394	169095.1430399196	104331.66842123307	274.07099999999997
6395	169095.7223693166	104331.5455680266	274.022
6396	169096.86908143663	104331.25069246441	274.052
6397	169097.47717676032	104331.16075600125	274.103
6398	169098.0371882402	104330.95626525581	274.126
6399	169098.689844085	104330.83757047635	274.156
6400	169099.2636045703	104330.64406708442	274.101
6401	169100.4336139613	104330.41527241562	274.027
6402	169100.9467445861	104330.28958508838	274.091
6403	169101.48102848782	104330.23108248506	274.14099999999996
6404	169102.52340266533	104330.09303457849	274.137
6405	169102.99667992344	104330.00928499177	274.134
6406	169103.36190744655	104329.9581426708	274.152
6407	169103.64879659968	104329.97401064727	274.184
6408	169103.79235920246	104329.85069481097	274.14599999999996
6409	169103.8855584861	104329.88161982596	274.152
6410	169103.913540498	104329.90118609648	274.164
6411	169103.90357384513	104329.8961447496	274.16700000000003
6412	169103.87915400337	104329.91051621549	274.175
6413	169103.8934458402	104329.9685923811	274.189
6414	169103.8713217867	104329.93977820501	274.193
6415	169103.84268959358	104329.9027837012	274.197
6416	169103.83018451865	104329.90941222105	274.214
6417	169103.8917680979	104329.9394813804	274.235
6418	169103.87948177548	104329.9184888145	274.272
6419	169103.85413828102	104329.89244372491	274.29
6420	169103.87075787503	104329.86562347785	274.32
6421	169103.8742552703	104329.85173249524	274.344
6422	169103.86193207675	104329.84093579184	274.358
6423	169103.82443004948	104329.82430120092	274.357
6424	169103.79878580707	104329.81568090618	274.366
6425	169103.78775204034	104329.80989416875	274.376
6426	169103.78515575646	104329.80469409656	274.371
6427	169103.76780356583	104329.73826468736	274.368
6428	169103.73428202127	104329.63989115227	274.361
6429	169103.80817388152	104329.55339971744	274.395
6430	169103.82841598082	104329.54383306578	274.393
6431	169103.8557995999	104329.66313254088	274.416
6432	169103.93901166023	104329.72757553216	274.41900000000004
6433	169104.19953549939	104329.86848086398	274.399
6434	169104.35201916215	104330.072210663	274.388
6435	169104.5117820618	104330.20237024501	274.409
6436	169104.5268423201	104330.17943737563	274.414
6437	169104.50106003231	104330.11038213689	274.435
6438	169104.4981190127	104330.06903137639	274.428
6439	169104.4834723363	104330.07620829437	274.457
6440	169104.4866066365	104330.0969823841	274.472
6441	169104.48244049473	104330.13144831825	274.47
6442	169105.3246642449	104334.25997906085	274.841
6443	169105.31306659835	104334.18003759626	274.842
6444	169105.2991796575	104334.10861540865	274.892
6445	169105.2832884851	104334.09836194385	274.91900000000004
6446	169105.28124141583	104334.07277186122	274.91900000000004
6447	169104.8309523498	104334.11081509292	274.92
6448	169104.3256835048	104334.16627080087	274.89799999999997
6449	169103.74410089006	104334.2548192963	274.914
6450	169103.10838419854	104334.38988829684	274.899
6451	169102.48913183066	104334.47533460986	274.909
6452	169101.23588286	104334.71328231506	274.931
6453	169100.6125909159	104334.8639686061	274.92
6454	169099.96566408232	104334.91057037003	274.847
6455	169098.67375530605	104335.1891628895	274.797
6456	169098.01183204638	104335.33970982209	274.789
6457	169097.35603113213	104335.53940512612	274.754
6458	169096.70772702878	104335.67109251767	274.752
6459	169096.04805053535	104335.85779725481	274.71
6460	169094.71699080602	104336.11567184608	274.666
6461	169094.06711893174	104336.18784636166	274.63599999999997
6462	169093.4355154607	104336.33609349001	274.547
6463	169092.17310701442	104336.54323687125	274.433
6464	169091.53544023485	104336.62602256704	274.445
6465	169090.90906047326	104336.64452166948	274.46299999999997
6466	169090.2719023087	104336.75103821512	274.448
6467	169089.60006486147	104336.78346221428	274.428
6468	169088.93207722012	104336.93472989183	274.375
6469	169088.25577575734	104337.01830328722	274.291
6470	169087.60834632482	104337.13831590582	274.26
6471	169086.97498900472	104337.21277554054	274.199
6472	169086.31335465165	104337.3164234031	274.126
6473	169085.63843110224	104337.44634754024	274.074
6474	169084.98256934184	104337.53147825133	274.075
6475	169084.35066761496	104337.6965951221	274.046
6476	169083.70848586957	104337.74599673692	274.02099999999996
6477	169083.0515312851	104337.87042466179	273.965
6478	169082.38825974014	104337.90084131807	273.94599999999997
6479	169081.75769612027	104338.02462320868	273.869
6480	169081.14516899997	104338.12418531347	273.842
6481	169080.5271446099	104338.23188443296	273.836
6482	169079.9170467673	104338.34999362659	273.83299999999997
6483	169079.30365948591	104338.39152835961	273.849
6484	169078.73399052504	104338.53870325349	273.844
6485	169078.1378461968	104338.57826119661	273.839
6486	169077.5965041958	104338.71534251608	273.79900000000004
6487	169077.04153034542	104338.7431848282	273.779
6488	169076.47773210515	104338.87758982461	273.722
6489	169075.8907134448	104338.95759419166	273.693
6490	169075.28072852994	104339.01156225149	273.723
6491	169074.65114625957	104339.12700635195	273.716
6492	169074.01423705005	104339.16474913154	273.725
6493	169073.39812668564	104339.36792757642	273.698
6494	169072.75262878448	104339.4469796205	273.673
6495	169072.12977445987	104339.57561041415	273.612
6496	169071.51738932397	104339.66887116712	273.567
6497	169070.90351249132	104339.74729606695	273.596
6498	169070.27463557041	104339.86496781558	273.589
6499	169069.6191240958	104339.88614499662	273.585
6500	169068.97183170787	104340.00134046003	273.579
6501	169068.32310230276	104340.02068846673	273.587
6502	169067.65678830977	104340.10374439601	273.532
6503	169066.98933809958	104340.13933858462	273.505
6504	169066.3632813252	104340.16729622334	273.509
6505	169065.73318088645	104340.228793432	273.512
6506	169064.49318884796	104340.51610920858	273.501
6507	169063.25541412944	104340.78192899842	273.508
6508	169062.6401124989	104340.85997895245	273.441
6509	169062.04738670477	104340.94052039925	273.384
6510	169060.830823753	104341.09277829807	273.444
6511	169060.24348319415	104341.2621372221	273.439
6512	169059.6083357498	104341.33881825209	273.46299999999997
6513	169058.97991832186	104341.52693805099	273.421
6514	169058.3276206291	104341.64582439233	273.374
6515	169057.68475398832	104341.78643449675	273.337
6516	169057.0331817593	104341.86898879427	273.341
6517	169056.36441479594	104341.94017286226	273.383
6518	169055.71054336586	104342.03402731754	273.39799999999997
6519	169054.4218023929	104342.22643954307	273.35900000000004
6520	169053.73209439774	104342.3032952454	273.312
6521	169053.10181221497	104342.48121302016	273.275
6522	169052.44380319762	104342.60174792167	273.219
6523	169051.81470574124	104342.7807824118	273.172
6524	169050.53572093352	104343.10262721125	273.178
6525	169049.89554046188	104343.25659542903	273.183
6526	169049.2652474019	104343.37166921701	273.199
6527	169047.96613702906	104343.7368213851	273.117
6528	169047.29785625744	104343.9040360814	273.056
6529	169046.64210888508	104343.95784243848	272.959
6530	169045.9948554992	104344.09547203593	272.85200000000003
6531	169045.39268903868	104344.22306826618	272.848
6532	169044.7479039241	104344.33549499884	272.829
6533	169044.1119642688	104344.46723339986	272.855
6534	169043.4570576624	104344.55163116567	272.846
6535	169042.83394746942	104344.71863849368	272.887
6536	169042.17196175797	104344.78836574219	272.811
6537	169041.49428623138	104344.9568449771	272.756
6538	169040.8064557775	104345.10656414367	272.683
6539	169040.1754958519	104345.3078391077	272.635
6540	169039.54384956614	104345.46869845968	272.601
6541	169038.87201138385	104345.60067886859	272.577
6542	169038.19176043774	104345.7582117226	272.528
6543	169037.51919653564	104345.8277160488	272.513
6544	169036.83987258025	104345.95892821159	272.482
6545	169036.1544231248	104346.04173375946	272.447
6546	169035.50498723204	104346.22440453153	272.368
6547	169034.83455228986	104346.32988092303	272.311
6548	169034.20043949925	104346.48257523123	272.251
6549	169033.5955991078	104346.62666213606	272.251
6550	169032.3418479425	104346.939703919	272.249
6551	169031.04984088824	104347.1484236503	272.231
6552	169030.38860622814	104347.24077164661	272.185
6553	169029.75566497125	104347.39829062857	272.18
6554	169029.12748438274	104347.48816250637	272.131
6555	169028.46668252719	104347.59237673134	272.113
6556	169027.84160318782	104347.7122917762	272.10200000000003
6557	169027.16442794874	104347.77510706242	272.097
6558	169026.5273966789	104347.94614456221	272.075
6559	169025.85933675652	104348.01937422715	272.068
6560	169024.5416011926	104348.27601674758	271.987
6561	169023.889061379	104348.39657488931	271.914
6562	169023.19171181857	104348.4502343284	271.88
6563	169021.84105322062	104348.60702360421	271.863
6564	169021.16172184667	104348.6414684942	271.866
6565	169020.50843291965	104348.77203496546	271.841
6566	169019.83652931577	104348.79037856031	271.824
6567	169019.1676462779	104348.89419408515	271.811
6568	169018.51869037544	104348.8777687028	271.782
6569	169017.85460137684	104348.97066412959	271.721
6570	169017.2040476624	104349.03487420268	271.69599999999997
6571	169016.5466598957	104349.11537334416	271.70599999999996
6572	169015.17404439845	104349.32899746485	271.703
6573	169014.4552915112	104349.48379943054	271.69
6574	169013.750606551	104349.52797924541	271.692
6575	169013.0449689881	104349.67170570418	271.635
6576	169012.3135072667	104349.72468766104	271.585
6577	169011.64485222154	104349.83128568064	271.533
6578	169011.00501116016	104349.8584587248	271.49
6579	169010.35643954395	104349.90043096337	271.5
6580	169009.7139855794	104349.96003655903	271.51599999999996
6581	169009.04670458823	104349.98210578784	271.531
6582	169008.3835828327	104350.07055672444	271.54
6583	169007.72709115126	104350.06726764608	271.506
6584	169007.04890631486	104350.17957879696	271.434
6585	169006.3393736571	104350.28269353881	271.384
6586	169005.6755429434	104350.40302791446	271.34
6587	169005.02245002938	104350.47928015701	271.317
6588	169004.35560806643	104350.54454549868	271.344
6589	169003.71088129396	104350.64121999033	271.341
6590	169003.06180169646	104350.69227499794	271.35
6591	169002.45196045566	104350.87212614156	271.325
6592	169001.79412186448	104350.97894969396	271.307
6593	169001.13122110922	104351.13821814489	271.31
6594	169000.45433085915	104351.15506320819	271.278
6595	168999.13018667995	104351.31028519943	271.216
6596	168998.4804177402	104351.42084582243	271.163
6597	168997.79313595762	104351.51773875114	271.145
6598	168997.11708710348	104351.6311711371	271.173
6599	168996.44261373673	104351.76926504634	271.16700000000003
6600	168995.78162688072	104351.89220623393	271.186
6601	168995.15659256052	104352.06607136875	271.183
6602	168994.53155824033	104352.23993650358	
6603	168994.13993272642	104352.34887455798	
6604	168993.74830721252	104352.45781261238	
6605	168993.3566816986	104352.56675066678	
6606	168992.9650561847	104352.67568872118	
6607	168992.5734306708	104352.78462677558	
6608	168992.1818051569	104352.89356482998	
6609	168991.790179643	104353.00250288438	
6610	168991.3985541291	104353.11144093878	
6611	168991.00692861518	104353.22037899318	
6612	168990.61530310128	104353.32931704758	
6613	168990.22367758738	104353.43825510198	
6614	168989.83205207347	104353.54719315638	
6615	168989.44042655957	104353.65613121078	
6616	168989.04880104566	104353.76506926518	
6617	168988.65717553176	104353.87400731958	
6618	168988.26555001785	104353.98294537398	
6619	168987.87392450395	104354.09188342838	
6620	168987.48229899004	104354.20082148278	
6621	168987.09067347614	104354.30975953718	
6622	168916.1643964405	104359.99651826266	271.291
6623	168915.9634899621	104360.00247259717	271.28
6624	168915.94569457532	104359.9264023751	271.269
6625	168915.88814250848	104359.96531183645	271.28
6626	168915.84037254407	104359.96124776825	271.3
6627	168915.76421891918	104359.91685423255	271.301
6628	168915.45669692475	104360.02012298442	271.29
6629	168914.97822041454	104360.03045954183	271.23400000000004
6630	168914.41876402363	104360.04958989844	271.23
6631	168913.80836763963	104360.15325736627	271.236
6632	168913.1812595809	104360.17696556076	271.254
6633	168912.65215796162	104360.31670288928	271.251
6634	168912.04263928716	104360.30803239346	271.217
6635	168911.37863128277	104360.37925179303	271.165
6636	168910.70100221713	104360.4368896503	271.147
6637	168910.0235292752	104360.51733010355	271.163
6638	168909.33616672189	104360.63759231567	271.159
6639	168908.6343881264	104360.70070544444	271.116
6640	168907.95530905077	104360.83137885574	271.08799999999997
6641	168907.2695659502	104360.86451772694	271.074
6642	168906.606806095	104361.01879319549	271.014
6643	168905.92653481726	104361.05083953403	270.981
6644	168905.27821877474	104361.18811174482	270.95
6645	168904.64554898348	104361.27130856924	270.851
6646	168903.97696008877	104361.39367785584	270.776
6647	168903.2722193118	104361.45418575313	270.752
6648	168902.6484419359	104361.5437176153	270.76599999999996
6649	168902.03200637674	104361.64106185269	270.79900000000004
6650	168901.40270259487	104361.68052102812	270.749
6651	168900.745230657	104361.7855046168	270.75
6652	168899.54271435738	104361.86833165679	270.72
6653	168898.92241867792	104361.9482365651	270.692
6654	168898.3379309893	104362.08647950459	270.634
6655	168897.7899313712	104362.15941329673	270.64099999999996
6656	168897.2708414176	104362.25858938321	270.635
6657	168896.53588416064	104362.25948255509	270.66900000000004
6658	168896.22103546653	104362.35086178407	270.676
6659	168895.81621711582	104362.33903236687	270.688
6660	168894.94350970106	104362.50145664159	270.703
6661	168894.3484214031	104362.54604434408	270.73900000000003
6662	168893.7613294716	104362.6813123636	270.724
6663	168893.17855708092	104362.67236893158	270.717
6664	168892.62169042855	104362.73192406446	270.673
6665	168892.04958164552	104362.76584206708	270.653
6666	168891.43918098428	104362.80444312003	270.66200000000003
6667	168890.87030916562	104362.89713882934	270.676
6668	168890.27784480926	104362.97250972968	270.709
6669	168889.18115356844	104363.1458130544	270.675
6670	168888.71184327337	104363.25221248344	270.678
6671	168888.4741744274	104363.16757014021	270.715
6672	168888.42020668465	104363.1349353781	270.747
6673	168888.40381254433	104363.1322814133	270.757
6674	168888.40298645248	104363.13061002363	270.753
6675	168888.410554728	104363.14157460537	270.77099999999996
6676	168888.42150094695	104363.13864763733	270.77
6677	168888.4303539879	104363.12273646612	270.77
6678	168888.43262634933	104363.11885157414	270.784
6679	168888.45228752156	104363.10538901296	270.768
6680	168888.49622219938	104363.05178541131	270.76099999999997
6681	168888.52532344917	104363.0244529713	270.776
6682	168888.5531191685	104362.99655972328	270.764
6683	168888.55038902588	104362.96225434449	270.754
6684	168888.53754096082	104362.96517451573	270.756
6685	168888.52855911115	104362.98386594933	270.759
6686	168888.53540756617	104362.99668177497	270.763
6687	168888.54194251	104362.99744666833	270.762
6688	168888.5490903402	104362.99302306678	270.763
6689	168888.55572868756	104362.96486878395	270.765
6690	168888.56093799908	104362.93745091558	270.76099999999997
6691	168888.56412350177	104362.94413605053	270.763
6692	168888.55552078487	104362.95652586129	270.77
6693	168888.5503949915	104362.96058593225	270.768
6694	168888.54147412337	104362.96222246811	270.763
6695	168888.53858158394	104362.97333502956	270.764
6696	168888.4756794855	104363.01259642001	270.827
6697	168888.51916013038	104362.98624230642	270.83
6698	168888.56736688793	104362.96787650324	270.822
6699	168888.56736600885	104362.93487855699	270.843
6700	168888.5640318131	104362.93653507251	270.85200000000003
6701	168888.58365851824	104362.9327122327	270.861
6702	168888.61122335217	104362.93614766374	270.86400000000003
6703	168888.59496221258	104362.96278448496	270.881
6704	168888.72182425333	104362.98733771965	270.846
6705	168888.76822857535	104363.04089357425	270.832
6706	168888.78330061398	104363.04762120917	270.827
6707	168888.7584895696	104363.03863417078	270.823
6708	168888.75010867463	104363.05547393952	270.819
6709	168888.75678987565	104363.08182203025	270.813
6710	168888.74217760508	104363.11272852495	270.82099999999997
6711	168888.74140144215	104363.13033701107	270.806
6712	168888.7379444039	104363.13310537767	270.795
6713	168888.73944171323	104363.11327488907	270.797
6714	168888.74081816874	104363.09400011413	270.795
6715	168888.73712074832	104363.09750914387	270.79200000000003
6716	168888.7317844012	104363.09396781214	270.776
6717	168888.73273797554	104363.09322969429	270.769
6718	168888.73108247732	104363.0908138128	270.76099999999997
6719	168888.7101555449	104363.0925928019	270.762
6720	168888.68170363805	104363.1045408789	270.767
6721	168888.69376162015	104363.12312216312	270.756
6722	168888.69942208377	104363.13574836217	270.753
6723	168888.69122832798	104363.1334944833	270.758
6724	168888.68779051222	104363.13088684622	270.752
6725	168888.69865498555	104363.11757821031	270.749
6726	168888.706335282	104363.09721368458	270.743
6727	168888.7162315984	104363.08872151282	270.746
6728	168888.7262017061	104363.09283555951	270.74
6729	168888.7406374433	104363.07805664185	270.746
6730	168888.7473084863	104363.07400209643	270.755
6731	168888.74898188128	104363.07141273748	270.765
6732	168888.7382965926	104363.06785227638	270.777
6733	168888.7256643845	104363.07689081226	270.782
6734	168888.73944348661	104363.07953542471	270.765
6735	168888.74553876292	104363.07028813567	270.77
6736	168888.73095676836	104363.05948385596	270.757
6737	168888.72571056877	104363.03073093295	270.77299999999997
6738	168888.73161981645	104363.00702320598	270.775
6739	168888.72756381135	104363.01108709909	270.786
6740	168888.72554243743	104363.01126525272	270.789
6741	168888.73388576484	104363.03817543294	270.796
6742	168888.72188964314	104363.03553719539	270.8
6743	168888.7091790032	104363.03326716553	270.798
6744	168888.70089355868	104363.02341230959	270.806
6745	168888.71520313897	104363.01067213714	270.808
6746	168888.73291142716	104363.01147698332	270.813
6747	168888.73671578165	104363.01130520459	270.812
6748	168888.7375378963	104363.01408887003	270.817
6749	168888.75511406208	104363.01860087924	270.817
6750	168888.77655975657	104363.03795725759	270.811
6751	168888.65481290504	104363.01231002249	270.843
6752	168888.5440131508	104363.01673376933	270.889
6753	168888.51200809333	104363.05833021645	270.881
6754	168888.47245663448	104363.08284456097	270.895
6755	168888.45019721222	104363.12484661583	270.906
6756	168888.27545960838	104363.09252155852	270.894
6757	168887.90701432212	104363.01427076943	270.92
6758	168887.2774481217	104363.09395851102	270.955
6759	168886.66047458487	104363.10917852074	270.892
6760	168885.9582936088	104363.18526993413	270.877
6761	168885.2939787734	104363.24277326185	270.878
6762	168884.63067301267	104363.35051872022	270.87
6763	168883.25394180676	104363.42123299744	270.902
6764	168881.98201756098	104363.43485392537	270.962
6765	168881.34613135952	104363.55344994087	270.964
6766	168880.67246376042	104363.56717033498	270.973
6767	168879.98137770416	104363.69854594395	270.942
6768	168879.2891147941	104363.72684521135	270.908
6769	168878.57965539838	104363.8106976226	270.931
6770	168877.89021187267	104363.81509290822	270.918
6771	168877.22470912855	104363.93895964697	270.844
6772	168876.54507344312	104363.99288707227	270.83099999999996
6773	168875.86707406593	104364.05460645724	270.843
6774	168875.19409914312	104364.14062889107	270.85900000000004
6775	168874.5014413061	104364.17967950739	270.879
6776	168873.84016057185	104364.28632126376	270.844
6777	168872.53356857493	104364.38824766781	270.775
6778	168871.93449854848	104364.38295598421	270.71299999999997
6779	168871.2997993703	104364.4355615601	270.71
6780	168870.68920205982	104364.42948731314	270.69
6781	168870.08124726967	104364.51555727515	270.647
6782	168868.77692510263	104364.61434122734	270.62
6783	168868.11868138012	104364.66945843026	270.597
6784	168867.45304484747	104364.73103767075	270.613
6785	168866.10967012835	104364.91440223437	270.642
6786	168865.44900185996	104365.01604191586	270.621
6787	168864.74957249744	104365.0207740115	270.543
6788	168864.04544560952	104365.14265066106	270.488
6789	168863.3478374376	104365.23655804526	270.425
6790	168862.691238864	104365.36360989418	270.436
6791	168862.0630864781	104365.44701331668	270.454
6792	168861.4054412299	104365.50102120079	270.455
6793	168860.73754617065	104365.59596192557	270.452
6794	168860.08116770597	104365.62809945643	270.469
6795	168859.43854863997	104365.73499501403	270.433
6796	168858.77081406146	104365.75170548353	270.421
6797	168858.12227666512	104365.88490427285	270.362
6798	168857.44761499556	104365.97741129808	270.345
6799	168856.7987188329	104366.14453381952	270.277
6800	168856.14894680493	104366.25733645819	270.26599999999996
6801	168855.52108042623	104366.36057751719	270.278
6802	168854.85994922917	104366.42551129125	270.283
6803	168854.15689720755	104366.44617468119	270.255
6804	168853.51525155426	104366.58014016133	270.238
6805	168852.81378273707	104366.65679465327	270.223
6806	168852.1332951044	104366.81638973113	270.205
6807	168851.4560199249	104366.80859669391	270.142
6808	168850.7682226604	104366.88474409748	270.051
6809	168850.07343220932	104366.9553051889	270.019
6810	168848.75268217246	104367.2277381001	269.953
6811	168848.08910507575	104367.31194368657	269.974
6812	168847.4081595945	104367.43334911205	269.942
6813	168846.07792163486	104367.59989588708	269.892
6814	168845.40815671012	104367.61938152369	269.844
6815	168844.74633325686	104367.77848799154	269.82
6816	168844.08556376508	104367.8087580204	269.752
6817	168843.45342725745	104367.90957531426	269.663
6818	168842.1358244609	104368.0329742143	269.603
6819	168841.43395327666	104368.08923679311	269.524
6820	168840.6938993996	104368.1195952259	269.47700000000003
6821	168839.3384719259	104368.21672109701	269.356
6822	168838.65942345324	104368.30624875892	269.288
6823	168837.9419348493	104368.34206411801	269.20799999999997
6824	168837.2450565068	104368.46489708405	269.144
6825	168836.56846539103	104368.53200258873	269.075
6826	168835.88763667195	104368.62078273203	269.04400000000004
6827	168835.1983850688	104368.7048983872	269.027
6828	168834.47500925104	104368.79167318717	269.033
6829	168833.73645826147	104368.90063979197	268.997
6830	168832.9888459807	104368.95062281378	268.95599999999996
6831	168832.2848484782	104369.06990879774	268.945
6832	168831.61191333728	104369.1118160598	268.91700000000003
6833	168830.97293979206	104369.23003634997	268.873
6834	168830.30990287577	104369.26289535873	268.825
6835	168829.67947908412	104369.3835562393	268.76599999999996
6836	168829.01184536534	104369.43883021269	268.705
6837	168828.33369139404	104369.51093650609	268.726
6838	168827.58693113097	104369.55536187533	268.675
6839	168826.77670868963	104369.62959300727	268.632
6840	168826.00193001243	104369.63109557237	268.58
6841	168825.32170127615	104369.68502745219	268.568
6842	168824.6755016963	104369.72962621693	268.532
6843	168823.97960990274	104369.74253309611	268.51599999999996
6844	168823.32086142106	104369.83955032844	268.529
6845	168822.64280936716	104369.81637152098	268.517
6846	168821.36753214902	104369.93751643691	268.399
6847	168819.95509707535	104370.08801946603	268.307
6848	168819.2594199378	104370.17415349744	268.286
6849	168818.59990557513	104370.28599912394	268.264
6850	168817.95054365226	104370.35079404805	268.278
6851	168817.32925902613	104370.40864456259	268.285
6852	168816.72606172212	104370.39426071849	268.282
6853	168816.0834117727	104370.5102451276	268.298
6854	168814.82502360363	104370.56193364039	268.243
6855	168814.18090367195	104370.556673415	268.189
6856	168813.50877451902	104370.60600111447	268.151
6857	168812.1929976517	104370.6843662113	268.151
6858	168811.55091109948	104370.77569741197	268.131
6859	168810.8852799353	104370.8028027825	268.119
6860	168810.1932079449	104370.87801332399	268.151
6861	168809.47802976897	104370.86601228733	268.085
6862	168808.76554137754	104370.93317890354	268.04200000000003
6863	168808.10503399244	104370.9567806162	267.987
6864	168807.4717006047	104371.02682457957	267.962
6865	168806.8379755913	104371.073323749	267.982
6866	168805.5872402048	104371.2459105663	268.026
6867	168804.93776035946	104371.31052128319	268.04200000000003
6868	168804.2986001077	104371.41465511546	268.008
6869	168803.61406413405	104371.40980845038	267.98400000000004
6870	168802.90921757647	104371.46736321133	267.913
6871	168802.2135624851	104371.48064455483	267.923
6872	168801.55540773517	104371.61140607484	267.85900000000004
6873	168800.90979171044	104371.65916130226	267.819
6874	168800.2531087016	104371.71039947681	267.764
6875	168799.6015712141	104371.7520161923	267.759
6876	168798.94438416648	104371.74448673986	267.73400000000004
6877	168798.29463231028	104371.78536844533	267.776
6878	168797.68581996518	104371.74556949455	267.793
6879	168797.0571649021	104371.83713562973	267.798
6880	168796.41035488533	104371.8530015042	267.77099999999996
6881	168795.76631744113	104371.95823130012	267.70799999999997
6882	168795.10360669598	104371.9998088181	267.68
6883	168794.55473793315	104372.08387309033	267.66900000000004
6884	168794.12786426643	104372.12387984619	267.717
6885	168793.81841127685	104372.10257228557	267.76
6886	168793.64197281096	104372.18073178735	267.737
6887	168793.60706206824	104372.17059697676	267.733
6888	168793.61381348805	104372.14392603096	267.719
6889	168793.61831900125	104372.1137248436	267.697
6890	168793.59721772143	104372.09770694934	267.715
6891	168793.59619922622	104372.04987484775	267.736
6892	168793.44218178507	104372.07379728742	267.736
6893	168793.07219193253	104372.1622057436	267.72900000000004
6894	168791.86544793288	104372.19832599256	267.73
6895	168791.22443994996	104372.22051612288	267.731
6896	168790.58040380414	104372.29200708587	267.722
6897	168789.93254205672	104372.33623341378	267.699
6898	168789.2577519984	104372.36516273674	267.712
6899	168788.5798136144	104372.4437632449	267.719
6900	168787.89785983413	104372.44819687959	267.756
6901	168787.2320703123	104372.55335035175	267.769
6902	168786.54140181345	104372.56831992324	267.755
6903	168785.0926838152	104372.76078485511	267.724
6904	168784.39949760633	104372.91552354861	267.707
6905	168783.67283191017	104372.99191221409	267.689
6906	168782.99634380278	104373.06384484936	267.639
6907	168782.2798930768	104373.10894052126	267.629
6908	168781.58980669605	104373.16080376506	267.659
6909	168780.86708956034	104373.26334567461	267.605
6910	168780.16961926402	104373.25233845878	267.626
6911	168779.4970465392	104373.3263246622	267.64099999999996
6912	168778.82921542908	104373.33711264748	267.665
6913	168778.208754016	104373.43112010416	267.703
6914	168777.56308151092	104373.4614520995	267.698
6915	168776.9171175068	104373.540353138	267.703
6916	168776.25343353106	104373.55486382637	267.67900000000003
6917	168775.54860535913	104373.60741698649	267.61
6918	168774.89001151302	104373.6278781509	267.666
6919	168774.20818467397	104373.63008942083	267.70099999999996
6920	168773.56517260536	104373.71456280723	267.723
6921	168772.90261246986	104373.71387661248	267.726
6922	168772.24606129352	104373.82851925958	267.704
6923	168771.5783046249	104373.88528308645	267.692
6924	168770.19628734322	104374.07335456833	267.726
6925	168769.496281699	104374.17375414446	267.684
6926	168768.2048259874	104374.29911815189	267.642
6927	168767.58343340215	104374.35419338942	267.66
6928	168766.22980572665	104374.51437413227	267.69599999999997
6929	168764.8981033116	104374.6594318077	267.749
6930	168764.23205109508	104374.63797153998	267.74
6931	168763.55797237926	104374.70101689827	267.715
6932	168762.8983652476	104374.73908721376	267.656
6933	168762.25456029008	104374.81262163818	267.684
6934	168761.66204809825	104374.86891243793	267.699
6935	168761.04264865114	104374.86485876329	267.73400000000004
6936	168760.38329874197	104374.93092294224	267.757
6937	168759.73678716138	104374.89637053665	267.776
6938	168758.44285770738	104374.98205645476	267.716
6939	168757.7916608263	104375.06186815165	267.67400000000004
6940	168757.1556895062	104375.10521379951	267.681
6941	168756.52954938717	104375.12486557383	267.742
6942	168755.87004976813	104375.19964271877	267.746
6943	168755.24548189712	104375.21169958264	267.744
6944	168754.61287806768	104375.2774886731	267.747
6945	168753.96313081137	104375.25034075323	267.73400000000004
6946	168753.36668806133	104375.3423971925	267.67400000000004
6947	168752.26941095194	104375.51535600424	267.697
6948	168751.67529381986	104375.588511955	267.70799999999997
6949	168751.00260299467	104375.56202448066	267.721
6950	168750.3430576845	104375.61622478534	267.718
6951	168749.71102111667	104375.62269433774	267.681
6952	168749.0542018291	104375.67912906222	267.64599999999996
6953	168748.42967306508	104375.74717213027	267.675
6954	168747.7997265257	104375.8011070406	267.748
6955	168747.19235077722	104375.92593793012	267.756
6956	168746.56987324604	104375.95190685708	267.744
6957	168745.93240864744	104376.01415748615	267.704
6958	168745.30935411403	104376.0017505046	267.67
6959	168744.69857339884	104376.01422829553	267.64799999999997
6960	168744.06796392667	104376.0205182014	267.67400000000004
6961	168743.4283708912	104375.97913321666	267.67900000000003
6962	168742.79269175496	104376.0742031131	267.66
6963	168742.16429516417	104376.1268465221	267.673
6964	168741.57175816948	104376.22373806685	267.64
6965	168740.9956911765	104376.26841047686	267.623
6966	168740.45478737977	104376.28558582626	267.673
6967	168739.89115240186	104376.37757478934	267.692
6968	168739.28403502473	104376.36262971256	267.695
6969	168738.6669732694	104376.43681801949	267.644
6970	168738.1092692551	104376.49879637733	267.621
6971	168737.52031507474	104376.52395837381	267.633
6972	168736.88624908423	104376.59994039033	267.625
6973	168736.20722559653	104376.58270141855	267.592
6974	168735.55327169097	104376.66917980928	267.578
6975	168734.9288950979	104376.69440184347	267.54900000000004
6976	168733.70778056316	104376.8615492247	267.493
6977	168733.13870189115	104376.87973769195	267.563
6978	168732.56069889732	104376.96759808622	267.58099999999996
6979	168731.9717843574	104376.94808385335	267.566
6980	168731.36520590697	104377.01582182571	267.481
6981	168730.07756754855	104377.07076362148	267.509
6982	168729.4900995635	104377.11261613294	267.55400000000003
6983	168728.88247129368	104377.10768104717	267.572
6984	168727.6132805465	104377.22312327381	267.557
6985	168727.02355087723	104377.26589494571	267.539
6986	168726.4717240519	104377.3130648341	267.48900000000003
6987	168725.84026620045	104377.35754252877	267.515
6988	168725.25176054577	104377.4574162988	267.54900000000004
6989	168724.64085001816	104377.47304743063	267.58099999999996
6990	168724.00233119744	104377.53103317879	267.531
6991	168723.36222259214	104377.53451115917	267.52
6992	168722.73690109776	104377.59161692858	267.454
6993	168722.120914821	104377.63077383395	267.486
6994	168721.51911822043	104377.62382106483	267.509
6995	168720.86896447642	104377.67787293997	267.522
6996	168720.26616773198	104377.6512663085	267.553
6997	168719.6708790672	104377.71978715807	267.509
6998	168719.09383724036	104377.73776352871	267.473
6999	168718.53158132153	104377.74263026379	267.52
7000	168717.906006411	104377.80418486614	267.517
7001	168717.28771780184	104377.78864657786	267.548
7002	168716.6754413239	104377.88788092881	267.48
7003	168716.02514847164	104377.88057157025	267.44
7004	168715.4117017942	104377.90750306565	267.431
7005	168714.8123297977	104377.9207662493	267.442
7006	168714.17214048028	104377.87993882783	267.45
7007	168712.8537145057	104377.86822371278	267.436
7008	168712.21884522232	104377.93623442296	267.434
7009	168711.0024586723	104377.97697348054	267.42900000000003
7010	168710.39674418862	104378.03581859171	267.461
7011	168709.2214601051	104378.18441039976	267.504
7012	168708.6535204212	104378.21669453941	267.534
7013	168708.03703854833	104378.29515224602	267.579
7014	168707.4359170858	104378.26540151704	267.541
7015	168706.79054447223	104378.34561087377	267.527
7016	168705.4934383102	104378.45613961853	267.421
7017	168704.78649427358	104378.50239172205	267.411
7018	168704.06196276308	104378.51372989081	267.394
7019	168702.70580179204	104378.6181180086	267.339
7020	168702.01894482085	104378.73192053102	267.267
7021	168701.2967801486	104378.7462335648	267.245
7022	168700.61055823867	104378.8485448556	267.193
7023	168699.94366319122	104378.8637952637	267.164
7024	168699.28112218642	104378.89148173947	267.191
7025	168698.6520789035	104378.95914393384	267.215
7026	168698.01442653936	104378.94038786739	267.192
7027	168697.36534178114	104379.02837125957	267.194
7028	168696.08161918435	104379.15266792476	267.159
7029	168695.42972819367	104379.19392544031	267.125
7030	168694.77359898444	104379.2907825401	267.08
7031	168694.12802361135	104379.32761340216	267.061
7032	168693.49923891932	104379.32223674469	267.1
7033	168692.86927436365	104379.38155418914	267.11
7034	168692.2213694678	104379.37129009236	267.127
7035	168691.57740537703	104379.49025105778	267.11400000000003
7036	168690.92966855236	104379.46608409192	267.098
7037	168690.27677541575	104379.48824437987	267.045
7038	168689.64213502352	104379.52529986389	267.059
7039	168688.99932246946	104379.55398433376	267.08
7040	168688.3692063369	104379.622570863	267.11
7041	168687.71467715927	104379.60320018325	267.122
7042	168687.0866220903	104379.72759404127	267.128
7043	168686.42011527054	104379.73394920304	267.095
7044	168685.76009868167	104379.85452251974	267.017
7045	168685.0934489321	104379.90129055083	266.985
7046	168684.47788968284	104379.9879110558	266.976
7047	168683.85917767495	104380.09213173762	267.003
7048	168683.2198614822	104380.1069256505	267.032
7049	168682.56517538542	104380.19915482309	267.025
7050	168681.90305529197	104380.17512347549	267.007
7051	168681.26316814293	104380.25053541362	266.954
7052	168680.6355870396	104380.30819430575	266.91200000000003
7053	168679.46708245858	104380.4896292463	266.986
7054	168678.8469094883	104380.5028229449	267.02099999999996
7055	168678.21357464016	104380.60773410555	267.019
7056	168676.98496035615	104380.74520697631	266.941
7057	168675.82510418902	104380.73313482292	266.974
7058	168675.28154852425	104380.82816775609	266.965
7059	168674.6832642883	104380.90372756962	266.973
7060	168674.11110030598	104381.08875497896	266.923
7061	168673.53743124497	104381.19517529942	266.903
7062	168672.95346486114	104381.2891387092	266.936
7063	168672.3680688425	104381.38402403705	266.949
7064	168671.36208474822	104381.48984337226	266.935
7065	168670.95090440736	104381.46225121152	266.937
7066	168670.73168756734	104381.50355802663	266.98
7067	168670.62481371898	104381.60810631234	266.98900000000003
7068	168670.5283642917	104381.52100679278	266.986
7069	168670.53715686372	104381.4211171465	266.95099999999996
7070	168670.55904767133	104381.41563306842	266.948
7071	168670.5823638187	104381.44407887291	266.934
7072	168670.54072898044	104381.45301541779	266.937
7073	168670.54278872622	104381.40834571607	266.932
7074	168670.5134602621	104381.36578964908	266.933
7075	168670.49370956622	104381.4383894587	266.93
7076	168670.51964117258	104381.60124622751	266.909
7077	168670.58654221104	104381.57349005248	266.887
7078	168670.62065498412	104381.47313375305	266.88
7079	168670.62089702993	104381.43828285392	266.89099999999996
7080	168670.61779016073	104381.44290641695	266.877
7081	168670.6002734981	104381.42152561061	266.872
7082	168670.62368176036	104381.3902788423	266.857
7083	168670.6571513395	104381.33737797849	266.84
7084	168670.62684863893	104381.33504629415	266.845
7085	168670.62684863893	104381.33504629415	266.845
7086	168670.62684863893	104381.33504629415	
7087	168670.62684863893	104381.33504629415	
7088	168670.62684863893	104381.33504629415	
7089	168670.62684863893	104381.33504629415	
7090	168670.62684863893	104381.33504629415	
7091	168670.62684863893	104381.33504629415	
7092	168670.62684863893	104381.33504629415	
7093	168670.62684863893	104381.33504629415	
7094	168670.62684863893	104381.33504629415	
7095	168670.62684863893	104381.33504629415	
7096	168670.62684863893	104381.33504629415	
7097	168670.62684863893	104381.33504629415	
7098	168670.62684863893	104381.33504629415	
7099	168670.62684863893	104381.33504629415	
7100	168670.62684863893	104381.33504629415	
7101	168670.62684863893	104381.33504629415	
7102	168670.62684863893	104381.33504629415	
7103	168701.20912543987	104385.07262927946	267.319
7104	168701.2269833907	104385.06472108886	267.343
7105	168701.26646482755	104385.02611609176	267.365
7106	168701.27785740286	104384.99779302627	267.377
7107	168701.3131359108	104384.97122296318	267.402
7108	168701.46228681723	104384.87794786505	267.433
7109	168701.85421974878	104384.86932482664	267.447
7110	168702.3215496272	104384.78347921465	267.45
7111	168702.8350464834	104384.75155778509	267.48900000000003
7112	168703.9272917228	104384.65587508772	267.666
7113	168704.4987007973	104384.65066845622	267.703
7114	168705.10302741174	104384.54714077152	267.763
7115	168706.36586541968	104384.37883687858	267.712
7116	168707.01825758166	104384.33016721997	267.653
7117	168707.6330720027	104384.25244501885	267.568
7118	168708.245607	104384.1806470314	267.57099999999997
7119	168708.86993989622	104384.16747151036	267.586
7120	168709.5291271047	104384.11326477397	267.61
7121	168710.20871447856	104384.13884450123	267.616
7122	168710.84921823244	104384.05713526905	267.617
7123	168711.5034565004	104384.02423014492	267.547
7124	168712.77832450095	104383.91621944029	267.486
7125	168713.41481581004	104383.89344767854	267.481
7126	168714.0593032579	104383.82806653157	267.488
7127	168714.68476838048	104383.83083853498	267.52
7128	168715.27090764834	104383.72761833668	267.494
7129	168715.9163913624	104383.68300369568	267.449
7130	168716.51157817675	104383.6094767591	267.423
7131	168717.07843575004	104383.5469724182	267.388
7132	168717.67161500244	104383.50328495447	267.394
7133	168718.26901106018	104383.4101155866	267.399
7134	168718.89729942844	104383.42124026641	267.378
7135	168719.49437439715	104383.31805928703	267.311
7136	168720.1206801738	104383.31842494849	267.247
7137	168720.7602555547	104383.26396472845	267.209
7138	168721.32271319316	104383.23555547744	267.199
7139	168721.87004805673	104383.21469333675	267.242
7140	168722.42086363098	104383.1172809517	267.26
7141	168722.98498803165	104383.0881362604	267.303
7142	168723.57115382949	104382.97750180773	267.26599999999996
7143	168724.22082813777	104382.95792955812	267.23400000000004
7144	168724.81706719447	104382.88941259496	267.235
7145	168726.06126770182	104382.88214401528	267.204
7146	168727.1676322254	104382.86103959847	267.259
7147	168727.7960851319	104382.75871232152	267.267
7148	168728.42096600874	104382.7251490606	267.274
7149	168729.59821852087	104382.55765956454	267.236
7150	168730.8106457035	104382.45999856666	267.16700000000003
7151	168731.44228933263	104382.46353598032	267.168
7152	168732.0147030844	104382.37621178944	267.119
7153	168732.63038278837	104382.3563346425	267.106
7154	168733.21701368756	104382.28222310077	267.089
7155	168733.79253059783	104382.15783377085	267.123
7156	168734.36850234758	104382.10630112048	267.171
7157	168734.9475371201	104382.02901133802	267.189
7158	168735.594454545	104382.04947315063	267.171
7159	168736.91007746977	104382.0133555131	267.138
7160	168737.50317603248	104382.02602601517	267.17400000000004
7161	168738.0611781856	104381.98036224023	267.235
7162	168738.67279287934	104381.96714511607	267.255
7163	168739.24487717432	104381.87221989315	267.293
7164	168740.42695945446	104381.75072458945	267.262
7165	168740.99553047091	104381.64095655642	267.316
7166	168741.60574711408	104381.61976339854	267.374
7167	168742.89975537566	104381.54482578952	267.39799999999997
7168	168743.53148640276	104381.55726327468	267.42
7169	168744.1235814607	104381.58476149384	267.38599999999997
7170	168744.70129780087	104381.61109646503	267.432
7171	168745.2535616535	104381.5746821696	267.474
7172	168745.82150409205	104381.60858322866	267.503
7173	168746.35548051342	104381.56709884293	267.517
7174	168746.85602520482	104381.60113160033	267.482
7175	168747.43804983288	104381.58577127848	267.522
7176	168748.058418718	104381.55089665111	267.501
7177	168748.71726147036	104381.56046487298	267.478
7178	168749.31991139264	104381.46082929056	267.505
7179	168749.9505607891	104381.47660057712	267.512
7180	168750.5723124691	104381.3870435534	267.483
7181	168751.18054162146	104381.32302127406	267.491
7182	168751.71230401433	104381.23555491585	267.518
7183	168752.24676980084	104381.19017984718	267.547
7184	168752.7924103772	104381.2113965312	267.548
7185	168753.36023997012	104381.14315268956	267.53
7186	168753.96171903485	104381.13898505177	267.545
7187	168754.52710210963	104381.02327493485	267.566
7188	168755.11393000107	104380.9272914771	267.553
7189	168755.73240468669	104380.85681773815	267.54400000000004
7190	168756.32700886615	104380.74677301664	267.505
7191	168756.9270108097	104380.6899520699	267.53700000000003
7192	168758.12408938457	104380.46284640301	267.515
7193	168759.38990830327	104380.29271191824	267.47700000000003
7194	168760.0300185227	104380.2217593668	267.514
7195	168760.6552399937	104380.12591287214	267.53700000000003
7196	168761.26547138285	104380.1006436348	267.574
7197	168761.89881587296	104379.9935178496	267.60400000000004
7198	168762.58862195018	104379.95333009306	267.525
7199	168763.29289564316	104379.88927957788	267.501
7200	168764.59261873286	104379.81195760239	267.488
7201	168765.20957148244	104379.73499120492	267.517
7202	168765.91867161912	104379.65075157955	267.577
7203	168767.10063121238	104379.56411354989	267.551
7204	168767.694916065	104379.4436875945	267.531
7205	168768.3084122496	104379.40285870712	267.482
7206	168768.9385337359	104379.36653811857	267.443
7207	168769.57504364182	104379.33876786474	267.448
7208	168770.18792768204	104379.36986511387	267.478
7209	168770.83014413755	104379.30837582145	267.464
7210	168771.48479758736	104379.2927200757	267.469
7211	168772.13133940785	104379.15134679992	267.435
7212	168772.7537722778	104379.10443258658	267.408
7213	168773.34158947007	104379.03125661146	267.381
7214	168773.9232030233	104378.93099292554	267.427
7215	168774.52039806911	104378.86137266085	267.483
7216	168775.10907252965	104378.71423263103	267.465
7217	168775.7477251499	104378.65217511915	267.422
7218	168776.43771074002	104378.5615659859	267.35900000000004
7219	168777.07936492798	104378.5245458316	267.327
7220	168777.69790897905	104378.46816391125	267.351
7221	168778.30114293206	104378.37168519478	267.385
7222	168778.94458606327	104378.33300319221	267.389
7223	168779.5400817262	104378.20646527223	267.405
7224	168780.12695459777	104378.1983556645	267.365
7225	168780.71818678672	104378.1342763491	267.337
7226	168781.23160675744	104377.9905770868	267.373
7227	168781.73706104764	104377.88077440113	267.427
7228	168782.25174508407	104377.74931492098	267.462
7229	168782.7922859148	104377.76736507285	267.476
7230	168783.30261042953	104377.65850676224	267.418
7231	168783.8757741489	104377.52781152818	267.384
7232	168784.44382361264	104377.43139377981	267.418
7233	168784.97851618758	104377.32243689802	267.43
7234	168785.58938540315	104377.31849162653	267.422
7235	168786.22137396547	104377.2586362604	267.42900000000003
7236	168787.45631990128	104377.1801626198	267.409
7237	168788.6044020803	104377.12733375281	267.533
7238	168789.2099616001	104377.0455097016	267.553
7239	168789.8188205221	104377.00522295479	267.58799999999997
7240	168791.09558778143	104376.89890628215	267.601
7241	168791.73143141475	104376.79123681039	267.591
7242	168792.38089707316	104376.6969633596	267.57599999999996
7243	168793.01299658522	104376.60596507229	267.578
7244	168793.59482543136	104376.51219266653	267.578
7245	168794.1987417302	104376.491353916	267.6
7246	168794.79502583534	104376.37724108994	267.659
7247	168795.37824352333	104376.29404058214	267.63
7248	168795.9144282599	104376.20010603219	267.618
7249	168797.11189581666	104376.1316972822	267.672
7250	168797.74095458759	104376.06015381683	267.7
7251	168798.37051954528	104376.0801907843	267.73
7252	168798.98560305886	104375.99432334397	267.78
7253	168799.6409476604	104375.95160781313	267.77
7254	168800.96645106628	104375.74499008711	267.725
7255	168801.63121036894	104375.66208047979	267.749
7256	168802.24423029352	104375.55488718022	267.745
7257	168803.5422332641	104375.39359072968	267.762
7258	168804.14038275465	104375.35660437774	267.755
7259	168804.72045288217	104375.32289060391	267.757
7260	168805.30918763	104375.29272999242	267.78
7261	168805.89734067215	104375.2924138289	267.836
7262	168806.4662981472	104375.2082368657	267.877
7263	168807.06013949742	104375.17939230148	267.904
7264	168807.7047269463	104375.11995511316	267.874
7265	168808.3616665958	104375.13008012064	267.808
7266	168809.00242794084	104375.0769324461	267.79400000000004
7267	168809.57441657464	104375.00945096184	267.832
7268	168810.20062364356	104375.00445085205	267.884
7269	168810.81452146824	104374.91783903632	267.972
7270	168811.44426479616	104374.92119384371	268.03700000000003
7271	168812.08272815164	104374.87916125916	268.10200000000003
7272	168812.74752744523	104374.88523640111	268.077
7273	168813.41759839526	104374.87965135742	268.077
7274	168814.08714108987	104374.92226375453	268.10200000000003
7275	168814.717620074	104374.95268729609	268.16
7276	168815.3497591866	104374.95086041	268.195
7277	168815.97699248625	104374.9914685348	268.225
7278	168816.60271749605	104374.9549525734	268.258
7279	168817.26882561384	104374.96066218242	268.226
7280	168817.94471105185	104374.8577730339	268.23400000000004
7281	168818.56110122832	104374.772283284	268.21
7282	168819.178705832	104374.6795680495	268.236
7283	168819.79138945078	104374.56681412458	268.275
7284	168820.37316549083	104374.521429101	268.339
7285	168820.94684292536	104374.38035832718	268.345
7286	168821.54335697374	104374.30202799384	268.41
7287	168822.15277191083	104374.17257834878	268.437
7288	168822.7746128579	104374.09192843363	268.464
7289	168823.33759713086	104373.98289085273	268.447
7290	168824.52721068874	104373.81713491958	268.569
7291	168825.75783141796	104373.68526486866	268.658
7292	168826.39606529535	104373.60763990879	268.692
7293	168827.02344474645	104373.57391180005	268.681
7294	168827.6420844099	104373.49102646764	268.685
7295	168828.23122505736	104373.41378289647	268.731
7296	168828.80479358826	104373.40340668242	268.801
7297	168829.4261743924	104373.35186083708	268.874
7298	168830.04932209154	104373.40487663727	268.89099999999996
7299	168830.71997039937	104373.40411576442	268.928
7300	168831.32416111746	104373.43982364051	268.91700000000003
7301	168831.95464622462	104373.43521211576	268.916
7302	168832.59888749398	104373.37299599871	268.915
7303	168833.2213868368	104373.3744737478	268.995
7304	168834.43417878327	104373.24235676508	269.125
7305	168834.99978371165	104373.13184670918	269.128
7306	168835.54914368602	104373.04352459684	269.129
7307	168836.127677742	104372.9740301203	269.222
7308	168836.7130573159	104372.8515409492	269.274
7309	168837.92546577228	104372.72702404484	269.337
7310	168838.52328817907	104372.71525232121	269.318
7311	168839.1069176456	104372.65022549871	269.296
7312	168840.1379368981	104372.62535372004	269.416
7313	168840.67505772368	104372.56924490351	269.472
7314	168841.24326950897	104372.56107551046	269.55400000000003
7315	168841.74712428378	104372.43366158102	269.58099999999996
7316	168842.25000221873	104372.34684280585	269.553
7317	168842.79826997063	104372.29818923026	269.634
7318	168843.37136500503	104372.18733602297	269.68
7319	168843.97251257117	104372.14313497674	269.732
7320	168844.61734533324	104372.04848063365	269.733
7321	168845.2363041832	104372.00953395758	269.705
7322	168845.86750086365	104371.97211406566	269.756
7323	168846.46404863018	104371.88451757375	269.79200000000003
7324	168847.09024685947	104371.88211713266	269.85200000000003
7325	168847.74916315379	104371.80475391634	269.903
7326	168848.4231438683	104371.80289488193	269.893
7327	168849.03136456205	104371.77521861903	269.887
7328	168849.62940763708	104371.76826885715	269.909
7329	168850.2527266586	104371.7732737856	270.01
7330	168850.86959604488	104371.65367927123	270.033
7331	168851.46953523887	104371.61503621563	270.07099999999997
7332	168852.08696636342	104371.53789625596	270.04200000000003
7333	168852.6947332593	104371.537469903	270.005
7334	168853.26011358586	104371.52335948031	270.04200000000003
7335	168853.80214055887	104371.45818580128	270.11400000000003
7336	168854.38640656558	104371.44803591818	270.152
7337	168854.99844491456	104371.41648094822	270.159
7338	168855.627068757	104371.50047804881	270.20799999999997
7339	168856.25917083892	104371.47585396189	270.241
7340	168856.88020812528	104371.42078785691	270.23400000000004
7341	168857.54157182283	104371.35715284012	270.242
7342	168858.19555490062	104371.26327434182	270.252
7343	168858.8705733105	104371.23713533767	270.268
7344	168859.52256483978	104371.13509309664	270.28
7345	168860.18419690678	104371.12948383857	270.26099999999997
7346	168860.80132655846	104371.03695713729	270.258
7347	168861.37405542406	104371.02880603075	270.23
7348	168861.9523388008	104370.99638981838	270.242
7349	168862.54189773338	104370.90209644008	270.284
7350	168863.1201400903	104370.88117387332	270.282
7351	168863.73471105716	104370.77288093418	270.265
7352	168864.3689042202	104370.79516685382	270.288
7353	168865.52803910046	104370.74350641295	270.269
7354	168866.66713645784	104370.7108689798	270.258
7355	168867.2352905774	104370.7521990817	270.282
7356	168867.83415655638	104370.68129762914	270.272
7357	168869.02758128179	104370.58063428011	270.38
7358	168869.62995863424	104370.55831557605	270.36
7359	168869.67928769038	104370.55849178135	270.38599999999997
7360	168869.65088056083	104370.52465084102	270.389
7361	168869.64728579664	104370.4994260883	270.395
7362	168869.65489118258	104370.50000940263	270.405
7363	168869.621836063	104370.50285743643	270.376
7364	168869.6294500574	104370.5010308139	270.39
7365	168869.66618768382	104370.53212078847	270.418
7366	168869.664791434	104370.55695694685	270.407
7367	168869.64035884052	104370.54185375664	270.402
7368	168869.64073331514	104370.53684978746	270.405
7369	168869.63582871947	104370.54554520827	270.39599999999996
7370	168869.64559189224	104370.57431424595	270.39599999999996
7371	168869.62643671694	104370.57925112825	270.387
7372	168869.60038206284	104370.58564642072	270.388
7373	168869.59083112975	104370.59729135036	270.394
7374	168869.57677656293	104370.60521256085	270.375
7375	168869.58137257476	104370.61635188013	270.373
7376	168869.58353068933	104370.6111689005	270.376
7377	168869.57927405636	104370.60485071782	270.368
7378	168869.57453534091	104370.6003846312	270.356
7379	168869.57286129543	104370.60315937549	270.348
7380	168869.57900189265	104370.6144895954	270.342
7381	168869.57652161593	104370.6100315759	270.336
7382	168869.59041162702	104370.61490111519	270.346
7383	168869.60034266656	104370.6299525043	270.356
7384	168869.57561870635	104370.62986418977	270.33799999999997
7385	168869.55745385628	104370.65705041587	270.33099999999996
7386	168869.54668877355	104370.64255218953	270.33299999999997
7387	168869.55208074907	104370.63052164204	270.332
7388	168869.5547669715	104370.64387871604	270.32
7389	168869.5590540647	104370.64166945219	270.33799999999997
7390	168869.55541625843	104370.62849435303	270.35900000000004
7391	168869.5437489284	104370.63364336547	270.356
7392	168869.54694901814	104370.63625014108	270.367
7393	168869.5455984592	104370.64829512779	270.371
7394	168869.5388943316	104370.66161866393	270.369
7395	168869.53910822343	104370.6682931697	270.366
7396	168869.53338746406	104370.6725365119	270.371
7397	168869.53949726577	104370.65921085514	270.383
7398	168869.5569697872	104370.65945864841	270.392
7399	168869.54365357454	104370.66033799108	270.39
7400	168869.530824742	104370.65788220521	270.395
7401	168869.5353694309	104370.65011240449	270.399
7402	168869.53904829218	104370.6517939847	270.401
7403	168869.52845935727	104370.65453688521	270.39599999999996
7404	168869.52714058317	104370.65768366493	270.394
7405	168869.52725150215	104370.6599086402	270.406
7406	168869.53090718735	104370.66807849612	270.404
7407	168869.5331411253	104370.67494559567	270.41700000000003
7408	168869.5491899131	104370.67444677651	270.425
7409	168869.5720090466	104370.64208649192	270.442
7410	168869.5888723391	104370.6132271802	270.464
7411	168869.70143801247	104370.64681259729	270.488
7412	168870.09070728198	104370.48580872826	270.531
7413	168870.56394671698	104370.47711784765	270.545
7414	168871.1417895265	104370.40169250965	270.572
7415	168871.71725239936	104370.32700025477	270.61400000000003
7416	168873.0925993985	104370.07757007703	270.586
7417	168873.78355127605	104370.05000684876	270.59
7418	168874.40958095324	104369.96177730896	270.673
7419	168875.7226688637	104369.80463083368	270.755
7420	168876.39043118438	104369.74676786829	270.796
7421	168877.0610785433	104369.5800962327	270.822
7422	168877.74807294033	104369.49579257704	270.778
7423	168878.43003669937	104369.35567114037	270.718
7424	168879.0980339125	104369.2653675545	270.714
7425	168879.76404859597	104369.13112150412	270.714
7426	168880.39147610942	104369.01768575516	270.749
7427	168881.0454002588	104368.94049421698	270.811
7428	168882.33509072737	104368.77807506733	270.879
7429	168882.98697756988	104368.6057756748	270.9
7430	168883.6628648783	104368.46971158963	270.849
7431	168884.30146697108	104368.32276215963	270.897
7432	168884.95456299884	104368.31100788247	270.86
7433	168886.21505842172	104368.20224600006	270.783
7434	168886.8260487704	104368.16475874651	270.813
7435	168887.40540638947	104368.13123686146	270.835
7436	168888.65494043657	104368.12940161023	270.843
7437	168889.30068761457	104368.14505808614	270.803
7438	168889.94430453607	104368.05837632343	270.836
7439	168890.5483092624	104368.04644719325	270.807
7440	168891.17857260533	104368.03757814318	270.796
7441	168891.7818427353	104367.99839541782	270.885
7442	168892.43674301717	104367.98071630392	270.92
7443	168893.05685518892	104367.88542329986	270.948
7444	168893.69520006768	104367.87695421651	270.945
7445	168894.35895818824	104367.74233116582	270.922
7446	168895.03023239132	104367.66650107969	270.85900000000004
7447	168895.6962330983	104367.53633538261	270.841
7448	168896.33892928675	104367.47449225001	270.791
7449	168896.99150241737	104367.37634971552	270.768
7450	168897.65673166016	104367.26249508932	270.79400000000004
7451	168898.30768730625	104367.18455353752	270.867
7452	168898.9886186051	104367.03423505742	270.849
7453	168899.65092899126	104366.97209173534	270.881
7454	168900.28727422297	104366.89131742716	270.925
7455	168900.90582923175	104366.89909199998	270.94599999999997
7456	168901.4970335439	104366.81037029251	270.953
7457	168902.08975818142	104366.79506524839	270.94599999999997
7458	168902.63310227037	104366.69430798478	270.94599999999997
7459	168903.23494692286	104366.65493608266	270.923
7460	168903.88507676142	104366.60850714706	270.908
7461	168904.51908682397	104366.582412594	270.95599999999996
7462	168905.14891471504	104366.56242074631	270.969
7463	168905.7627361595	104366.49788007978	270.968
7464	168906.37806592244	104366.51009290665	271.01
7465	168906.96654443222	104366.41913747601	271.087
7466	168907.58988585218	104366.38484830968	271.067
7467	168908.18984522924	104366.30765235331	271.08099999999996
7468	168909.391899052	104366.1877492806	271.093
7469	168909.94073851994	104366.14577844087	271.051
7470	168911.06237311618	104366.04412604868	271.041
7471	168912.27592043066	104365.90127744712	271.124
7472	168912.90876181703	104365.83643493708	271.153
7473	168913.55372935254	104365.70471312292	271.155
7474	168914.21288315428	104365.62791516352	271.154
7475	168914.82047725882	104365.50996331964	271.178
7476	168915.42920627684	104365.40703152306	271.168
7477	168916.0897600191	104365.37083740626	271.2
7478	168916.69064666264	104365.3003194714	271.24
7479	168917.33752892463	104365.26463270001	271.289
7480	168917.97789342407	104365.12381123658	271.297
7481	168918.63079001973	104365.06831031386	271.348
7482	168919.84195181017	104364.89468153659	271.35900000000004
7483	168920.41565290946	104364.78124348633	271.307
7484	168921.04549100317	104364.6589228632	271.303
7485	168921.61723054864	104364.5621622689	271.366
7486	168922.20442658727	104364.43116148934	271.367
7487	168923.43495838094	104364.25908596907	271.353
7488	168924.05360333083	104364.20865370892	271.351
7489	168924.6780209139	104364.1063353233	271.363
7490	168925.91845785617	104363.95654166769	271.349
7491	168926.5370139105	104363.86458387878	271.363
7492	168927.17986296688	104363.82665927429	271.402
7493	168927.81036603736	104363.717874703	271.397
7494	168928.4125804084	104363.70816805586	271.402
7495	168929.01948042458	104363.61820798554	271.389
7496	168929.60060054797	104363.59062924329	271.325
7497	168930.19376460765	104363.55234158877	271.31
7498	168930.785315098	104363.46677587647	271.33099999999996
7499	168931.427747236	104363.41253670584	271.345
7500	168932.04790788636	104363.27090301085	271.313
7501	168932.70119395474	104363.23950484302	271.255
7502	168933.36060873495	104363.12322389707	271.21
7503	168933.98614936776	104363.10563007277	271.16
7504	168934.61813412863	104363.01464826427	271.135
7505	168935.20620576167	104362.93796890043	271.126
7506	168935.8382297696	104362.83604985662	271.177
7507	168936.39645111578	104362.69716075528	271.192
7508	168936.9756417992	104362.61099528708	271.222
7509	168937.59280124502	104362.44451033045	271.2
7510	168938.27537893766	104362.36594552081	271.21
7511	168938.8972731306	104362.20503914263	271.177
7512	168939.54197657845	104362.1472868463	271.143
7513	168940.15295616802	104362.07995924819	271.159
7514	168940.75989711998	104361.97869238723	271.187
7515	168941.40788321322	104361.86737677176	271.20599999999996
7516	168942.0211109041	104361.73665690795	271.26099999999997
7517	168942.64135252312	104361.73832479957	271.29400000000004
7518	168943.26691342355	104361.68198736664	271.297
7519	168943.92506779174	104361.68527441751	271.284
7520	168944.55975887927	104361.60208953544	271.325
7521	168945.22881311184	104361.58224312216	271.282
7522	168945.8902895034	104361.48784617055	271.269
7523	168946.4911690179	104361.41955617256	271.238
7524	168947.14221772662	104361.34922160022	271.242
7525	168947.71643997004	104361.19018447306	271.241
7526	168948.32013456905	104361.09928820841	271.256
7527	168948.95930194238	104360.92806359194	271.226
7528	168949.5832562468	104360.82259499095	271.22
7529	168950.16870766104	104360.68120967131	271.22900000000004
7530	168950.763466174	104360.5962138446	271.219
7531	168951.3701920291	104360.55501110014	271.278
7532	168952.00544093945	104360.51520843059	271.28700000000003
7533	168952.60552128687	104360.53719714656	271.357
7534	168953.2077399669	104360.4270164473	271.356
7535	168953.8607781479	104360.39858610556	271.283
7536	168954.50861678028	104360.26224503294	271.251
7537	168955.18387504306	104360.20293583442	271.203
7538	168955.86191486628	104360.06410795078	271.087
7539	168957.15952860168	104359.91434139293	271.16700000000003
7540	168957.72619048582	104359.74230150133	271.178
7541	168958.31354697203	104359.66636366118	271.157
7542	168958.86874904626	104359.5409989534	271.171
7543	168959.45234090384	104359.48729353398	271.155
7544	168960.62732942236	104359.35803586338	271.279
7545	168961.22596176463	104359.3529546326	271.342
7546	168961.8171859192	104359.25923442096	271.363
7547	168963.09565486643	104359.17780644912	271.37
7548	168963.76233084305	104359.15832460392	271.342
7549	168964.41534779815	104359.069646433	271.3
7550	168965.0588229285	104358.99001778662	271.3
7551	168965.66565490607	104358.91934136674	271.372
7552	168966.27227473076	104358.80843642727	271.388
7553	168966.91983006772	104358.7842517905	271.385
7554	168967.58026243036	104358.71599261649	271.35900000000004
7555	168968.28424920925	104358.66716961563	271.305
7556	168969.6049438942	104358.5449254755	271.286
7557	168970.25221051063	104358.43565000407	271.303
7558	168970.88469885723	104358.3040757319	271.311
7559	168971.4877669399	104358.25544688664	271.361
7560	168972.1013177797	104358.13437150884	271.345
7561	168972.77199438337	104358.09321550559	271.316
7562	168973.4384603842	104357.96676887665	271.23900000000003
7563	168974.10550875962	104357.84366129432	271.192
7564	168974.78884773032	104357.71894387715	271.14099999999996
7565	168975.426743832	104357.63725725189	271.161
7566	168976.08406830273	104357.60699122772	271.187
7567	168976.7084996777	104357.50134214852	271.205
7568	168977.34865027075	104357.48695741594	271.218
7569	168977.98236318366	104357.37856110744	271.21
7570	168978.6641640339	104357.28498278838	271.207
7571	168979.26113686585	104357.2456020154	271.194
7572	168979.88775978723	104357.25786395557	271.17900000000003
7573	168980.5280295916	104357.2764779795	271.259
7574	168981.15388409016	104357.23794271797	271.31
7575	168981.78625281746	104357.27210057061	271.363
7576	168982.41034307232	104357.16218716	271.36
7577	168983.0723627723	104357.04925863072	271.334
7578	168983.75412454666	104356.90043707378	271.308
7579	168984.392439058	104356.83469585888	271.312
7580	168985.01134491857	104356.74515611306	271.285
7581	168985.64290051255	104356.64175827056	271.311
7582	168986.2965344681	104356.54696741514	271.421
7583	168986.88515047758	104356.38539091777	271.409
7584	168987.5074895413	104356.29975681566	271.38
7585	168988.11634259048	104356.19609228801	271.35400000000004
7586	168988.75626538636	104356.14592944458	271.283
7587	168989.38343268255	104356.07291887514	271.243
7588	168990.00204192585	104356.03287556209	271.224
7589	168991.32803342145	104355.92548641283	271.263
7590	168992.64704497354	104355.6766262576	271.29900000000004
7591	168993.27956288937	104355.63626256585	271.316
7592	168993.91491314585	104355.5354746962	271.35200000000003
7593	168994.55935985397	104355.51647294872	271.337
7594	168995.1847374432	104355.41231250297	271.342
7595	168995.80523444878	104355.34317172505	271.376
7596	168996.4234130299	104355.29070703778	271.43
7597	168997.64164580134	104355.16847220156	271.467
7598	168998.90714825573	104355.02416184079	271.444
7599	168999.53762835346	104354.88943227567	271.404
7600	169000.11716068554	104354.77491153218	271.361
7601	169001.26901232117	104354.60145880748	271.387
7602	169001.84159268183	104354.53603940085	271.42900000000003
7603	169002.41356838666	104354.40740271751	271.45
7604	169003.0232616778	104354.36769961752	271.461
7605	169003.66531742926	104354.253404174	271.441
7606	169004.9219031989	104354.07662137225	271.411
7607	169006.12731045645	104353.98418880068	271.475
7608	169007.332717714	104353.8917562291	
7609	169007.9184355262	104353.8468424431	
7610	169008.5041533384	104353.8019286571	
7611	169009.08987115062	104353.75701487111	
7612	169009.67558896283	104353.71210108511	
7613	169010.26130677504	104353.66718729911	
7614	169010.84702458724	104353.62227351312	
7615	169011.43274239945	104353.57735972712	
7616	169012.01846021166	104353.53244594112	
7617	169012.60417802387	104353.48753215512	
7618	169013.18989583608	104353.44261836912	
7619	169013.7756136483	104353.39770458313	
7620	169031.30052902031	104350.58074235544	272.57099999999997
7621	169031.3158299642	104350.58988118265	272.57
7622	169031.361400909	104350.61043734476	272.582
7623	169031.39888832174	104350.63114976417	272.591
7624	169031.39171965193	104350.64131993335	272.57599999999996
7625	169031.3773288847	104350.67649061605	272.569
7626	169031.3825048777	104350.69152518269	272.567
7627	169031.55645941873	104350.6441380065	272.562
7628	169031.95559360593	104350.5182187017	272.58099999999996
7629	169032.49775053625	104350.45120994933	272.643
7630	169033.03288111085	104350.288889735	272.626
7631	169033.64491032762	104350.29387556389	272.62
7632	169034.28278551792	104350.2514968738	272.61
7633	169034.89176898537	104350.24405130092	272.642
7634	169035.57215334044	104350.2142465068	272.64799999999997
7635	169036.2304447647	104350.14691508748	272.698
7636	169036.93641598598	104350.10867511574	272.77099999999996
7637	169037.63455950326	104350.03258915432	272.81
7638	169038.34825167348	104349.9958602488	272.844
7639	169039.0229687859	104349.8564748792	272.874
7640	169039.69451445856	104349.80550524872	272.931
7641	169040.36661785643	104349.69873781689	272.996
7642	169041.03923729225	104349.67965787835	273.041
7643	169041.680306772	104349.57555948012	273.10400000000004
7644	169042.34274395372	104349.51232215855	273.10900000000004
7645	169043.0340649236	104349.41637647338	273.11400000000003
7646	169043.71248828172	104349.33706874028	273.087
7647	169044.44504289964	104349.27779208496	273.132
7648	169045.11437378923	104349.1817673957	273.186
7649	169045.78063805625	104349.14505388867	273.277
7650	169046.459369966	104349.07909510192	273.35200000000003
7651	169047.1534440376	104349.07677765284	273.387
7652	169047.81511891747	104348.96126061864	273.469
7653	169048.48309815337	104348.91046462394	273.495
7654	169049.14514639231	104348.79031456262	273.478
7655	169050.48308553066	104348.5350486869	273.505
7656	169051.13009661774	104348.4315290004	273.47900000000004
7657	169051.81061501597	104348.36465043575	273.496
7658	169053.06795670427	104348.27575271204	273.603
7659	169054.30328898726	104348.02734761965	273.699
7660	169054.88952235042	104347.8021841459	273.726
7661	169055.5277270139	104347.66860139184	273.737
7662	169056.14774726203	104347.53439697716	273.763
7663	169056.82116984134	104347.49048079271	273.77299999999997
7664	169057.47052907138	104347.39512714837	273.779
7665	169058.1192898071	104347.33388165943	273.76
7666	169059.38751484512	104347.22667190619	273.835
7667	169060.03622794786	104347.21158652939	273.877
7668	169060.6758534669	104347.14548846614	273.945
7669	169062.03026207286	104347.06991982087	274.05
7670	169062.68437145045	104347.07469008397	274.057
7671	169063.34342698808	104346.9934611572	274.062
7672	169063.9686118349	104346.91044164728	274.052
7673	169064.62508268974	104346.78786343057	274.03700000000003
7674	169065.95039499993	104346.57333986647	274.127
7675	169066.6245684698	104346.42023780383	274.14099999999996
7676	169067.2943970068	104346.31828549877	274.154
7677	169068.56552799238	104346.03182430658	274.205
7678	169069.17045884003	104345.89589851256	274.289
7679	169069.8011431864	104345.8041865984	274.258
7680	169070.43230527928	104345.67892239895	274.242
7681	169071.06368974116	104345.5579228513	274.269
7682	169072.28178905477	104345.34208691958	274.32
7683	169072.9271844977	104345.29121247027	274.35900000000004
7684	169073.5242489849	104345.16119098663	274.35400000000004
7685	169074.80677758332	104345.04328442737	274.365
7686	169075.44146474343	104344.9623397803	274.32599999999996
7687	169076.11535486788	104344.88783974852	274.30400000000003
7688	169076.7516076976	104344.76834151614	274.317
7689	169077.44339906704	104344.7070683986	274.361
7690	169078.0774165622	104344.54826132674	274.365
7691	169078.76181249268	104344.46119361557	274.39
7692	169079.37869092994	104344.27562983241	274.42400000000004
7693	169080.0415052552	104344.20702251513	274.392
7694	169081.31385460385	104344.01140582282	274.388
7695	169081.94471618705	104343.93656573538	274.36
7696	169082.58719281404	104343.83822419867	274.389
7697	169083.24962988024	104343.77536275238	274.45099999999996
7698	169083.8983294306	104343.63255224098	274.465
7699	169084.55332085417	104343.5577996308	274.464
7700	169085.19355653916	104343.45463038888	274.503
7701	169085.82080905812	104343.42464009952	274.476
7702	169086.42411837424	104343.31002931204	274.487
7703	169086.99913131254	104343.16417222936	274.466
7704	169087.61816884144	104343.0062390808	274.501
7705	169088.14616255902	104342.84593783878	274.56
7706	169088.7602424974	104342.80996808596	274.563
7707	169089.36108390035	104342.68756268453	274.587
7708	169090.00288840773	104342.643721845	274.561
7709	169090.626860461	104342.53474765364	274.631
7710	169091.2161706142	104342.41267155204	274.619
7711	169091.8131042869	104342.28617390897	274.693
7712	169092.3938840147	104342.12346851267	274.733
7713	169092.98083195454	104342.03011823725	274.775
7714	169093.57889017477	104341.85561099183	274.774
7715	169094.30525613955	104341.73310369067	274.769
7716	169094.83195312053	104341.53701975383	274.687
7717	169095.38198388478	104341.39682011306	274.637
7718	169095.94529306653	104341.2991209412	274.658
7719	169096.50903660094	104341.1799191162	274.665
7720	169097.09927794756	104341.16203156859	274.7
7721	169097.63318083118	104341.04420504533	274.703
7722	169098.22515041253	104340.97571465652	274.684
7723	169098.74129560209	104340.80499025993	274.627
7724	169099.32090873283	104340.66916175466	274.61400000000003
7725	169099.9214822976	104340.58809670527	274.66
7726	169100.50555876517	104340.46711500548	274.66
7727	169101.09930563098	104340.43311236426	274.666
7728	169101.66528079257	104340.28852186352	274.682
7729	169102.24705955177	104340.2112821322	274.681
7730	169102.8117149386	104340.13583436701	274.65
7731	169103.34384512188	104340.01522128563	274.689
7732	169103.83890144964	104339.92394988332	274.70599999999996
7733	169104.2402836894	104339.76875383593	274.699
7734	169104.58707112493	104339.75462126173	274.707
7735	169104.63759073	104339.68862268236	274.65
7736	169104.6018275167	104339.68422956951	274.601
7737	169104.60870384175	104339.72207230795	274.593
7738	169104.65873652854	104339.75784653705	274.61
7739	169104.6905901084	104339.79151582625	274.605
7740	169104.7370333531	104339.83376543503	274.598
7741	169104.7526114881	104339.83196795546	274.60400000000004
7742	169104.7029256073	104339.73316519335	274.577
7743	169104.6468473163	104339.65992199071	274.565
7744	169104.62267865724	104339.67058672942	274.589
7745	169104.66367269863	104339.57619029656	274.573
7746	169104.707572222	104339.5329697337	274.569
7747	169104.74050189296	104339.4991639657	274.573
7748	169104.7999254537	104339.50197421107	274.58099999999996
7749	169104.8010935331	104339.54053783137	274.593
7750	169104.75406595282	104339.59412845876	274.593
7751	169104.68506138847	104339.61111941375	274.579
7752	169104.6330450567	104339.59795457777	274.558
7753	169104.5746542132	104339.57253150083	274.528
7754	169104.68845110683	104339.5612639878	274.54
7755	169105.90472807636	104344.87870294694	274.803
7756	169105.91949614807	104344.73934929632	274.832
7757	169105.96011902243	104344.68184249848	274.818
7758	169105.981408735	104344.67839724477	274.85900000000004
7759	169105.99298891533	104344.76315857656	274.861
7760	169106.00933895132	104344.81086080894	274.843
7761	169105.97091829282	104344.78532456048	274.837
7762	169105.90860245662	104344.79344136454	274.856
7763	169105.87593629732	104344.75439305976	274.856
7764	169105.6449749308	104344.7878533816	274.858
7765	169105.26922405732	104344.88956669439	274.871
7766	169104.73300379966	104344.89226201456	274.921
7767	169104.18119263506	104344.9989001546	274.895
7768	169103.59541227738	104345.03237510938	274.83299999999997
7769	169102.97647194425	104345.09761588182	274.808
7770	169102.37690763423	104345.19555396773	274.83
7771	169101.75857954117	104345.22297922336	274.844
7772	169101.15812511902	104345.3698550053	274.83299999999997
7773	169100.53119381037	104345.40966986865	274.825
7774	169099.90596911992	104345.56924757548	274.815
7775	169099.25176440238	104345.59079657495	274.775
7776	169098.60398964692	104345.67502792738	274.726
7777	169097.94567406017	104345.74865449034	274.661
7778	169097.30156407921	104345.83846070059	274.642
7779	169096.67926711694	104345.94447404798	274.64
7780	169096.0583712609	104345.99172652792	274.628
7781	169095.4587839908	104346.12896624394	274.627
7782	169094.8483011843	104346.15642066207	274.616
7783	169094.22672929632	104346.2262874851	274.586
7784	169093.6097159902	104346.21886667702	274.514
7785	169092.97658076754	104346.2321504252	274.48900000000003
7786	169092.3856860449	104346.26653504744	274.502
7787	169091.75933019843	104346.27873115335	274.496
7788	169091.1356655841	104346.40142456442	274.468
7789	169089.8341329987	104346.64680112433	274.435
7790	169089.22437948335	104346.73562017642	274.392
7791	169087.99211028742	104346.99107270222	274.293
7792	169087.36059601945	104347.11503586825	274.297
7793	169086.63630391564	104347.22309183888	274.25
7794	169086.4252920558	104347.39380754996	274.257
7795	169086.36687107262	104347.37672674004	274.277
7796	169086.30840387492	104347.37243710365	274.293
7797	169086.3208037336	104347.39491309412	274.296
7798	169086.2983555271	104347.39001206495	274.30400000000003
7799	169086.24484787154	104347.3948240513	274.324
7800	169086.32264664554	104347.41123334318	274.29400000000004
7801	169086.36986312538	104347.40398866497	274.281
7802	169086.36002744612	104347.32980044	274.268
7803	169085.9485348369	104347.15813332889	274.257
7804	169085.64847256284	104347.13665726036	274.251
7805	169085.30137899678	104347.03826326225	274.3
7806	169084.89834849793	104347.123565875	274.27099999999996
7807	169084.35811081855	104347.15257294569	274.27299999999997
7808	169083.25567144222	104347.33489905018	274.267
7809	169082.66824411482	104347.42954634316	274.293
7810	169082.01629551148	104347.58346816897	274.293
7811	169080.7122111546	104347.71278879233	274.263
7812	169080.04879587854	104347.75043510739	274.268
7813	169079.45328177046	104347.84616583772	274.232
7814	169078.99674470583	104347.83728711586	274.13
7815	169078.83276864217	104347.8533792654	274.13599999999997
7816	169078.74015819828	104347.85693781637	274.164
7817	169078.68179148462	104347.89065187983	274.155
7818	169078.68690471828	104347.8901142031	274.152
7819	169078.7120509929	104347.87203760725	274.14
7820	169078.62818737334	104347.85634805076	274.171
7821	169078.62157002918	104347.81257406622	274.163
7822	169078.61550751294	104347.77973960713	274.14599999999996
7823	169078.60038819636	104347.85198387317	274.138
7824	169078.60038424042	104347.91890666261	274.144
7825	169078.56445727882	104347.86112319771	274.166
7826	169078.53113398075	104347.80650062393	274.173
7827	169078.3957546444	104347.80360174365	274.183
7828	169078.26883254666	104347.82872605138	274.129
7829	169078.26022156412	104347.74453165103	274.10900000000004
7830	169078.25027634416	104347.73355821427	274.144
7831	169078.20721616165	104347.74193026498	274.16
7832	169078.15138208336	104347.73264492024	274.176
7833	169078.15722755867	104347.69392125122	274.185
7834	169078.14059067765	104347.6597509319	274.186
7835	169078.13454690386	104347.6217258526	274.193
7836	169078.1190615571	104347.63075363077	274.218
7837	169078.17547687708	104347.61075076368	274.209
7838	169078.1380254748	104347.6130254725	274.235
7839	169078.15652634864	104347.6247713361	274.24
7840	169078.16426771626	104347.65353345871	274.241
7841	169078.18484658035	104347.68234194443	274.249
7842	169078.14420789725	104347.67848754674	274.242
7843	169077.87528107426	104347.65916356072	274.193
7844	169077.44729630966	104347.74233742524	274.214
7845	169076.26859056822	104347.81316052936	274.207
7846	169074.9999816603	104347.96077807155	274.111
7847	169074.37012752987	104348.05304850545	274.097
7848	169073.70736034034	104348.1416779263	274.08799999999997
7849	169073.06581698824	104348.27802716196	274.086
7850	169072.40370173551	104348.3507162705	274.075
7851	169071.77262237735	104348.51898909546	274.04200000000003
7852	169071.09889313582	104348.5819965927	273.992
7853	169070.47297526227	104348.73638457712	273.932
7854	169069.84600059906	104348.85424862336	273.887
7855	169069.23447783315	104348.97235389613	273.834
7856	169068.60932459444	104349.04665995855	273.802
7857	169067.27087825228	104349.24463647325	273.795
7858	169066.61310703735	104349.33235790674	273.79900000000004
7859	169065.96935663285	104349.52042153478	273.759
7860	169065.28884221165	104349.5861860048	273.731
7861	169064.61989458968	104349.74060476758	273.66200000000003
7862	169063.30489592382	104350.02894780319	273.546
7863	169062.67234338113	104350.17738055438	273.547
7864	169062.0161976822	104350.2758605592	273.566
7865	169060.66486424798	104350.48769587185	273.56
7866	169059.99300342484	104350.62597649917	273.573
7867	169059.33393222454	104350.6128464872	273.54
7868	169058.66239630786	104350.69403088558	273.47900000000004
7869	169058.00440409107	104350.71130753309	273.42
7870	169057.3298144824	104350.78228509054	273.365
7871	169056.6722721642	104350.83960597869	273.375
7872	169055.9827464748	104350.86622359231	273.407
7873	169055.33970563055	104350.95659490395	273.369
7874	169054.67630298837	104350.99090756662	273.373
7875	169054.0528989307	104351.1076740697	273.353
7876	169053.42993990245	104351.16697391681	273.306
7877	169052.8062057527	104351.3423199961	273.268
7878	169052.16602047085	104351.43196046539	273.189
7879	169051.49966458185	104351.5600660257	273.158
7880	169050.85945060258	104351.65767796338	273.127
7881	169050.1696211388	104351.70264802966	273.124
7882	169049.5082349606	104351.83707474452	273.093
7883	169048.8183687673	104351.89224084932	273.079
7884	169048.1651675494	104352.06432973128	273.02099999999996
7885	169047.4840700507	104352.1271282779	273.002
7886	169046.86054742275	104352.24389519542	272.911
7887	169046.22749105032	104352.30149105005	272.905
7888	169045.5752992362	104352.39145978633	272.921
7889	169044.93714284687	104352.51188181061	272.902
7890	169044.3345983221	104352.54678593483	272.92400000000004
7891	169043.72756948383	104352.63858614955	272.922
7892	169043.06622794305	104352.66178479604	272.858
7893	169042.4050418683	104352.74078397918	272.783
7894	169041.7510673408	104352.76475087181	272.717
7895	169041.09118815255	104352.84394031484	272.668
7896	169039.79868285774	104352.96033602022	272.697
7897	169039.11822588794	104353.07634250354	272.69
7898	169038.4126010071	104353.08455159422	272.65
7899	169037.00487958282	104353.27635387797	272.562
7900	169036.3597217856	104353.39360021148	272.52
7901	169035.7192726612	104353.42466109246	272.46299999999997
7902	169034.4559237628	104353.531708695	272.507
7903	169033.79216632695	104353.56565193273	272.51
7904	169033.1468530371	104353.69309409056	272.518
7905	169032.44917552976	104353.73896509968	272.45799999999997
7906	169031.7424789063	104353.87971914653	272.444
7907	169031.04170892807	104353.9261353407	272.349
7908	169030.36197615237	104354.07217739709	272.298
7909	169029.73644344014	104354.18615836464	272.293
7910	169029.12006874155	104354.26569139212	272.291
7911	169027.8835323961	104354.42010948155	272.291
7912	169027.24998570952	104354.54796550889	272.237
7913	169026.59158539333	104354.54670641199	272.161
7914	169025.98330902224	104354.65500313975	272.127
7915	169025.3704316094	104354.72064557392	272.142
7916	169024.10637679044	104354.89183517639	272.158
7917	169023.5018827689	104354.94008213375	272.149
7918	169022.9323286797	104355.08930263203	272.112
7919	169021.72945435497	104355.23754039314	272.04200000000003
7920	169021.12797809017	104355.27300715167	272.028
7921	169020.5154933937	104355.29564299993	272.062
7922	169019.8960018261	104355.41557909362	272.055
7923	169019.23600437364	104355.46177288517	272.05400000000003
7924	169018.63220924968	104355.64609309193	272.033
7925	169018.0017754641	104355.76784383226	271.98900000000003
7926	169017.35285882436	104355.90584170073	271.947
7927	169016.70470529978	104355.96394287329	271.865
7928	169016.04767090827	104356.01255769376	271.867
7929	169015.38071939905	104356.10840923339	271.868
7930	169014.69290611494	104356.12187628262	271.861
7931	169014.05123963812	104356.2270880863	271.84
7932	169013.42121446543	104356.26838517655	271.809
7933	169012.7912710161	104356.38605990168	271.751
7934	169012.15437379893	104356.4542127559	271.688
7935	169011.51939379092	104356.5181088103	271.716
7936	169010.90867448758	104356.61175332032	271.724
7937	169010.26676817244	104356.65152497217	271.735
7938	169009.62588066663	104356.80456859991	271.699
7939	169008.95596828236	104356.86444623955	271.647
7940	169008.28264203222	104357.04721975978	271.591
7941	169007.62756653753	104357.11308317166	271.533
7942	169006.9844771316	104357.18436585646	271.526
7943	169006.35066806793	104357.28626999166	271.536
7944	169005.70675331182	104357.35569604672	271.567
7945	169005.0879676696	104357.51085893624	271.553
7946	169004.43341124104	104357.59767274279	271.566
7947	169003.8232008126	104357.78123003058	271.561
7948	169003.18937554775	104357.82158775721	271.527
7949	169002.55303645122	104357.93293771427	271.501
7950	169001.9076337468	104357.95341810491	271.488
7951	169001.27730580288	104358.01288295817	271.431
7952	169000.00768637552	104358.14531351253	271.413
7953	168998.7146090916	104358.38833289128	271.428
7954	168998.0664866747	104358.53708811756	271.413
7955	168997.4292873144	104358.59022573568	271.369
7956	168996.12065200738	104358.79648421984	271.269
7957	168995.4637907839	104358.89626756497	271.241
7958	168994.81598757344	104359.02240776364	271.262
7959	168994.17028687007	104359.09275570884	271.283
7960	168993.534766406	104359.24100065231	271.277
7961	168992.86767596455	104359.3096034117	271.268
7962	168992.2233179995	104359.53549167793	271.217
7963	168991.55619052908	104359.64747379255	271.187
7964	168990.91823225215	104359.81258002017	271.134
7965	168989.59967461642	104360.0677452134	271.04900000000004
7966	168988.97398266	104360.19340946618	271.07599999999996
7967	168988.3300062657	104360.24707996845	271.106
7968	168987.6843942771	104360.35895452183	271.10900000000004
7969	168987.03895661887	104360.38926183153	271.129
7970	168985.72413438684	104360.66353573091	271.058
7971	168985.05794080033	104360.7803419428	271.017
7972	168984.40622122775	104360.87180296052	270.957
7973	168983.08605801448	104361.11083579529	270.969
7974	168982.392685371	104361.18305306509	270.97900000000004
7975	168981.70264587132	104361.35316394828	270.97900000000004
7976	168980.9789592717	104361.42619938683	270.98
7977	168980.2866291288	104361.57220259868	270.95099999999996
7978	168979.60201466104	104361.65501845814	270.923
7979	168978.9275849923	104361.78143569827	270.901
7980	168978.31221448522	104361.87970179971	270.861
7981	168977.68955591865	104361.98832316231	270.877
7982	168977.08128274255	104362.16243602149	270.894
7983	168976.41772588674	104362.27332057524	270.89799999999997
7984	168975.79039437123	104362.45848802477	270.923
7985	168975.14206933443	104362.59779085498	270.909
7986	168974.51409529074	104362.76330568362	270.825
7987	168973.86683545305	104362.90391017031	270.783
7988	168973.25290921907	104363.0303600626	270.783
7989	168972.62540440052	104363.16454729158	270.798
7990	168971.99346856124	104363.20862316899	270.861
7991	168971.3706225435	104363.36952224653	270.867
7992	168970.7086933925	104363.42442808487	270.892
7993	168970.07580712604	104363.56767999195	270.872
7994	168969.45742076027	104363.67835686356	270.83799999999997
7995	168968.83404740118	104363.78753284365	270.835
7996	168968.20496558637	104363.93061325699	270.86400000000003
7997	168967.54761903916	104364.00036648195	270.922
7998	168966.90217219706	104364.16581947636	270.91700000000003
7999	168966.23355784535	104364.26185660996	270.905
8000	168965.5910055074	104364.44882443361	270.862
8001	168964.94193345017	104364.56458235346	270.814
8002	168964.28387050677	104364.63526031747	270.759
8003	168963.6218876875	104364.70518276747	270.77299999999997
8004	168962.96942833642	104364.73806314357	270.82
8005	168962.36285492865	104364.86936061922	270.819
8006	168961.69361363704	104364.90829850733	270.836
8007	168960.9951489767	104365.00849293545	270.79
8008	168959.59392640513	104365.14657840692	270.627
8009	168958.91167562632	104365.20030049514	270.626
8010	168958.23646452653	104365.24663266353	270.644
8011	168956.81960351765	104365.30402170122	270.64099999999996
8012	168956.12888607773	104365.3653144138	270.692
8013	168955.50452763005	104365.38476368226	270.545
8014	168954.85494539674	104365.47716290876	270.574
8015	168954.2471718478	104365.57861054875	270.627
8016	168953.64863808203	104365.65580640733	270.732
8017	168953.0551681316	104365.77936592698	270.736
8018	168952.43179041237	104365.82366022374	270.818
8019	168951.81076836737	104365.94026191253	270.846
8020	168950.47428898487	104366.02315293346	270.764
8021	168949.80858147432	104366.0380053781	270.724
8022	168949.12792404034	104366.07838696055	270.768
8023	168948.49919463333	104366.15658737533	270.812
8024	168947.81744549522	104366.20308279898	270.834
8025	168946.49934936728	104366.39689902589	270.837
8026	168945.83701729972	104366.5643332228	270.82
8027	168945.2329641115	104366.65597000904	270.751
8028	168943.91493998957	104366.82976591121	270.778
8029	168943.23296853964	104366.8719973499	270.85400000000004
8030	168942.57981065617	104367.00034931488	270.835
8031	168941.91726667323	104367.06118875556	270.844
8032	168941.26210342377	104367.18526991177	270.784
8033	168940.598213411	104367.25685683452	270.718
8034	168939.9299970769	104367.34159043152	270.695
8035	168939.27997911337	104367.42305248417	270.728
8036	168938.61012605447	104367.46699640248	270.749
8037	168937.95356379866	104367.58347230032	270.759
8038	168937.28084604343	104367.63074298669	270.782
8039	168936.64196419303	104367.75580998603	270.731
8040	168935.9567382942	104367.84381998051	270.721
8041	168935.32011966943	104367.9344142545	270.70099999999996
8042	168934.68909777366	104367.98906461336	270.69
8043	168934.06220767307	104368.01851794403	270.703
8044	168933.41087107253	104368.10312747955	270.712
8045	168932.7584668213	104368.12081047427	270.76599999999996
8046	168932.1580057957	104368.27159838844	270.806
8047	168931.5620923507	104368.34750845935	270.813
8048	168930.96468937918	104368.47420784552	270.749
8049	168930.32593205327	104368.53142634779	270.733
8050	168929.71063835817	104368.57556690555	270.746
8051	168929.09429141693	104368.68143586814	270.783
8052	168928.45539335202	104368.74477168731	270.807
8053	168927.81771508313	104368.89894899167	270.798
8054	168927.16398879507	104368.9538896596	270.806
8055	168926.51225332	104369.05036304425	270.779
8056	168925.88652942947	104369.15249115229	270.722
8057	168925.2685417647	104369.25186632108	270.753
8058	168924.65465994948	104369.36645757407	270.772
8059	168923.9824392568	104369.40779951308	270.78700000000003
8060	168923.34849981268	104369.51379150618	270.79
8061	168922.68274302184	104369.47618416231	270.762
8062	168922.03232582408	104369.50333005749	270.72
8063	168920.73546314964	104369.57710140105	270.693
8064	168920.03917001406	104369.6687814463	270.66200000000003
8065	168919.3390612193	104369.69741813559	270.67900000000003
8066	168917.98872464977	104369.86628483701	270.577
8067	168917.32101505063	104369.975678863	270.534
8068	168916.71612738073	104370.06824282184	270.52099999999996
8069	168916.1089207999	104370.11130162515	270.57599999999996
8070	168915.53460684218	104370.2632973427	270.58
8071	168914.89236503094	104370.3642553091	270.58299999999997
8072	168914.19922510008	104370.50488818344	270.48900000000003
8073	168913.50484931134	104370.59231217485	270.454
8074	168912.84257909431	104370.67651433032	270.42400000000004
8075	168911.51113266987	104370.88141435664	270.482
8076	168910.84892505486	104371.01455775648	270.494
8077	168910.15758854558	104371.01671748329	270.488
8078	168909.4750821577	104371.10900441278	270.42
8079	168908.7798690742	104371.16472575348	270.372
8080	168907.42720824087	104371.28575834353	270.329
8081	168906.75255688856	104371.34210968856	270.341
8082	168906.04291903687	104371.50919416733	270.39099999999996
8083	168904.62825232872	104371.75124519039	270.308
8084	168903.94888119499	104371.86430680752	270.238
8085	168903.26951006125	104371.97736842465	
8086	168902.7937599676	104372.05654322656	
8087	168902.31800987397	104372.13571802847	
8088	168901.84225978033	104372.21489283038	
8089	168901.3665096867	104372.29406763229	
8090	168900.89075959305	104372.3732424342	
8091	168900.4150094994	104372.45241723611	
8092	168899.93925940577	104372.53159203802	
8093	168899.46350931213	104372.61076683993	
8094	168898.9877592185	104372.68994164185	
8095	168898.51200912485	104372.76911644376	
8096	168898.0362590312	104372.84829124567	
8097	168822.0910950379	104379.30594851263	267.85200000000003
8098	168822.12242585886	104379.31996377371	267.86
8099	168822.1018206297	104379.29820069391	267.873
8100	168822.06352628424	104379.30362570193	267.862
8101	168822.07928248768	104379.3185123764	267.867
8102	168822.14106845093	104379.39214367885	267.903
8103	168821.92559323652	104379.45051268768	267.889
8104	168820.74777311826	104379.57608338725	267.925
8105	168820.09392583338	104379.59896580316	267.91200000000003
8106	168818.81557110677	104379.71713425498	267.827
8107	168818.18796726043	104379.71397157386	267.834
8108	168817.51760899756	104379.76701270323	267.872
8109	168816.83627950246	104379.76328803878	267.89799999999997
8110	168816.15261763474	104379.84705531411	267.893
8111	168814.81827832892	104379.99820864294	267.851
8112	168814.15664679938	104380.03737764992	267.793
8113	168813.48526306957	104380.07799506374	267.763
8114	168812.2106330027	104380.15168676898	267.79
8115	168811.53652402855	104380.22325346991	267.797
8116	168810.8467287299	104380.19354599062	267.805
8117	168810.17606096997	104380.30016225949	267.783
8118	168809.5025390055	104380.30703309365	267.691
8119	168808.81375551753	104380.36038048007	267.623
8120	168808.11872434235	104380.39906056225	267.591
8121	168807.413495934	104380.46402862854	267.6
8122	168806.74459937407	104380.57398850564	267.616
8123	168805.38051377604	104380.66682845447	267.655
8124	168804.72148671286	104380.6422366118	267.649
8125	168804.06296439387	104380.70959596708	267.586
8126	168803.41910009523	104380.76644082647	267.558
8127	168802.78077957442	104380.83535530511	267.594
8128	168802.14943656969	104380.94767400902	267.625
8129	168801.53698434142	104380.99573257845	267.644
8130	168800.91011668535	104381.11974640936	267.616
8131	168800.23002626025	104381.13530798722	267.599
8132	168799.58895609883	104381.20866222493	267.524
8133	168798.94797897473	104381.2558780536	267.467
8134	168798.28206528976	104381.29596071597	267.48900000000003
8135	168797.65782662865	104381.41609126981	267.49
8136	168797.01978686996	104381.47295763344	267.536
8137	168796.42193561763	104381.5933676092	267.529
8138	168795.82128267206	104381.59920179658	267.518
8139	168795.21776274013	104381.67584166024	267.491
8140	168794.58228515933	104381.71417926252	267.439
8141	168793.94757698715	104381.77013093885	267.405
8142	168793.28595933836	104381.87233238202	267.41
8143	168792.6331586677	104381.93526435457	267.457
8144	168792.03836970025	104382.06365713198	267.465
8145	168791.4027237024	104382.08252943773	267.461
8146	168790.75235808702	104382.19607950747	267.411
8147	168790.07584648428	104382.24150156789	267.389
8148	168789.44639353803	104382.29042797443	267.337
8149	168788.79932815384	104382.34503864124	267.322
8150	168788.16764892064	104382.35150487069	267.353
8151	168787.51991077518	104382.42817372456	267.36
8152	168786.89465375	104382.46710474137	267.385
8153	168786.27352839275	104382.58094473183	267.382
8154	168784.93789743824	104382.69465388637	267.378
8155	168783.6467958503	104382.78775896411	267.257
8156	168783.03029732982	104382.83728834242	267.244
8157	168781.7276850289	104382.92497688998	267.293
8158	168781.04844475022	104382.9355386477	267.29400000000004
8159	168779.72024473496	104383.09895783104	267.233
8160	168779.07794230094	104383.1847307412	267.153
8161	168778.48269918966	104383.27382250782	267.145
8162	168777.8850660304	104383.3330593938	267.187
8163	168777.28854403092	104383.44754403923	267.198
8164	168776.05429221698	104383.49840063974	267.16700000000003
8165	168775.39626756762	104383.5262790285	267.129
8166	168774.78570718793	104383.57731352188	267.163
8167	168773.51023434423	104383.62097970676	267.226
8168	168772.84652886653	104383.67534780223	267.23
8169	168772.1560545123	104383.66955718957	267.19
8170	168771.4672257426	104383.73588599078	267.156
8171	168770.81046225756	104383.7433774434	267.118
8172	168770.1821318577	104383.74411088228	267.16
8173	168769.5479253451	104383.79283738043	267.16700000000003
8174	168768.9115118323	104383.76017354708	267.191
8175	168768.25097625522	104383.82567638345	267.171
8176	168766.93253666448	104383.88513431884	267.121
8177	168766.31046561478	104383.93075282872	267.074
8178	168765.63786481495	104383.94616007153	267.11400000000003
8179	168765.00278976985	104384.03863410559	267.151
8180	168764.34059773578	104384.06853825971	267.183
8181	168763.68147350976	104384.20523325074	267.185
8182	168763.0316642086	104384.26280342508	267.11400000000003
8183	168762.3540487872	104384.35141904093	267.09
8184	168761.752857232	104384.40860590804	267.066
8185	168760.5503013704	104384.6051033223	267.091
8186	168759.8886020108	104384.63018986117	267.123
8187	168759.23193389995	104384.71127961949	267.13599999999997
8188	168758.56122773525	104384.66181089822	267.119
8189	168757.89099748665	104384.71263544727	267.065
8190	168757.24256653813	104384.71682129987	267.015
8191	168756.5953825475	104384.7380667748	267.046
8192	168755.98262829753	104384.80448232777	267.07099999999997
8193	168755.3729153275	104384.78433549684	267.10400000000004
8194	168754.76795550183	104384.86505325232	267.08099999999996
8195	168754.12636594631	104384.81717151776	267.07599999999996
8196	168753.48741038647	104384.86440002453	267.012
8197	168752.86865447098	104384.8468167251	267.027
8198	168752.3046926269	104384.83016953338	267.073
8199	168751.73109105063	104384.88374784589	267.121
8200	168751.0879583811	104384.90222764947	267.139
8201	168750.4440651024	104385.03452918865	267.089
8202	168749.79259020166	104385.05909713637	267.073
8203	168749.15403121503	104385.12857337296	267.018
8204	168748.44794252602	104385.2018884113	267.025
8205	168747.73553230776	104385.28129870165	267.11400000000003
8206	168746.48244050422	104385.38251914829	267.172
8207	168745.84512287792	104385.43716965336	267.132
8208	168745.16340855582	104385.44160963595	267.111
8209	168744.5244610488	104385.48661467154	267.091
8210	168743.85375051753	104385.50536825974	267.031
8211	168742.5402364029	104385.55038997252	267.05400000000003
8212	168741.29650913723	104385.59195196815	267.067
8213	168740.67903167388	104385.61608550698	267.035
8214	168740.04784644494	104385.68447670992	266.974
8215	168738.79109325714	104385.74564354215	267.01599999999996
8216	168737.58789635502	104385.78809171543	267.079
8217	168736.9680643498	104385.87283714488	267.043
8218	168736.3614955488	104385.90461052582	266.965
8219	168735.08478063962	104386.06414511334	267.012
8220	168734.4618367942	104386.08788922708	267.067
8221	168733.82506624126	104386.18944468442	267.085
8222	168733.16944654356	104386.1761821108	267.103
8223	168732.51346133716	104386.26599054132	267.051
8224	168731.88942933828	104386.29492178466	267.04200000000003
8225	168731.25357439672	104386.37293732353	267.015
8226	168730.61984523758	104386.45485349745	267.065
8227	168729.9649440137	104386.4401108101	267.089
8228	168728.735033845	104386.40664516669	267.09
8229	168728.11247680394	104386.45541792642	267.005
8230	168727.4487388293	104386.45213788748	267.014
8231	168726.83596092524	104386.49186176434	267.019
8232	168726.236081467	104386.54794502165	267.036
8233	168725.63287461997	104386.53672300279	267.052
8234	168724.99192774505	104386.5757910898	267.065
8235	168724.35283488905	104386.56129051931	267.058
8236	168723.72319385255	104386.66361399088	267.02
8237	168723.1512725897	104386.74630627874	267.009
8238	168722.5835379541	104386.7880441118	267.057
8239	168721.9383480805	104386.85045562405	267.066
8240	168721.27893921937	104386.83310269471	267.126
8241	168720.62663648312	104386.92366717476	267.10400000000004
8242	168719.93736032303	104386.94884635694	267.091
8243	168719.28635462667	104387.04238170478	267.041
8244	168718.61191429154	104387.04036251828	267.008
8245	168717.9484048629	104387.10678800102	266.97900000000004
8246	168717.31077844964	104387.14809336327	266.941
8247	168716.70091522555	104387.13684877194	267.002
8248	168716.10447186584	104387.19609684125	266.999
8249	168715.42509110048	104387.21296949498	266.994
8250	168714.77168916626	104387.34542705957	266.995
8251	168714.0771941993	104387.40099111013	266.943
8252	168713.38850654787	104387.49494983256	266.87
8253	168712.70498920674	104387.53868851997	266.805
8254	168712.06007273486	104387.5910915928	266.83099999999996
8255	168711.46214728727	104387.66609237622	266.863
8256	168710.8456539485	104387.64740970917	266.862
8257	168710.2217581956	104387.70507815108	266.887
8258	168709.59479094233	104387.65669746231	266.902
8259	168708.37583238856	104387.75304250605	266.855
8260	168707.72786558513	104387.82768110372	266.80400000000003
8261	168706.4696351107	104387.93704961147	266.897
8262	168705.8262969584	104388.08085220214	266.901
8263	168704.5644587413	104388.2691809833	266.903
8264	168703.30033573974	104388.36425498594	266.711
8265	168702.6262076048	104388.40839898307	266.661
8266	168701.8971731349	104388.44975333568	266.668
8267	168701.25909599132	104388.55130807962	266.69
8268	168700.61365557738	104388.550320765	266.689
8269	168699.40913853154	104388.66377411596	266.649
8270	168698.78927918084	104388.72294124123	266.621
8271	168698.2191169457	104388.71183931734	266.6
8272	168697.03438403553	104388.81053270213	266.664
8273	168696.43687852635	104388.86774002668	266.723
8274	168695.88712397838	104388.96793959104	266.711
8275	168695.2907931421	104388.96193604823	266.717
8276	168694.69927969272	104389.07255470008	266.661
8277	168694.090283062	104389.11878410168	266.665
8278	168693.491108391	104389.21102299076	266.68
8279	168692.88401060217	104389.32529432885	266.70599999999996
8280	168692.23942241716	104389.41941185389	266.746
8281	168690.98116712246	104389.70396963786	266.717
8282	168690.36659750793	104389.84713436943	266.719
8283	168689.77728992366	104389.90548373945	266.616
8284	168689.16762681163	104389.93854924943	266.651
8285	168688.59621405043	104390.01216336153	266.68
8286	168687.95584483657	104389.98894973006	266.712
8287	168687.34781125988	104390.06540052872	266.692
8288	168686.71138000395	104390.10504536796	266.668
8289	168686.1641591387	104390.16113406233	266.68
8290	168684.99953984746	104390.25285678357	266.757
8291	168684.40909588814	104390.36366574839	266.746
8292	168683.78490317086	104390.40465189796	266.737
8293	168683.17050299482	104390.49998959154	266.702
8294	168682.61239123566	104390.54343417846	266.633
8295	168682.03676355502	104390.5653126007	266.682
8296	168681.45214386444	104390.6425884096	266.694
8297	168680.84329831786	104390.64618208446	266.71
8298	168680.26108500257	104390.74886382278	266.693
8299	168679.69239608667	104390.75816108286	266.633
8300	168679.1053331732	104390.78685851302	266.60200000000003
8301	168678.5344330291	104390.78280059714	266.634
8302	168677.9886209872	104390.74305278808	266.677
8303	168677.47741105623	104390.8007527627	266.705
8304	168677.02155186018	104390.73555505183	266.699
8305	168676.52515939565	104390.80480117351	266.627
8306	168676.03648177453	104390.84367202222	266.66
8307	168675.511315068	104390.84811829682	266.72
8308	168674.96331419575	104390.99040787201	266.711
8309	168674.38402219096	104391.1073749736	266.738
8310	168673.89331402004	104391.31716074981	266.70799999999997
8311	168673.02408675922	104391.43996218313	266.737
8312	168672.3796686515	104391.45251478441	266.71299999999997
8313	168672.296113697	104391.41662615538	266.716
8314	168672.3232292711	104391.41264360398	266.657
8315	168672.33656452261	104391.50723539665	266.675
8316	168672.26007094223	104391.52494703233	266.694
8317	168672.19875967878	104391.51824195124	266.712
8318	168672.25147468632	104396.88244720176	266.974
8319	168672.27537236921	104396.88086324278	266.97
8320	168672.6122649437	104396.80623298697	266.98900000000003
8321	168673.02939310393	104396.73133024108	267.046
8322	168674.13249361495	104396.75840245094	267.115
8323	168674.73510833975	104396.76868961006	267.115
8324	168675.3695660848	104396.74905757606	267.063
8325	168676.00010195823	104396.72922637686	267.066
8326	168676.65228561504	104396.7053933898	267.062
8327	168677.28376628924	104396.65368003398	267.094
8328	168677.9066714736	104396.67404990178	267.122
8329	168678.5150325597	104396.60557059292	267.137
8330	168679.1640269967	104396.64327335823	267.14099999999996
8331	168680.3943847433	104396.65040488355	267.05
8332	168680.9841175133	104396.6732531488	267.063
8333	168681.56069065246	104396.619121545	267.067
8334	168682.69155899298	104396.55860820692	267.07
8335	168683.79607154452	104396.48891818617	266.94599999999997
8336	168684.88550650052	104396.38043029513	266.932
8337	168685.38269550048	104396.25390483625	266.916
8338	168685.9981451593	104396.16413256619	266.851
8339	168686.4336528174	104396.06834775675	266.877
8340	168686.90115359303	104395.86663784087	266.85
8341	168687.9837068948	104395.72104990575	266.79900000000004
8342	168689.08528364834	104395.67489407305	266.823
8343	168690.14961629163	104395.606175513	266.793
8344	168690.5899333851	104395.56212955341	266.768
8345	168691.04168890012	104395.47678398527	266.767
8346	168691.56400030965	104395.43933120556	266.795
8347	168692.05944805034	104395.33467525244	266.834
8348	168692.54807552506	104395.3098947145	266.76099999999997
8349	168693.03814866033	104395.34685143735	266.789
8350	168693.5161335521	104395.3400153527	266.782
8351	168694.0695892055	104395.402964524	266.736
8352	168694.83267883793	104395.31093504187	266.745
8353	168695.35460679873	104395.28108193073	266.802
8354	168695.90074793957	104395.12692345306	266.76599999999996
8355	168696.50150013762	104395.05897542555	266.754
8356	168697.09176732867	104394.99803485442	266.703
8357	168698.12355258857	104395.02393273544	266.71299999999997
8358	168698.6488883001	104395.00521490909	266.765
8359	168699.24529343983	104395.05719375238	266.753
8360	168700.3197896424	104395.005197566	266.685
8361	168700.88692429624	104394.96475289576	266.783
8362	168701.39480252212	104394.87441621255	266.834
8363	168701.97860260477	104394.8607256189	266.844
8364	168702.53239031706	104394.82987372018	266.824
8365	168703.05619861052	104394.83969970513	266.772
8366	168703.62011029647	104394.87024510093	266.815
8367	168704.1476459388	104394.80092640966	266.828
8368	168704.73794027025	104394.79949430656	266.834
8369	168705.90971316447	104394.73505236674	266.758
8370	168706.50271316315	104394.74160145782	266.809
8371	168707.075000434	104394.68949665129	266.857
8372	168707.6844602547	104394.71371542476	266.869
8373	168708.19850192234	104394.69551469292	266.9
8374	168709.19365054168	104394.628037991	266.848
8375	168710.40317580113	104394.44267651439	266.839
8376	168711.5386372975	104394.26020445488	266.812
8377	168712.16196884046	104394.2273753183	266.83799999999997
8378	168712.77739227226	104394.11165263224	266.885
8379	168713.4041393952	104394.0541799767	266.881
8380	168713.99818824447	104393.96600358374	266.808
8381	168714.57136289618	104393.89833066612	266.797
8382	168715.1802107325	104393.89399935491	266.817
8383	168715.7404527871	104393.85316108912	266.867
8384	168716.27521243232	104393.92568619177	266.874
8385	168717.35584996484	104393.85146941524	266.79900000000004
8386	168717.93089100695	104393.82736817375	266.82099999999997
8387	168718.43159305607	104393.78316773195	266.865
8388	168718.93993059194	104393.83168523759	266.901
8389	168719.4836038518	104393.80395075586	266.923
8390	168720.62035149604	104393.72826504894	266.869
8391	168721.13771702026	104393.64426685497	266.937
8392	168721.7022743596	104393.62680260651	266.94599999999997
8393	168722.6338195877	104393.5622545015	266.88
8394	168723.22257080008	104393.56026284955	266.89799999999997
8395	168723.80115957864	104393.47425733507	266.934
8396	168724.9858807206	104393.4122754708	266.935
8397	168725.4521679687	104393.3521962585	266.92
8398	168726.0016781698	104393.32096088212	266.948
8399	168726.59305857355	104393.18086956814	266.934
8400	168727.1752087899	104393.09617471881	266.96299999999997
8401	168728.35645717187	104392.8738261396	266.863
8402	168728.9183891797	104392.82576537505	266.89099999999996
8403	168729.51037116756	104392.7171914028	266.907
8404	168730.1309460105	104392.72439705394	266.909
8405	168730.7737283955	104392.67032018024	266.899
8406	168731.91610953014	104392.6486029448	266.906
8407	168732.51838089622	104392.55471094884	266.966
8408	168733.12573757526	104392.53517511114	266.987
8409	168734.34027791556	104392.4108274607	267.065
8410	168734.96363560588	104392.33721712697	267.024
8411	168735.57142466717	104392.26281012874	267.038
8412	168736.16260855924	104392.24525647797	267.10400000000004
8413	168736.63704247287	104392.20077920519	267.16
8414	168737.16938343822	104392.25142279826	267.185
8415	168737.75746911918	104392.20252882876	267.203
8416	168738.30573726495	104392.11938345525	267.147
8417	168738.91658005596	104392.05536904372	267.188
8418	168739.45905345754	104391.96386105474	267.243
8419	168740.04001091624	104391.98093793541	267.283
8420	168740.63774903078	104391.9252194101	267.35400000000004
8421	168741.23712758737	104391.87618051097	267.309
8422	168741.84438327365	104391.85164001025	267.325
8423	168742.4954175426	104391.78350482881	267.336
8424	168743.79118564373	104391.6473977305	267.387
8425	168744.45488586486	104391.59413827024	267.426
8426	168745.1199628854	104391.48786461446	267.39
8427	168745.7521653035	104391.43412277754	267.401
8428	168746.4002377158	104391.39675092418	267.404
8429	168747.0184915378	104391.35463878792	267.407
8430	168747.67524285006	104391.35029583238	267.395
8431	168748.3529148007	104391.2789190393	267.41200000000003
8432	168749.03371825148	104391.2629825715	267.425
8433	168749.6659163626	104391.17698477395	267.383
8434	168750.29771447182	104391.10322082508	267.303
8435	168750.9525710417	104391.02990956418	267.312
8436	168751.58778952708	104390.93020447064	267.35
8437	168752.21239304493	104390.90758055635	267.376
8438	168752.8357996164	104390.85380834341	267.409
8439	168753.4934036014	104390.9106450919	267.44599999999997
8440	168754.1629788069	104390.87668740097	267.468
8441	168754.77020742514	104390.89330301993	267.453
8442	168755.39182842162	104390.84026629478	267.464
8443	168755.95857407057	104390.77572651673	267.44599999999997
8444	168756.6022153492	104390.71424056217	267.466
8445	168757.26344325862	104390.58737739548	267.45799999999997
8446	168757.94292775114	104390.54122017417	267.453
8447	168758.584764303	104390.41892285366	267.439
8448	168759.22911657888	104390.39154996816	267.383
8449	168759.8541920004	104390.33648684062	267.334
8450	168760.47547327925	104390.24526087474	267.345
8451	168761.0960183999	104390.22744351905	267.421
8452	168761.69609534674	104390.11575040128	267.444
8453	168762.35528536045	104390.09417743329	267.414
8454	168762.98911106613	104390.01856838167	267.421
8455	168763.57872141458	104389.97561491001	267.369
8456	168764.19426239267	104389.89419421926	267.327
8457	168764.7963232677	104389.79288987815	267.353
8458	168765.43234919448	104389.7671566084	267.3
8459	168766.03304069117	104389.68327342067	267.307
8460	168766.63160316137	104389.66333942115	267.301
8461	168767.22359516908	104389.5857284395	267.311
8462	168767.8085284149	104389.48751507886	267.288
8463	168768.42921626827	104389.39610255882	267.335
8464	168768.97905252795	104389.27329424396	267.362
8465	168769.60699441683	104389.24790351558	267.39099999999996
8466	168770.18997848188	104389.16303097364	267.439
8467	168770.81713737664	104389.15728806704	267.369
8468	168771.48779880564	104389.1522559654	267.319
8469	168772.12441229462	104389.09501070157	267.358
8470	168772.77579919263	104389.0951009579	267.431
8471	168773.37299345838	104388.99192647636	267.45
8472	168774.0257873668	104388.96402924974	267.483
8473	168774.6324539589	104388.87126995157	267.48
8474	168775.3023762783	104388.8400968872	267.407
8475	168775.93368929447	104388.80266908184	267.385
8476	168776.49871266814	104388.75462435093	267.382
8477	168777.0936582	104388.7825071523	267.415
8478	168777.72133321458	104388.73190452904	267.443
8479	168778.3899913858	104388.75541496184	267.428
8480	168779.03071674306	104388.74527208973	267.423
8481	168779.6120101296	104388.70136393141	267.381
8482	168780.28258505772	104388.6872489322	267.404
8483	168780.90508981014	104388.5863898648	267.45099999999996
8484	168781.53364593955	104388.55544128362	267.514
8485	168782.17510164593	104388.44018997345	267.541
8486	168782.79795866323	104388.37399875373	267.535
8487	168783.3733649124	104388.31431263126	267.48
8488	168783.94132224357	104388.2434771778	267.507
8489	168784.54685137817	104388.2701007817	267.595
8490	168785.16455354684	104388.18275799882	267.62
8491	168785.80742910394	104388.16965748742	267.603
8492	168786.43250441572	104388.11478287261	267.607
8493	168787.0225847009	104388.07350211404	267.557
8494	168787.66061912608	104388.05130090937	267.612
8495	168788.25402595548	104387.94366547558	267.656
8496	168788.89777628225	104387.88514993712	267.635
8497	168789.51540520182	104387.78501606546	267.651
8498	168790.1067416287	104387.75819989014	267.582
8499	168790.73442382607	104387.77248242777	267.61
8500	168791.34881146136	104387.74815835152	267.686
8501	168791.9871314784	104387.77934861183	267.72700000000003
8502	168792.63292829006	104387.71361092199	267.79200000000003
8503	168793.30569373252	104387.68523097504	267.758
8504	168794.00908643578	104387.60134557076	267.72
8505	168794.6215688284	104387.54457330052	267.694
8506	168795.28550466913	104387.52561665513	267.745
8507	168795.9869334502	104387.42578170076	267.79400000000004
8508	168796.62388739415	104387.33980642632	267.822
8509	168797.20875324504	104387.19395297486	267.805
8510	168797.86885157495	104387.11770005524	267.76099999999997
8511	168798.4888767651	104387.07912248	267.744
8512	168799.08764945404	104387.00024151616	267.756
8513	168799.71263334347	104386.97113619465	267.77099999999996
8514	168800.32024692444	104386.87968088035	267.788
8515	168800.98149724855	104386.88055123389	267.782
8516	168801.63653143198	104386.82448736578	267.76
8517	168802.24467340516	104386.7515723193	267.704
8518	168802.89457267616	104386.70216407068	267.75
8519	168803.49099514462	104386.58230588399	267.809
8520	168804.08802863106	104386.52455280721	267.847
8521	168805.24992205345	104386.33125739358	267.824
8522	168805.8585112159	104386.26631576568	267.779
8523	168806.47728053186	104386.21327488218	267.8
8524	168807.13363966244	104386.21913389675	267.82599999999996
8525	168807.79112263568	104386.1764269881	267.851
8526	168808.429459971	104386.23616807442	267.869
8527	168809.01812554215	104386.22510194499	267.845
8528	168810.20162512225	104386.20651410706	267.79900000000004
8529	168811.39744421374	104386.0329913022	267.907
8530	168811.97445431823	104385.89026299305	267.908
8531	168812.52475161344	104385.80527870357	267.84
8532	168813.13085926356	104385.70288197417	267.83
8533	168813.68201569648	104385.57693151012	267.899
8534	168814.2331721294	104385.45098104607	
8535	168814.7103638462	104385.34193302525	
8536	168815.18755556302	104385.23288500443	
8537	168815.66474727984	104385.1238369836	
8538	168816.14193899665	104385.01478896278	
8539	168816.61913071346	104384.90574094196	
8540	168817.09632243027	104384.79669292114	
8541	168817.57351414708	104384.68764490032	
8542	168818.0507058639	104384.5785968795	
8543	168818.5278975807	104384.46954885867	
8544	168819.0050892975	104384.36050083785	
8545	168887.25617024704	104378.586787506	270.14099999999996
8546	168887.2451164634	104378.58656260278	270.128
8547	168887.26529501553	104378.59460616391	270.123
8548	168887.29105160717	104378.60507962853	270.134
8549	168887.33436266397	104378.65936593991	270.147
8550	168887.45189850818	104378.59935174044	270.135
8551	168887.66981232632	104378.55730770342	270.147
8552	168888.01692247338	104378.61824170128	270.158
8553	168888.94348347827	104378.45304274652	270.111
8554	168889.40762974336	104378.39426797815	270.183
8555	168889.8669633316	104378.28523759544	270.173
8556	168890.44617779757	104378.25820389483	270.19599999999997
8557	168891.06646878517	104378.17903950717	270.225
8558	168892.29881039844	104378.097985656	270.144
8559	168892.9533876012	104378.00411357265	270.158
8560	168893.60085631564	104377.93691111263	270.20099999999996
8561	168894.8832736691	104377.78021584544	270.269
8562	168895.491114773	104377.62592785433	270.27099999999996
8563	168896.16800009116	104377.50970477704	270.27099999999996
8564	168896.8386711365	104377.36954531539	270.269
8565	168897.48474593408	104377.2600713158	270.199
8566	168898.1502396869	104377.17161499895	270.224
8567	168898.78284881057	104377.03836412355	270.252
8568	168899.4186651127	104377.00541630108	270.263
8569	168900.0567853357	104376.89331881236	270.281
8570	168901.3238599886	104376.67279890087	270.318
8571	168901.86299501496	104376.58537398838	270.265
8572	168902.47871656323	104376.55420845095	270.307
8573	168903.07373743822	104376.46160756238	270.355
8574	168903.75286993166	104376.44828034285	270.356
8575	168904.41509483106	104376.37649746798	270.395
8576	168905.0825639677	104376.36720707454	270.366
8577	168905.74685416083	104376.3161945073	270.454
8578	168906.40069807027	104376.22806829493	270.415
8579	168907.5952069713	104375.99042043556	270.524
8580	168908.25336592592	104375.89229928236	270.55
8581	168908.88276858133	104375.69192995969	270.509
8582	168909.5132546792	104375.62059025932	270.526
8583	168910.1559625825	104375.52204327006	270.46
8584	168910.80246158387	104375.42703218479	270.385
8585	168911.45960471116	104375.34707519971	270.406
8586	168912.08147406005	104375.22565189656	270.439
8587	168912.7244637225	104375.18123768643	270.47
8588	168913.35451954653	104375.06410762016	270.551
8589	168914.0288756304	104374.99051555805	270.509
8590	168914.68720485797	104374.91130474955	270.502
8591	168915.31478991098	104374.85348821618	270.485
8592	168915.96285831995	104374.81817629002	270.541
8593	168916.59090151938	104374.69881482236	270.531
8594	168917.2497753592	104374.63350990508	270.54200000000003
8595	168917.88688618355	104374.47154326737	270.564
8596	168918.49682874864	104374.32820296101	270.51599999999996
8597	168919.10761535287	104374.18152887747	270.455
8598	168919.69205841896	104374.02233994287	270.492
8599	168920.31989197095	104373.92837545648	270.541
8600	168920.9438295425	104373.79379849974	270.645
8601	168921.6112040715	104373.74465278257	270.63
8602	168922.28574570507	104373.61934094038	270.59
8603	168922.93350619398	104373.50412924774	270.513
8604	168923.594874443	104373.40620687976	270.52099999999996
8605	168924.19766212828	104373.30251328275	270.56
8606	168924.84294841162	104373.28072534129	270.594
8607	168925.45878606406	104373.18412314635	270.64
8608	168926.15538694573	104373.10597777925	270.582
8609	168926.8149989196	104372.96745092608	270.519
8610	168927.42200082773	104372.81557355355	270.483
8611	168928.06680448126	104372.72945682146	270.52
8612	168928.70706408218	104372.61774120852	270.575
8613	168929.3875637818	104372.58792319894	270.545
8614	168930.03086476398	104372.48993689194	270.502
8615	168930.6844425517	104372.44315284025	270.48400000000004
8616	168931.3176386571	104372.37868456636	270.46299999999997
8617	168931.91589705885	104372.31168119796	270.471
8618	168932.59270009864	104372.25200389978	270.5
8619	168933.2397578228	104372.100826893	270.524
8620	168933.89321822024	104372.02048872877	270.528
8621	168934.53030588196	104371.89838107675	270.49
8622	168935.18993527623	104371.85458537843	270.465
8623	168935.8531248171	104371.74610430934	270.485
8624	168936.43646556453	104371.62936567795	270.504
8625	168937.0620837965	104371.52353080641	270.55
8626	168937.67153923167	104371.35052988585	270.586
8627	168938.3167504349	104371.2171435263	270.628
8628	168938.9143333852	104371.04020716902	270.63599999999997
8629	168939.48675365842	104371.01871592179	270.657
8630	168940.08068010863	104370.93334515207	270.618
8631	168940.66604429684	104370.84905604087	270.606
8632	168941.27591389453	104370.79266211763	270.683
8633	168941.79809247094	104370.6608742373	270.726
8634	168942.36778488124	104370.63770508394	270.732
8635	168942.94396473613	104370.52909828536	270.725
8636	168943.57490465138	104370.49725056719	270.684
8637	168944.19292097542	104370.42308954801	270.666
8638	168944.78447691436	104370.33585699089	270.684
8639	168945.37155109138	104370.27196651604	270.75
8640	168945.90443913676	104370.1038826378	270.817
8641	168946.48095111887	104370.00213653594	270.83299999999997
8642	168947.07678843633	104369.88118011598	270.781
8643	168947.64089562034	104369.85762073472	270.721
8644	168948.24894585987	104369.81141708046	270.66900000000004
8645	168948.84718216403	104369.75071852095	270.675
8646	168949.4320676746	104369.7005388923	270.738
8647	168950.00563872905	104369.59025507234	270.809
8648	168950.6303133529	104369.5819291966	270.793
8649	168951.16912876014	104369.45149959251	270.703
8650	168951.78459926666	104369.39123395458	270.603
8651	168952.43179568008	104369.30105037149	270.566
8652	168953.04044139473	104369.18829737045	270.572
8653	168953.69261442352	104369.06939763203	270.531
8654	168954.32079486002	104368.91222325433	270.57599999999996
8655	168954.95617203484	104368.80327401776	270.58
8656	168955.57022707217	104368.60748971067	270.589
8657	168956.1757079343	104368.51548846439	270.499
8658	168956.790225691	104368.45577613357	270.52099999999996
8659	168957.38190558396	104368.36724775191	270.57
8660	168958.01023968216	104368.29979911167	270.642
8661	168958.57786204276	104368.15797997918	270.70099999999996
8662	168959.21467197998	104368.11354923062	270.719
8663	168959.83258969864	104367.9676469583	270.66700000000003
8664	168960.46407582075	104367.8499714788	270.61
8665	168961.0799256532	104367.71722403262	270.545
8666	168961.68969784194	104367.62190194614	270.563
8667	168962.31335616816	104367.59874326177	270.633
8668	168962.94624614835	104367.48737609573	270.642
8669	168963.63598052898	104367.43497906439	270.621
8670	168964.2873279486	104367.3144092327	270.616
8671	168964.953526114	104367.29529658891	270.593
8672	168965.59002527123	104367.2712574806	270.58
8673	168966.22756081927	104367.19030998647	270.615
8674	168966.85501186634	104367.13713361602	270.656
8675	168967.45518570606	104367.00043760985	270.638
8676	168968.05243236097	104366.95067518484	270.631
8677	168968.62378028134	104366.83074554335	270.605
8678	168969.18425632408	104366.79234488029	270.574
8679	168969.7675634559	104366.71843297221	270.562
8680	168970.37603372693	104366.62162415683	270.565
8681	168971.01440421288	104366.60611997917	270.58299999999997
8682	168971.64528413603	104366.52496385202	270.606
8683	168972.33280791872	104366.49239585735	270.601
8684	168973.62088032876	104366.25194741599	270.48
8685	168974.25873277104	104366.18212492485	270.501
8686	168974.855572367	104366.08026954625	270.558
8687	168975.47890430686	104366.04876906145	270.58099999999996
8688	168976.1160123085	104365.92147579137	270.559
8689	168976.78823453985	104365.87995508686	270.51
8690	168977.4343403798	104365.82888618298	270.533
8691	168978.047940407	104365.7600893164	270.52099999999996
8692	168978.67396736165	104365.70635308325	270.568
8693	168979.8966496362	104365.53593091294	270.64599999999996
8694	168980.49447266912	104365.39199805353	270.735
8695	168981.09371806053	104365.31536393054	270.723
8696	168982.21020788973	104365.09117079992	270.72
8697	168982.80123460584	104365.0523252096	270.70099999999996
8698	168983.4336927908	104364.96209245268	270.712
8699	168984.07914357595	104364.89489379525	270.682
8700	168984.7456132741	104364.80033425707	270.676
8701	168985.34081376746	104364.69161504321	270.744
8702	168985.93169409828	104364.62737198267	270.855
8703	168986.48192036146	104364.4643597966	270.903
8704	168987.0929979803	104364.33678890672	270.905
8705	168988.29682820587	104364.02096164972	270.785
8706	168988.9127023561	104363.9479104355	270.77299999999997
8707	168989.5452523233	104363.86527938955	270.83799999999997
8708	168990.16585762455	104363.86491495837	270.904
8709	168990.7671040506	104363.7938505765	271.018
8710	168992.09905958315	104363.77935930714	271.027
8711	168992.67476222274	104363.73786437977	270.97900000000004
8712	168993.23501704185	104363.69501630124	271.051
8713	168994.39209614496	104363.45558499172	271.072
8714	168995.58993750662	104363.21871046722	271.008
8715	168996.1614255355	104363.12622079626	271.004
8716	168996.75160877852	104363.02452932298	271.062
8717	168997.30880187394	104362.97369925398	271.135
8718	168997.82495383368	104362.8326261323	271.168
8719	168998.37270773272	104362.76229714788	271.214
8720	168998.96460536908	104362.67970640864	271.2
8721	169000.1247333369	104362.55114557967	271.225
8722	169000.7478064256	104362.45958346035	271.27099999999996
8723	169001.36840122836	104362.46218641195	271.306
8724	169001.95810968	104362.32731048763	271.31
8725	169002.59197490418	104362.24264652748	271.277
8726	169003.22992942153	104362.11165192723	271.243
8727	169003.8299145618	104361.99479520507	271.20599999999996
8728	169004.41353647612	104361.89975472633	271.217
8729	169004.96240021137	104361.78530956618	271.262
8730	169005.54814670744	104361.76053652726	271.29200000000003
8731	169006.10020717545	104361.6496252399	271.316
8732	169006.6866772701	104361.55589292943	271.319
8733	169007.21216315293	104361.39761380665	271.346
8734	169007.74418746826	104361.27217082493	271.327
8735	169008.31614404812	104361.18172334693	271.387
8736	169008.83635137408	104361.06995620113	271.448
8737	169009.4182067629	104361.03645664733	271.48400000000004
8738	169010.00435107568	104360.93419597391	271.507
8739	169010.54278635074	104360.84399886988	271.47
8740	169011.07502796702	104360.75730178226	271.5
8741	169011.64942268003	104360.64999369998	271.551
8742	169012.29126503176	104360.59483530279	271.631
8743	169012.8563335745	104360.50269508641	271.681
8744	169013.42616763187	104360.4736018721	271.692
8745	169013.98103379828	104360.37586360518	271.65
8746	169014.50781390362	104360.35347465891	271.647
8747	169015.09005421263	104360.37818697002	271.719
8748	169015.6523790015	104360.32181585021	271.762
8749	169016.27640988998	104360.36058235262	271.788
8750	169016.89269233594	104360.33944273926	271.83099999999996
8751	169017.52319733755	104360.3628460113	271.797
8752	169018.17165694784	104360.35164761916	271.758
8753	169018.77856905645	104360.32491303887	271.786
8754	169019.39047024646	104360.33212134708	271.832
8755	169019.9956119438	104360.23586239107	271.84
8756	169020.6222016721	104360.22421479132	271.85
8757	169021.2462550752	104360.15768514294	271.867
8758	169021.81886651195	104360.11655301414	271.837
8759	169022.37496500835	104360.0727661429	271.88
8760	169022.91333579202	104359.96755414549	271.92
8761	169023.52237219442	104359.94509154	272.006
8762	169024.10632455366	104359.82447174191	272.003
8763	169024.70569348874	104359.81291197892	271.97900000000004
8764	169025.29472778275	104359.76646330114	272.003
8765	169025.82684290066	104359.71498976834	272.01599999999996
8766	169026.3971793285	104359.7444803752	272.048
8767	169026.98501096974	104359.70192056894	272.068
8768	169027.5816146514	104359.73206206225	272.12
8769	169028.1585166838	104359.6547966376	272.085
8770	169028.7546635831	104359.58075208496	272.04400000000004
8771	169029.35407595904	104359.49114730209	272.036
8772	169030.54212073577	104359.36769900098	272.082
8773	169031.14562598776	104359.3628286086	272.103
8774	169031.73938423573	104359.45691700932	272.098
8775	169032.3084478537	104359.5097617656	272.06
8776	169032.84494168125	104359.52967667487	272.099
8777	169033.40576616197	104359.59287323989	272.177
8778	169033.9717807403	104359.53521968517	272.178
8779	169034.56140944682	104359.52177212667	272.176
8780	169035.15946157166	104359.51280414592	272.122
8781	169035.6937030328	104359.46504689753	272.159
8782	169036.26884290137	104359.41502712201	272.233
8783	169036.82608963456	104359.2835603524	272.267
8784	169037.43826144183	104359.24869006872	272.31
8785	169038.69789414652	104359.1499719657	272.298
8786	169039.8685868731	104359.02590707596	272.367
8787	169040.48188858773	104359.00735480711	272.422
8788	169041.0577678758	104358.91711038258	272.469
8789	169041.67254803845	104358.91710175574	272.543
8790	169042.27381645318	104358.84029645938	272.517
8791	169042.85561166564	104358.75767420698	272.488
8792	169043.43988627865	104358.71269343887	272.567
8793	169043.98832376717	104358.61790124606	272.633
8794	169044.59139567093	104358.63434972335	272.652
8795	169045.1978387707	104358.57295010053	272.692
8796	169045.76633429344	104358.55256847478	272.65
8797	169046.85545732576	104358.50199296884	272.736
8798	169047.45757318562	104358.45392548665	272.791
8799	169047.97173240824	104358.2726222286	272.812
8800	169048.54102830065	104358.16214826982	272.76599999999996
8801	169049.1123068276	104358.06224828027	272.8
8802	169049.6908248062	104357.96552594844	272.904
8803	169050.22456878112	104357.98988186195	273.01
8804	169050.7780287705	104357.91976425331	273.067
8805	169051.32779244462	104357.885782809	273.056
8806	169052.40481760836	104357.79493698105	273.14
8807	169053.00083759584	104357.85511106625	273.224
8808	169053.6046229041	104357.83856519498	273.313
8809	169054.2440665238	104357.82251877245	273.324
8810	169054.84687983268	104357.74590585846	273.29900000000004
8811	169055.418458953	104357.66157970019	273.314
8812	169056.01437242163	104357.6524209762	273.35400000000004
8813	169056.60941287657	104357.55575899687	273.388
8814	169057.19668328518	104357.53711476177	273.434
8815	169058.33168426537	104357.32320044003	273.404
8816	169058.88813996685	104357.2794186892	273.466
8817	169059.43326522043	104357.14735441841	273.525
8818	169060.00004103433	104357.07654428948	273.527
8819	169060.56088419864	104356.90393824689	273.5
8820	169061.15002903817	104356.79409340583	273.459
8821	169061.73290613797	104356.67532769032	273.45599999999996
8822	169062.27884619182	104356.5480865771	273.47
8823	169062.8273772812	104356.52633706946	273.51
8824	169063.98758868861	104356.34254676849	273.51
8825	169064.57105243643	104356.29181857593	273.512
8826	169065.13493036747	104356.20060654823	273.561
8827	169065.7522286654	104356.16167963762	273.624
8828	169066.3845787521	104356.03623386286	273.627
8829	169066.96456959544	104355.95972534083	273.60200000000003
8830	169067.51195697938	104355.82674315665	273.536
8831	169068.0392826426	104355.71927129477	273.529
8832	169068.62678391265	104355.66967040952	273.62
8833	169069.17763252204	104355.53280787542	273.66900000000004
8834	169069.7876854852	104355.49237223156	273.691
8835	169070.3703483629	104355.40011627879	273.68
8836	169070.94005399122	104355.34099694341	273.659
8837	169071.5086838193	104355.28354221676	273.697
8838	169072.05783469937	104355.1889408892	273.744
8839	169072.67851668745	104355.16763826646	273.759
8840	169073.2696318227	104355.07189089432	273.783
8841	169073.90273073158	104355.03543194663	273.76
8842	169074.48946260475	104354.93559048884	273.719
8843	169075.06512594759	104354.83960214444	273.70599999999996
8844	169075.6357578471	104354.78734578192	273.763
8845	169076.2015245934	104354.6998493839	273.80400000000003
8846	169076.7550091693	104354.7218692936	273.823
8847	169077.334576396	104354.63108598068	273.853
8848	169077.95059222105	104354.58529673796	273.834
8849	169078.55058190084	104354.46789234597	273.861
8850	169079.12358413063	104354.38468617108	273.858
8851	169079.67929498985	104354.34980223421	273.938
8852	169080.23618407428	104354.21908026468	273.975
8853	169080.8433178655	104354.16417557187	273.991
8854	169081.4693040512	104354.02369269263	273.994
8855	169082.0570634602	104353.96853277832	273.942
8856	169082.63034371997	104353.94001559354	273.991
8857	169083.2211005704	104353.84482418466	274.04400000000004
8858	169083.7918384655	104353.82908928208	274.05400000000003
8859	169084.3687456716	104353.71790513955	274.065
8860	169084.98167351529	104353.6385514671	274.03
8861	169085.59963257686	104353.5484639043	274.022
8862	169086.19757772036	104353.43772672862	274.03700000000003
8863	169086.8079113451	104353.35261706356	274.095
8864	169087.35782551172	104353.17849131674	274.129
8865	169087.95687328983	104353.12448513135	274.13599999999997
8866	169088.55940070178	104353.02859532088	274.171
8867	169089.64868503873	104352.96672090515	274.185
8868	169090.20601677848	104352.87808323558	274.211
8869	169090.80961596878	104352.84745191969	274.16200000000003
8870	169091.39837151897	104352.71406555269	274.144
8871	169091.98679691268	104352.60626073554	274.073
8872	169092.54740041017	104352.50039463118	274.055
8873	169093.08367439648	104352.35106133204	274.095
8874	169094.2076349865	104352.06815278716	274.10400000000004
8875	169094.752477034	104351.94906784408	274.08299999999997
8876	169095.26487992247	104351.7939016493	274.073
8877	169095.77247218668	104351.68710274342	274.087
8878	169096.28303394243	104351.64668127615	274.182
8879	169097.36198749958	104351.4175567897	274.194
8880	169098.49559210468	104351.22904331423	274.183
8881	169099.0600275355	104351.18121623155	274.22
8882	169099.59779548686	104351.04616338573	274.20599999999996
8883	169100.17909780337	104351.00173427537	274.23900000000003
8884	169100.74927232537	104350.84603596106	274.19599999999997
8885	169101.34172592248	104350.70914181508	274.171
8886	169101.91198474064	104350.5958963465	274.21299999999997
8887	169102.425868874	104350.45853284188	274.222
8888	169102.96028906485	104350.39465481043	274.254
8889	169103.88311336574	104350.14846810233	274.202
8890	169104.28761029855	104350.11785984598	274.235
8891	169104.64137445466	104349.98214209266	274.217
8892	169104.9025873349	104349.96510472521	274.181
8893	169105.06968147706	104349.84280093014	274.219
8894	169105.2232013467	104349.59550076723	274.233
8895	169105.2821605288	104349.56234528217	274.244
8896	169105.30401370983	104349.56742962077	274.255
8897	169105.34073066208	104349.60389722977	274.275
8898	169105.358932529	104349.59969927557	274.274
8899	169105.3739895835	104349.61050587147	274.279
8900	169105.36627960482	104349.63884139434	274.3
8901	169105.31630306132	104349.65330580715	274.313
8902	169105.3001965283	104349.66974653024	274.32
8903	169105.33389336782	104349.68673813343	274.334
8904	169105.33997495912	104349.6813840568	274.343
8905	169105.3055649257	104349.66438987479	274.36400000000003
8906	169105.27884247495	104349.69098820072	274.36400000000003
8907	169105.32647026164	104349.7343543917	274.376
8908	169105.3702150361	104349.7667690171	274.39099999999996
8909	169105.4107037795	104349.74633807503	274.384
8910	169105.36946054746	104349.7124494426	274.353
8911	169105.24404895652	104349.78003097977	274.374
8912	169105.215903471	104349.80569725297	274.38
8913	169105.20212980348	104349.80156904086	274.384
8914	169105.1856092182	104349.86676366068	274.411
8915	169105.13373706106	104349.91236535367	274.415
8916	169105.2096730451	104349.85220553447	274.439
8917	169105.22508917778	104349.829459331	274.431
8918	169105.22184608364	104349.80590412486	274.421
8919	169105.18627239997	104349.81485917605	274.414
8920	169105.20327018952	104349.814920648	274.414
8921	169105.22850457177	104349.80537206121	274.43
8922	169105.27456323986	104349.78959580418	274.43
8923	169105.438959045	104350.21619755588	274.493
8924	169106.68671161286	104355.24362818338	274.551
8925	169106.6703007932	104355.24560802896	274.547
8926	169106.66418367153	104355.26078720577	274.54200000000003
8927	169106.69055822067	104355.23177766614	274.538
8928	169106.71475162098	104355.2142539043	274.526
8929	169106.69720358195	104355.16914267652	274.533
8930	169106.66509542408	104355.10729443096	274.524
8931	169106.401230203	104355.13470349927	274.506
8932	169105.96052716774	104355.25064162258	274.526
8933	169105.42042783162	104355.27445635758	274.564
8934	169104.89577626274	104355.39824776072	274.552
8935	169104.31684834592	104355.44361184724	274.51599999999996
8936	169103.74500431312	104355.53516166285	274.45599999999996
8937	169103.14520544925	104355.63254266977	274.447
8938	169102.58047284692	104355.66405464802	274.422
8939	169102.0432017597	104355.72755163815	274.438
8940	169101.50814221185	104355.7054103287	274.46299999999997
8941	169100.97646944295	104355.79858874623	274.443
8942	169100.3528220271	104355.85102145746	274.44
8943	169099.71830202924	104355.98461213335	274.403
8944	169099.10385755965	104356.02317463513	274.344
8945	169098.48822827765	104356.12643115222	274.29
8946	169097.89902402452	104356.21958727203	274.295
8947	169097.28353082997	104356.28521192912	274.32599999999996
8948	169096.6745636975	104356.41982224677	274.347
8949	169096.04241035055	104356.45776494872	274.361
8950	169095.42589685513	104356.57547839638	274.353
8951	169094.77746298193	104356.61225010455	274.318
8952	169094.14471588162	104356.71581601165	274.276
8953	169093.53544467042	104356.7701553069	274.224
8954	169092.94591480136	104356.85478324443	274.218
8955	169092.38095326122	104356.94969603233	274.244
8956	169091.770660543	104356.99068435282	274.264
8957	169091.15804096038	104357.11638378352	274.286
8958	169090.54304963365	104357.10897063743	274.28
8959	169089.9120766565	104357.18214085978	274.23400000000004
8960	169089.29327858935	104357.20845357422	274.181
8961	169088.6451719621	104357.25338401273	274.131
8962	169088.02958358472	104357.31252103765	274.135
8963	169087.41554650085	104357.36999530345	274.168
8964	169086.82387284513	104357.48872641381	274.173
8965	169086.19979719585	104357.52818252333	274.16700000000003
8966	169085.5766667469	104357.66793363728	274.14
8967	169084.93094253226	104357.74438802991	274.106
8968	169084.3019391867	104357.86465299595	274.053
8969	169083.67581375584	104357.94507135917	274.007
8970	169083.05614692223	104357.98157765716	274.02299999999997
8971	169082.40848242585	104358.03577954322	274.03
8972	169081.77866348973	104358.05278423987	274.03
8973	169081.1540157437	104358.15193179343	274.002
8974	169080.50536988146	104358.18165997881	274.002
8975	169079.89501218707	104358.33943992294	273.978
8976	169079.29001279772	104358.42883342784	273.941
8977	169078.69746149727	104358.52735566348	273.861
8978	169078.06677515912	104358.61999341566	273.863
8979	169077.48095839767	104358.72984839324	273.867
8980	169076.8621429603	104358.8597908821	273.87
8981	169076.23051543295	104358.91683215834	273.913
8982	169075.59225536275	104359.06598427985	273.882
8983	169074.9394520326	104359.0949566057	273.863
8984	169074.28424635725	104359.16377741005	273.823
8985	169073.64394494222	104359.15405025799	273.83099999999996
8986	169073.05523086115	104359.17750738002	273.779
8987	169072.45685321203	104359.21075491235	273.753
8988	169071.85191562257	104359.28309437353	273.783
8989	169071.2580906519	104359.43815427087	273.781
8990	169070.6320566242	104359.49336259253	273.774
8991	169069.9889077423	104359.58095100522	273.746
8992	169069.35995430456	104359.62168916222	273.719
8993	169068.7353709764	104359.73603971489	273.661
8994	169068.08939012862	104359.81787130237	273.612
8995	169067.46199780816	104359.88716410659	273.584
8996	169066.81765345135	104360.0096003525	273.58799999999997
8997	169066.1432533519	104360.06129776966	273.593
8998	169065.50195650663	104360.2286075512	273.607
8999	169064.84425760023	104360.29667899571	273.601
9000	169064.20275006912	104360.42357496265	273.561
9001	169063.55240434734	104360.4633097034	273.48900000000003
9002	169062.92168527088	104360.53222027328	273.435
9003	169062.27475569604	104360.61349300481	273.468
9004	169061.62421174737	104360.64228974096	273.505
9005	169060.99480539333	104360.74272017367	273.513
9006	169059.71775102388	104360.92590418365	273.447
9007	169059.02407697894	104361.08134672791	273.411
9008	169058.36212180197	104361.27490704786	273.322
9009	169057.71091221677	104361.42234616913	273.288
9010	169057.1325193498	104361.51739963982	273.283
9011	169056.50128272656	104361.63098610565	273.286
9012	169055.84465205978	104361.66662072018	273.301
9013	169055.17743002746	104361.77154997643	273.297
9014	169054.50526345987	104361.79730348662	273.235
9015	169053.21513638753	104361.97988576535	273.121
9016	169052.57646286694	104362.07917148154	273.091
9017	169051.96724124337	104362.18597875908	273.127
9018	169051.40166730678	104362.28626977839	273.171
9019	169050.89318059842	104362.44386429712	273.121
9020	169049.80867728687	104362.69689246919	273.072
9021	169048.6958065076	104362.80651850253	272.92400000000004
9022	169048.12149882727	104362.88953787647	272.947
9023	169047.56841548468	104362.92128310632	272.991
9024	169047.0037077491	104363.045121192	272.957
9025	169046.41859550905	104363.09176697396	272.941
9026	169045.8148597788	104363.2595853284	272.887
9027	169045.19475876266	104363.41677799076	272.89099999999996
9028	169044.00765040252	104363.67629656568	272.814
9029	169042.79050221737	104363.82762957271	272.778
9030	169042.14400880877	104363.88703128789	272.791
9031	169041.52629463805	104364.04163763858	272.786
9032	169040.89637433394	104364.08701023087	272.743
9033	169040.2285351972	104364.19842750765	272.70099999999996
9034	169039.5796539288	104364.22778909001	272.624
9035	169038.9423298819	104364.31558764633	272.587
9036	169037.6307413571	104364.54963248596	272.593
9037	169036.28263653626	104364.82340313587	272.57599999999996
9038	169035.64853723207	104365.00594376959	272.508
9039	169035.02247819773	104365.06838609185	272.457
9040	169034.4024685889	104365.16737048607	272.4
9041	169033.79903474232	104365.21858619247	272.355
9042	169032.52142016552	104365.3598784646	272.376
9043	169031.86633137468	104365.39663389605	272.385
9044	169031.23472313196	104365.54766913876	272.369
9045	169029.95830336201	104365.78629173897	272.298
9046	169029.3363834079	104365.88767980319	272.195
9047	169028.69045535856	104365.98823993932	272.192
9048	169028.03650324413	104366.03945971094	272.195
9049	169027.3420400968	104366.051418107	272.16700000000003
9050	169026.6933054091	104366.13917703927	272.143
9051	169026.0365479476	104366.14422690589	272.16200000000003
9052	169025.4255363726	104366.28625331726	272.135
9053	169024.78847524617	104366.36719539762	272.1
9054	169023.51310161053	104366.51350322086	272.051
9055	169022.87483987294	104366.5977780791	272.036
9056	169022.24674850338	104366.69654941186	272.032
9057	169021.6147639733	104366.78715000115	272.057
9058	169020.9653711225	104366.92570185382	272.057
9059	169019.70735539746	104367.07114618365	272.035
9060	169019.05794775186	104367.11478277668	272.02099999999996
9061	169018.41886885482	104367.22797477804	271.968
9062	169017.159753378	104367.3487599818	271.925
9063	169016.5349649943	104367.42159044277	271.922
9064	169015.88313073353	104367.47893693484	271.921
9065	169015.25333220419	104367.62275070604	271.904
9066	169014.60379712537	104367.66879735235	271.87
9067	169013.9673234196	104367.78477998916	271.83
9068	169013.31691104634	104367.87642753776	271.796
9069	169012.70624527062	104368.02160814404	271.728
9070	169012.10128250084	104368.20054882299	271.742
9071	169010.85997520972	104368.52569026966	271.742
9072	169010.2130547707	104368.60493018664	271.74
9073	169009.61530132388	104368.72939486336	271.68
9074	169009.01107597168	104368.73648969457	271.603
9075	169008.39466499945	104368.76059586648	271.586
9076	169007.10960401336	104368.8575612409	271.557
9077	169006.48681998454	104368.93503463827	271.528
9078	169005.87292574556	104368.92040537857	271.492
9079	169005.2649653677	104369.04057004768	271.421
9080	169004.65700498986	104369.1607347168	
9081	169004.08934824116	104369.27293328742	
9082	169003.52169149247	104369.38513185803	
9083	169002.95403474377	104369.49733042864	
9084	169002.38637799508	104369.60952899925	
9085	169001.81872124638	104369.72172756986	
9086	169001.2510644977	104369.83392614048	
9087	169000.683407749	104369.94612471109	
9088	169000.1157510003	104370.0583232817	
9089	168999.5480942516	104370.17052185231	
9090	168998.9804375029	104370.28272042293	
9091	168998.4127807542	104370.39491899354	
9092	168997.84512400551	104370.50711756415	
9093	168997.27746725682	104370.61931613476	
9094	168996.70981050812	104370.73151470537	
9095	168996.14215375943	104370.84371327599	
9096	168995.57449701073	104370.9559118466	
9097	168995.00684026204	104371.06811041721	
9098	168920.70948899482	104379.35125891399	270.29
9099	168920.70948899482	104379.35125891399	270.29
9100	168920.82782544184	104379.43287994992	270.246
9101	168920.6601321625	104379.42523481697	270.258
9102	168920.27961205965	104379.33359103743	270.28700000000003
9103	168919.83210324595	104379.29379962105	270.232
9104	168918.63173413216	104379.34233438876	270.283
9105	168917.4251244875	104379.5734480638	270.297
9106	168916.16189472203	104379.81566755287	270.257
9107	168915.50699263476	104379.93382060528	270.228
9108	168914.8661517738	104380.00901553035	270.17
9109	168914.21777061067	104380.06545998715	270.155
9110	168913.56415221936	104380.19029161986	270.163
9111	168912.9102183504	104380.27044521179	270.19
9112	168912.2968076366	104380.4198913388	270.159
9113	168911.05001213012	104380.62045999616	270.137
9114	168909.78438811112	104380.76794237923	270.034
9115	168909.14591884872	104380.87799824774	270.022
9116	168908.53479111783	104380.95422720723	270.059
9117	168907.91743266268	104381.04433756508	270.098
9118	168907.28112066234	104381.04984609596	270.092
9119	168906.65020566352	104381.14157651365	270.10400000000004
9120	168906.04860357137	104381.14683866035	270.10900000000004
9121	168905.4604887245	104381.26949576102	270.1
9122	168904.86338384097	104381.34670223761	270.08799999999997
9123	168903.66949447728	104381.57767918427	270.002
9124	168903.05675984744	104381.63796019647	270.057
9125	168902.52306457877	104381.7333758669	270.095
9126	168902.00060525557	104381.71167055517	270.127
9127	168901.38610028935	104381.76842317823	270.12
9128	168900.7419313605	104381.77724125236	270.119
9129	168900.11541523048	104381.86880280636	270.08299999999997
9130	168899.51145015273	104381.93653087318	270.035
9131	168898.92641195783	104382.02990939934	270.025
9132	168897.72726478573	104382.20228825603	270.072
9133	168897.1337370048	104382.34290894493	270.092
9134	168896.576129841	104382.37743446976	270.105
9135	168896.02197889384	104382.50911243632	270.077
9136	168895.47966920474	104382.62025544234	270.053
9137	168894.9678773225	104382.74003522377	270.056
9138	168894.4265275759	104382.91513846349	270.077
9139	168893.84663127165	104383.00000838004	270.12
9140	168893.2441715777	104383.14541748352	270.097
9141	168892.12532012473	104383.26766096056	270.074
9142	168891.6043029334	104383.3080647029	270.038
9143	168891.17147555712	104383.35100845061	270.075
9144	168890.81288505858	104383.40923363157	270.10900000000004
9145	168890.50221380466	104383.26352493372	270.095
9146	168890.32699988887	104383.19838553853	270.099
9147	168890.35130840098	104383.24815476313	270.089
9148	168890.35720371298	104383.22834000178	270.07599999999996
9149	168890.4486315835	104383.25610343833	270.061
9150	168890.62985278646	104383.36983432528	270.028
9151	168890.6807009112	104383.3440627195	270.038
9152	168890.69706400167	104383.0562234465	270.08099999999996
9153	168890.75247061733	104382.88587041199	270.11
9154	168890.80394443055	104382.88457143214	270.127
9155	168890.79651202913	104382.93533943873	270.14
9156	168890.7258355369	104382.98810586613	270.13
9157	168890.40279603118	104383.01030877046	270.178
9158	168889.97112016767	104383.06363811158	270.158
9159	168888.78102141642	104383.16560629755	270.254
9160	168888.1864438675	104383.26747945976	270.242
9161	168887.55248515913	104383.31304122414	270.20599999999996
9162	168886.9429379633	104383.41282180231	270.195
9163	168886.31030647657	104383.51937904116	270.21
9164	168885.62076410683	104383.55213635787	270.231
9165	168884.92875654437	104383.64272404462	270.243
9166	168884.26122209942	104383.67055490706	270.238
9167	168883.63279031406	104383.79937328584	270.231
9168	168882.96432353125	104383.8220102936	270.21
9169	168882.29982817714	104383.89749536756	270.156
9170	168881.64510891814	104383.96485867351	270.091
9171	168880.95803099635	104384.00652372465	270.08299999999997
9172	168880.26634279935	104384.07431121264	270.078
9173	168879.6042460153	104384.14387298189	270.119
9174	168878.94666202835	104384.28111528419	270.118
9175	168878.2509530248	104384.3431418296	270.153
9176	168877.56781721706	104384.41262867022	270.138
9177	168876.8892553487	104384.39963708352	270.149
9178	168876.21068839324	104384.48786397278	270.097
9179	168875.630747221	104384.55215835385	270.034
9180	168875.04093829088	104384.6169736879	270.059
9181	168874.47257208067	104384.66870359704	270.025
9182	168873.84353282469	104384.70149324369	270.045
9183	168873.21520275285	104384.80194981676	270.072
9184	168872.59536780647	104384.753760688	270.112
9185	168872.00620592386	104384.77056481037	270.11
9186	168871.4422056682	104384.73147361074	270.10900000000004
9187	168870.84647475855	104384.79033603892	270.089
9188	168870.21867683413	104384.84166871663	270.089
9189	168869.64136934406	104384.90078247525	270.087
9190	168869.01802110707	104385.00422344916	270.1
9191	168868.35526834696	104385.0578414537	270.125
9192	168867.70857960253	104385.17324902862	270.144
9193	168867.07849617678	104385.23217456602	270.19
9194	168866.47770423876	104385.3768511368	270.2
9195	168865.85112486908	104385.41984650772	270.218
9196	168865.2316115599	104385.51458868384	270.20599999999996
9197	168864.6614072608	104385.5485164402	270.165
9198	168864.03292903004	104385.55739501212	270.181
9199	168863.4345392092	104385.5953006493	270.192
9200	168862.7937171992	104385.56576127745	270.215
9201	168862.1921707099	104385.62219395116	270.257
9202	168861.56569918888	104385.56842096802	270.279
9203	168860.90968547156	104385.63225995935	270.231
9204	168860.2373802737	104385.66471136082	270.232
9205	168859.56623037677	104385.73980476242	270.223
9206	168858.946713771	104385.76892254036	270.16900000000004
9207	168858.30574947482	104385.77924027108	270.225
9208	168857.68657110177	104385.88010211848	270.253
9209	168857.0592191206	104385.93978012633	270.258
9210	168856.44079807002	104386.06159295607	270.23400000000004
9211	168855.76717666126	104386.02989816014	270.192
9212	168855.0476312542	104386.07645598706	270.132
9213	168854.43101689848	104386.02512899414	270.101
9214	168853.8562028025	104386.05181157216	270.066
9215	168853.2979775235	104386.09319857508	270.074
9216	168852.73130579377	104386.10322598368	270.058
9217	168852.19412049354	104386.21105483733	270.072
9218	168851.66300899873	104386.24901651964	270.065
9219	168851.11510361917	104386.32974149939	269.976
9220	168850.49858719867	104386.35089955572	269.97
9221	168849.88436030556	104386.36335291434	270.01599999999996
9222	168849.31049831217	104386.42303732876	270.026
9223	168848.71006636674	104386.43368623126	270.039
9224	168848.14615246927	104386.53697096277	270.032
9225	168847.56342081743	104386.55064925645	269.964
9226	168847.0129897947	104386.6063391203	269.92
9227	168846.5653373656	104386.64014992025	269.945
9228	168846.16414425813	104386.6122090146	269.945
9229	168845.74543383307	104386.69654696062	269.91200000000003
9230	168845.32360070563	104386.75658879243	269.885
9231	168844.77938724394	104386.76873636805	269.879
9232	168844.18267602535	104386.86930918135	269.848
9233	168843.55453689877	104386.84982799273	269.777
9234	168842.96128485593	104386.91370770521	269.714
9235	168842.42265724525	104386.95942953415	269.71299999999997
9236	168841.8295592911	104386.98011599202	269.731
9237	168841.22155320086	104387.11475908104	269.69599999999997
9238	168840.58687755998	104387.1616215799	269.578
9239	168839.9373569094	104387.23809228372	269.512
9240	168839.3654658585	104387.24513640162	269.44599999999997
9241	168838.79387983755	104387.26664143708	269.483
9242	168838.22556373055	104387.33784049377	269.461
9243	168837.62616335714	104387.35924646817	269.421
9244	168837.08684211218	104387.49951103609	269.381
9245	168836.5664612041	104387.49506008625	269.296
9246	168836.0435489841	104387.53379409947	269.236
9247	168835.45092261513	104387.55559523962	269.203
9248	168834.7815724817	104387.52614291757	269.149
9249	168834.10837219242	104387.57639108784	269.093
9250	168832.83172292297	104387.65007062536	268.903
9251	168832.16230594783	104387.67271065526	268.824
9252	168831.5339843943	104387.73776429798	268.737
9253	168830.897459202	104387.80334491283	268.705
9254	168830.24246454553	104387.81491369847	268.744
9255	168829.6102674865	104387.83342294674	268.67900000000003
9256	168828.94151696865	104387.80249044858	268.615
9257	168828.32385894546	104387.87722233031	268.55400000000003
9258	168827.76107709543	104387.82979794499	268.433
9259	168826.65900134374	104387.9484074032	268.385
9260	168826.0941867311	104388.00441894215	268.382
9261	168824.92907901807	104388.13225859124	268.309
9262	168824.3117901943	104388.2368387077	268.212
9263	168823.06060402226	104388.33675015438	268.075
9264	168822.43643302267	104388.4046003921	268.065
9265	168821.82843098138	104388.43821269646	268.08099999999996
9266	168821.2163062812	104388.52798103634	268.04900000000004
9267	168820.61600607543	104388.50174263492	268.04900000000004
9268	168820.00029036295	104388.59854282625	268.009
9269	168819.36302319798	104388.60554157197	267.934
9270	168818.1409128527	104388.75190318748	267.855
9271	168816.92004603567	104388.91625154298	267.95599999999996
9272	168816.30967735217	104388.91352123953	267.93
9273	168815.69534193593	104389.05667227041	267.928
9274	168815.06711320934	104389.12914346531	267.883
9275	168814.44132851987	104389.24963729642	267.811
9276	168813.76082112067	104389.31580485031	267.829
9277	168813.1248391734	104389.39584930986	267.842
9278	168812.53507322643	104389.51573011559	267.851
9279	168811.91683445044	104389.52001679502	267.866
9280	168811.30111109704	104389.61904255301	267.863
9281	168810.64217631298	104389.60223632772	267.809
9282	168809.37720638025	104389.70098963194	267.776
9283	168808.7051008245	104389.74438580684	267.741
9284	168808.06548436172	104389.81032892223	267.735
9285	168807.40733022898	104389.84135435801	267.754
9286	168806.73918427186	104389.90775220748	267.754
9287	168806.08365633182	104389.90226696432	267.73
9288	168805.43502739415	104389.9956148034	267.68
9289	168804.76620788864	104390.05088760238	267.66900000000004
9290	168804.16616506688	104390.18611943722	267.619
9291	168802.92216715653	104390.3038578704	267.539
9292	168802.28870870898	104390.3763119625	267.54400000000004
9293	168801.67230118325	104390.36707349122	267.574
9294	168801.08236385701	104390.46841679327	267.556
9295	168800.4548955356	104390.52773032337	267.55400000000003
9296	168799.83826250458	104390.61526050698	267.531
9297	168799.26166755095	104390.64157191105	267.459
9298	168798.66336245736	104390.62257298175	267.45599999999996
9299	168798.04061434633	104390.65817474015	267.496
9300	168796.96733667172	104390.73462582566	267.601
9301	168796.3865320089	104390.77482618671	267.566
9302	168795.74328444994	104390.82574195601	267.517
9303	168795.0826100981	104390.89698778279	267.518
9304	168794.45876324194	104390.94074284472	267.563
9305	168793.8331119587	104391.05734656844	267.547
9306	168793.21044439354	104391.07033261564	267.562
9307	168792.56888292855	104391.14850587305	267.52099999999996
9308	168791.92277330608	104391.16863856185	267.478
9309	168790.58799375725	104391.31089809537	267.414
9310	168789.9287874563	104391.37047074176	267.442
9311	168789.32825700447	104391.47585606761	267.499
9312	168788.70532389768	104391.46325902455	267.501
9313	168788.04807749428	104391.50652528647	267.492
9314	168787.42593029028	104391.50690790545	267.421
9315	168786.7803041038	104391.52481835708	267.401
9316	168786.19136953782	104391.61170711368	267.439
9317	168785.56773947654	104391.66139620915	267.481
9318	168784.3503326507	104391.8226128798	267.45799999999997
9319	168783.74596794503	104391.86977535766	267.38599999999997
9320	168783.13966033072	104391.89505595155	267.39
9321	168782.51547775327	104391.86614160333	267.453
9322	168781.9091982761	104391.95037381537	267.435
9323	168780.6552353435	104392.09626006614	267.353
9324	168780.0103198066	104392.11491539609	267.32099999999997
9325	168779.41463271788	104392.12855512649	267.335
9326	168778.24670809467	104392.18001777027	267.401
9327	168777.6469531027	104392.26798129827	267.361
9328	168777.02421430554	104392.26762151066	267.33
9329	168776.4514371622	104392.29005595017	267.315
9330	168775.87051726328	104392.32933124248	267.319
9331	168775.26927888358	104392.29957239237	267.363
9332	168774.6763088573	104392.35141094495	267.363
9333	168774.052004132	104392.32342406642	267.387
9334	168773.4086736968	104392.3643316403	267.33799999999997
9335	168772.10518187337	104392.39918563887	267.26
9336	168771.48225168738	104392.48614060227	267.27
9337	168770.86346868318	104392.50989521481	267.323
9338	168770.25594417387	104392.6100671636	267.357
9339	168769.66741965266	104392.64857458975	267.355
9340	168768.45936566003	104392.82058028318	267.251
9341	168767.83806183637	104392.8847395042	267.21
9342	168767.2386851126	104392.93321925309	267.247
9343	168766.57972493602	104392.92364830617	267.253
9344	168765.91336023423	104392.99079915602	267.246
9345	168765.26275022552	104392.97291586362	267.272
9346	168764.64602127398	104393.08770090993	267.315
9347	168763.9942486444	104393.09595246147	267.272
9348	168763.31988119078	104393.1070899386	267.20599999999996
9349	168762.6714078062	104393.12351016514	267.178
9350	168761.9629801837	104393.11932554282	267.194
9351	168761.32281912817	104393.17155412305	267.251
9352	168760.67676452978	104393.17630413827	267.29
9353	168760.01822035128	104393.28389671445	267.3
9354	168759.40317862545	104393.32527721394	267.29
9355	168758.77302171526	104393.4055342637	267.28
9356	168758.15613685525	104393.4973321855	267.252
9357	168757.5135397253	104393.59960563015	267.254
9358	168756.85328285	104393.72091076057	267.306
9359	168756.22431467334	104393.80117233563	267.334
9360	168755.62687012844	104393.94160958007	267.335
9361	168754.98218737933	104393.96175183821	267.362
9362	168754.35458508658	104394.05907360092	267.323
9363	168753.64568779513	104394.08677407168	267.265
9364	168752.9629052007	104394.12457795907	267.216
9365	168752.3103346421	104394.15674235113	267.188
9366	168751.67048524288	104394.1882104557	267.19599999999997
9367	168751.00899961128	104394.25389744807	267.202
9368	168750.34590455313	104394.20371525269	267.253
9369	168749.73301662644	104394.20765741915	267.272
9370	168749.07875964616	104394.14564232435	267.257
9371	168748.41422369584	104394.20001053251	267.253
9372	168747.74852520876	104394.180036637	267.204
9373	168747.10777097684	104394.19852536358	267.211
9374	168746.4762256956	104394.23465810623	267.228
9375	168745.83094606618	104394.2555408869	267.249
9376	168745.19646693344	104394.348019409	267.264
9377	168744.55548532918	104394.39709561318	267.309
9378	168743.89949153876	104394.52305202838	267.313
9379	168743.24205026828	104394.55445872806	267.29200000000003
9380	168742.58914935525	104394.61276196595	267.187
9381	168741.92064448333	104394.64672491793	267.153
9382	168741.29485657648	104394.70178763755	267.16200000000003
9383	168740.64901129337	104394.78162042145	267.153
9384	168739.9485272614	104394.81676783971	267.145
9385	168739.2723386463	104394.90576223191	267.125
9386	168738.57746511293	104394.90070191119	267.117
9387	168737.9058118011	104394.98452187702	267.128
9388	168737.2220365937	104395.00063461438	267.084
9389	168736.55423841998	104395.03645456769	267.032
9390	168735.88487557723	104395.01072233543	266.955
9391	168735.16037451496	104395.01408493705	266.95099999999996
9392	168734.51947527053	104395.03998993896	266.974
9393	168733.89657140273	104395.0192426499	266.988
9394	168733.24191188207	104395.1042357646	266.993
9395	168732.63789685478	104395.12007580232	266.987
9396	168732.14419443542	104395.23511552718	266.936
9397	168731.68186607969	104395.25145811029	266.927
9398	168731.27834285697	104395.27727833577	266.91700000000003
9399	168730.8084934922	104395.40334028844	266.88
9400	168730.25691140047	104395.48258167226	266.89599999999996
9401	168729.6998810621	104395.62335051596	266.893
9402	168729.11237833052	104395.6755843116	266.85900000000004
9403	168728.57005600084	104395.7246414898	266.865
9404	168728.05080928694	104395.73577728402	266.884
9405	168727.47500431296	104395.64011815004	266.894
9406	168726.87148594152	104395.61647430714	266.89
9407	168726.2504841965	104395.49507240485	266.923
9408	168725.67665049862	104395.44687816873	266.883
9409	168725.11799291952	104395.30901304912	266.879
9410	168724.59297181835	104395.27248562127	266.822
9411	168724.12713551446	104395.20539467037	266.817
9412	168723.70038799194	104395.10989353247	266.85400000000004
9413	168723.20736569926	104395.10017462447	266.91700000000003
9414	168722.82699244755	104395.00001800153	266.909
9415	168722.48608469733	104394.99992201291	266.858
9416	168722.1013520847	104394.95592064224	266.857
9417	168721.6848984798	104394.84024954401	266.851
9418	168721.1934648113	104394.78474717867	266.85
9419	168720.7196857508	104394.5439257389	266.89099999999996
9420	168720.40198951875	104394.46753488854	266.89099999999996
9421	168720.0347023208	104394.46493560821	266.89
9422	168719.6058826451	104394.45099539682	266.927
9423	168719.12236076864	104394.57793683838	266.92
9424	168718.54145332536	104394.68098976556	266.902
9425	168717.438461978	104394.99204488378	266.808
9426	168716.91564200836	104395.07231647987	266.85900000000004
9427	168716.4304042398	104395.24745132681	266.901
9428	168715.9316520759	104395.37878825702	266.95599999999996
9429	168715.41426376253	104395.60349157825	266.954
9430	168714.81993465318	104395.70371663198	266.94599999999997
9431	168714.26038627417	104395.81722707208	266.897
9432	168713.64428791497	104395.85508689005	266.869
9433	168713.09207175014	104395.91208200995	266.855
9434	168711.86916688667	104396.0156421559	266.842
9435	168711.23834842315	104396.11518221069	266.805
9436	168710.6521127031	104396.11180803739	266.835
9437	168710.15301730414	104396.23943666276	266.806
9438	168709.6146085778	104396.3246590728	266.72
9439	168708.56947276148	104396.37657197285	266.83
9440	168707.48001425192	104396.42443510052	266.824
9441	168706.93934978667	104396.50890826341	266.745
9442	168706.35339599592	104396.62733133323	266.764
9443	168705.86954102208	104396.7477844432	266.817
9444	168705.3595686786	104396.85887603555	266.848
9445	168704.88090845023	104397.05646641366	266.823
9446	168704.30127947745	104397.13431351446	266.79400000000004
9447	168703.11276389155	104397.32827832736	266.736
9448	168701.7978171606	104397.51030212548	266.722
9449	168701.1373833333	104397.5813751379	266.719
9450	168700.5693370009	104397.7115412876	266.73
9451	168700.01048887224	104397.69454700314	266.707
9452	168699.4711229817	104397.78162086941	266.637
9453	168698.30033063368	104397.83791090734	266.611
9454	168697.35360996032	104397.92521152459	266.668
9455	168696.40463394206	104398.14597913623	266.58799999999997
9456	168695.57283222748	104398.37457688991	266.643
9457	168695.1091043672	104398.45061061438	266.661
9458	168694.62686668665	104398.58441795688	266.634
9459	168694.0944515413	104398.6555741448	266.596
9460	168693.57775461744	104398.685260511	266.61
9461	168693.0595014358	104398.75164699461	266.599
9462	168692.5181678138	104398.7230364345	266.61
9463	168691.5193845819	104398.77659977693	266.501
9464	168691.0210623568	104398.78670095	266.48
9465	168690.5092555965	104398.87887854874	266.438
9466	168689.9682350649	104398.96335218009	266.478
9467	168689.51727039026	104399.16122731846	266.464
9468	168688.4295470474	104399.35722046718	266.388
9469	168687.93991247343	104399.49878828134	266.411
9470	168687.41756165016	104399.58110364154	266.47900000000004
9471	168686.33166209832	104399.7656100085	266.497
9472	168685.7751493343	104399.86133755371	266.466
9473	168685.2226758406	104399.92408149876	266.464
9474	168684.1518325232	104400.05265630037	266.553
9475	168683.59438802098	104400.04215707444	266.557
9476	168682.45511328056	104400.22795850411	266.573
9477	168681.92662860584	104400.36419878155	266.531
9478	168680.77996579322	104400.6224586824	266.568
9479	168680.32231679547	104400.79472828936	266.596
9480	168679.80841477893	104400.87447893713	266.629
9481	168679.31691217778	104401.00658647437	266.556
9482	168678.8176991404	104401.1342176348	266.612
9483	168678.29752576028	104401.13868128881	266.675
9484	168677.78717358108	104401.25663331058	266.67400000000004
9485	168677.3000906564	104401.2817914309	266.61400000000003
9486	168676.82050626227	104401.3377494691	266.63599999999997
9487	168676.38038339396	104401.4615113847	266.664
9488	168675.8993754564	104401.44942939654	266.687
9489	168675.47184504673	104401.5752751017	266.653
9490	168675.13311578482	104401.63154589105	266.61
9491	168674.85198068724	104401.6027447423	266.694
9492	168674.74197531963	104401.6181132868	266.683
9493	168674.70736019136	104401.62522079702	266.694
9494	168674.64477962663	104401.70860669855	266.677
9495	168674.5537263901	104401.74276579823	266.67400000000004
9496	168674.37572234267	104401.62571681943	266.7
9497	168674.27256376424	104401.45276178792	266.68
9498	168674.23678112347	104401.38663941342	266.658
9499	168674.22022135576	104401.36359354109	266.633
9500	168674.20585619804	104401.32498337235	266.60400000000004
9501	168674.16308004907	104401.32056837063	266.59
9502	168674.11871967601	104401.46167239267	266.599
9503	168674.05982776152	104401.44311141595	266.615
9504	168673.94258901326	104401.31904738024	266.60400000000004
9505	168673.87789919839	104401.32660472672	266.619
9506	168673.85275128845	104401.34561013989	266.628
9507	168673.88101326747	104401.31994199473	266.652
9508	168674.00174265748	104401.29719607346	266.687
9509	168674.05942077795	104401.2892431803	266.703
9510	168673.99851602886	104401.26845051069	266.724
9511	168673.96343174606	104401.24014846515	266.716
9512	168673.95687822154	104401.2110203756	266.705
9513	168673.91554351826	104401.20234669559	266.694
9514	168673.86303071456	104401.16137708817	266.655
9515	168673.8369266453	104401.18186217174	266.656
9516	168673.82265372953	104401.18440706097	266.65
9517	168673.78149999093	104401.22541631293	266.64799999999997
9518	168673.7837603826	104401.22486815974	266.649
9519	168673.82204130734	104401.22314966656	266.64099999999996
9520	168673.9006715354	104401.27348068636	266.655
9521	168673.95755676625	104401.32169563603	266.66
9522	168673.81505985034	104401.31507430319	266.64099999999996
9523	168673.66193746496	104401.32157750521	266.658
9524	168674.96510657834	104407.66456953529	267.85400000000004
9525	168674.9401457177	104407.66429591086	267.829
9526	168674.9506029181	104407.63152032159	267.903
9527	168674.9385315959	104407.58290764783	267.89099999999996
9528	168674.93307538982	104407.5459974017	267.828
9529	168674.9472447401	104407.5727424575	267.786
9530	168674.95755931156	104407.6139336545	267.788
9531	168674.9633408241	104407.59244981967	267.808
9532	168674.96046162257	104407.56630082335	267.819
9533	168674.9562283815	104407.5533091398	267.82099999999997
9534	168674.96287274742	104407.52311541326	267.836
9535	168674.9725331161	104407.54761995003	267.845
9536	168674.96144661677	104407.55666445848	267.83299999999997
9537	168674.99233538128	104407.52766873594	267.836
9538	168675.00361045636	104407.53252851963	267.82099999999997
9539	168675.04202354897	104407.56065695733	267.827
9540	168675.20774424245	104407.48727554176	267.815
9541	168675.25655317112	104407.53360813856	267.811
9542	168675.228563027	104407.54963738844	267.795
9543	168675.22389192623	104407.55963148642	267.779
9544	168675.22367189277	104407.55462540314	267.75
9545	168675.21466286512	104407.5139949657	267.728
9546	168675.21663482086	104407.49416609854	267.698
9547	168675.23193031206	104407.5049723098	267.688
9548	168675.22769969306	104407.49123910721	267.67900000000003
9549	168675.21673312804	104407.46635919437	267.665
9550	168675.2151371867	104407.44707385544	267.643
9551	168675.23584931897	104407.4723589886	267.638
9552	168675.32574116785	104407.49770331848	267.64799999999997
9553	168675.57192100954	104407.39438915439	267.63599999999997
9554	168675.91794871486	104407.35816541966	267.611
9555	168676.31174506102	104407.35992845893	267.652
9556	168676.77842840026	104407.28816731926	267.659
9557	168677.29416058818	104407.2957376223	267.677
9558	168677.8119964901	104407.24621785711	267.69
9559	168678.2668747109	104407.25227541663	267.624
9560	168678.8154344437	104407.25402973127	267.64599999999996
9561	168679.3639941765	104407.2557840459	
9562	168679.70770328227	104407.25688324054	
9563	168680.05141238804	104407.25798243517	
9564	168680.3951214938	104407.2590816298	
9565	168680.73883059958	104407.26018082444	
9566	168681.08253970536	104407.26128001907	
9567	168681.42624881113	104407.2623792137	
9568	168681.7699579169	104407.26347840833	
9569	168682.11366702267	104407.26457760297	
9570	168682.45737612844	104407.2656767976	
9571	168682.8010852342	104407.26677599223	
9572	168683.14479433998	104407.26787518687	
9573	168683.48850344575	104407.2689743815	
9574	168683.83221255153	104407.27007357613	
9575	168684.1759216573	104407.27117277076	
9576	168684.51963076307	104407.2722719654	
9577	168684.86333986884	104407.27337116003	
9578	168749.1180387711	104402.87151252199	267.565
9579	168749.15328516165	104402.85402636137	267.57099999999997
9580	168749.39604503266	104402.77702768892	267.578
9581	168749.65007598032	104402.70600124542	267.621
9582	168750.06791638158	104402.76550881658	267.668
9583	168750.5422665642	104402.74439058919	267.684
9584	168751.02198012892	104402.71921304241	267.634
9585	168751.53213419078	104402.69099211041	267.683
9586	168751.9757893007	104402.64418237656	267.695
9587	168752.52367465507	104402.70211258437	267.744
9588	168753.12050158367	104402.6348985685	267.7
9589	168753.746720703	104402.5920739714	267.72900000000004
9590	168754.33296082364	104402.5270470893	267.749
9591	168754.91058637796	104402.4443784263	267.778
9592	168755.55735855908	104402.40459312126	267.811
9593	168756.1563682915	104402.35870609246	267.842
9594	168756.72190152426	104402.40094195306	267.91900000000004
9595	168757.16889610182	104402.35099302325	267.895
9596	168757.70294707298	104402.4218513621	267.893
9597	168758.25936948007	104402.41882190108	267.857
9598	168758.79207823944	104402.3990239324	267.81
9599	168759.42304052965	104402.39292242564	267.837
9600	168760.01346206813	104402.32197880745	267.89599999999996
9601	168760.65530029067	104402.29923171736	267.902
9602	168761.2182134151	104402.17554213759	267.932
9603	168761.83261139176	104402.11432372313	267.89
9604	168762.47934021137	104402.08677430172	267.923
9605	168762.99900295405	104402.19261920918	267.986
9606	168763.58560082718	104402.16077794414	267.934
9607	168764.15896095327	104402.10775620677	267.889
9608	168764.76477274043	104402.0209249612	267.884
9609	168765.35413581142	104401.8799038995	267.87
9610	168766.5278960476	104401.72427464183	267.92400000000004
9611	168767.10524559062	104401.75283534359	267.932
9612	168767.68964965787	104401.70281933434	267.905
9613	168768.30952734948	104401.70520705916	267.866
9614	168768.9188541172	104401.66621725075	267.868
9615	168769.475169304	104401.62648301292	267.874
9616	168770.0586975223	104401.622253431	267.876
9617	168770.68912004988	104401.50047317147	267.848
9618	168771.37278892446	104401.41373395268	267.842
9619	168772.62409484255	104401.27895897347	267.85200000000003
9620	168773.25408840817	104401.17756948154	267.871
9621	168773.8715678981	104401.11895875726	267.82
9622	168774.48514436843	104401.02140407823	267.82599999999996
9623	168775.07802486655	104400.96103763487	267.769
9624	168776.27890501858	104400.86723903101	267.86
9625	168776.88867815404	104400.80303981714	267.837
9626	168778.0246914597	104400.63281916175	267.827
9627	168778.58707304095	104400.52507236134	267.829
9628	168779.76637189303	104400.48347546626	267.711
9629	168780.9543709124	104400.33512991015	267.764
9630	168781.42105016217	104400.2316776989	267.809
9631	168781.91607061186	104400.21415802557	267.791
9632	168782.36721576966	104400.13363800012	267.793
9633	168782.73701782944	104400.13087447546	267.742
9634	168783.11106452087	104400.10439721681	267.728
9635	168783.381153313	104400.03046338074	267.725
9636	168783.46145168648	104400.0459502032	267.707
9637	168783.44670786988	104400.04719544761	267.677
9638	168783.40526963034	104400.03425676841	267.653
9639	168783.3935204981	104400.02902430017	267.63
9640	168783.37793737912	104400.03230576217	267.621
9641	168783.3573362421	104400.04279926512	267.608
9642	168783.3500035545	104400.03239181638	267.61400000000003
9643	168783.35004684472	104399.98678807449	267.603
9644	168783.39576025307	104400.00085424725	267.63599999999997
9645	168783.46749355723	104400.08508722205	267.651
9646	168783.67147345262	104400.05003387108	267.665
9647	168784.01046940836	104399.98598493263	267.647
9648	168784.45805721558	104400.00333397184	267.666
9649	168784.9832926127	104399.91251087375	267.642
9650	168785.51773130323	104399.90773766674	267.625
9651	168786.03282414863	104399.79444742016	267.647
9652	168786.57779630605	104399.80250311363	267.64099999999996
9653	168787.13736289676	104399.7844719505	267.625
9654	168787.6643109714	104399.74685975537	267.663
9655	168788.22630072493	104399.7827834012	267.672
9656	168788.76144584588	104399.7464981433	267.694
9657	168789.28094340907	104399.76503026579	267.71299999999997
9658	168789.78541173376	104399.63112522382	267.683
9659	168790.3125993798	104399.55958929658	267.659
9660	168791.3750355758	104399.52295536827	267.644
9661	168791.95006663603	104399.53501155786	267.689
9662	168792.57911728145	104399.4649505131	267.70099999999996
9663	168793.17363406473	104399.44593203254	267.724
9664	168793.73469802336	104399.34114826005	267.74
9665	168794.28185594885	104399.33623580448	267.762
9666	168794.87035258944	104399.23859425634	267.737
9667	168795.45842208204	104399.16078709625	267.697
9668	168796.037380577	104399.07126853429	267.707
9669	168796.5647888127	104398.97118523344	267.749
9670	168797.13412827696	104398.97932871897	267.797
9671	168797.58365069627	104398.92067925539	267.77099999999996
9672	168797.94688058447	104398.99445604812	267.768
9673	168798.13794936275	104398.98012005631	267.782
9674	168798.14406015014	104398.93305485137	267.78
9675	168798.14651990184	104398.90989089198	267.772
9676	168798.1348091648	104398.92727509886	267.76599999999996
9677	168798.1365017566	104398.9526784122	267.746
9678	168798.12060623025	104398.94353814702	267.742
9679	168798.17338329222	104398.90998648852	267.72900000000004
9680	168798.17327630203	104398.9066492347	267.728
9681	168798.20884925092	104398.93106082734	267.737
9682	168798.34950098788	104398.92173611932	267.733
9683	168798.33336629302	104398.87959705666	267.724
9684	168798.36700958136	104398.87841910683	267.717
9685	168798.38750981976	104398.8962887032	267.715
9686	168798.33130547462	104398.92426671088	267.733
9687	168798.1557016206	104398.93513547629	267.75
9688	168798.13212236064	104398.98084085062	267.725
9689	168798.16878805798	104398.9653992625	267.717
9690	168798.21564786206	104398.99133407231	267.724
9691	168798.28316412962	104398.9578348631	267.709
9692	168798.3614606696	104398.90120131057	267.722
9693	168798.34712249745	104398.95546712354	267.705
9694	168798.325230429	104398.99469013698	267.702
9695	168798.31562626912	104399.02135092579	267.721
9696	168798.30681182072	104399.0265102433	267.718
9697	168798.31132075744	104399.02875087224	267.724
9698	168798.31612163843	104399.04915994126	267.717
9699	168798.31939113367	104399.06567054894	267.71299999999997
9700	168798.42630062572	104399.08533069305	267.721
9701	168798.8067798958	104399.02161570825	267.751
9702	168799.19122547662	104399.0124170892	267.726
9703	168799.67993122127	104399.03250908479	267.779
9704	168800.16122931876	104398.92966669705	267.801
9705	168800.71737856546	104398.86991392542	267.795
9706	168801.21936507022	104398.76547682937	267.797
9707	168801.74886954963	104398.7110054018	267.813
9708	168802.32790512327	104398.73345834855	267.851
9709	168802.88900920775	104398.71765889972	267.895
9710	168803.4613665849	104398.74620579556	267.923
9711	168804.00580240862	104398.67121037375	267.948
9712	168804.62953955223	104398.65804402623	267.93
9713	168805.25904357203	104398.62765778415	267.975
9714	168805.84305634716	104398.68776131887	267.96299999999997
9715	168806.4713558169	104398.62845138554	267.943
9716	168807.07018289343	104398.6007368695	267.904
9717	168807.66688559487	104398.5687510809	267.884
9718	168808.23042965154	104398.50198091939	267.921
9719	168808.76445510055	104398.4797827052	267.992
9720	168809.25895140693	104398.40924455225	268.04200000000003
9721	168809.83858257995	104398.39796097204	268.034
9722	168810.4143914734	104398.29174841475	267.992
9723	168811.0162443559	104398.2488438189	267.98400000000004
9724	168811.58446315746	104398.17115314119	267.954
9725	168812.1919548196	104398.08025490213	268.003
9726	168812.7723572911	104398.01929209568	268.036
9727	168813.89153253494	104397.80471293256	268.112
9728	168814.37106520275	104397.66367691942	268.133
9729	168814.89811342416	104397.66481256671	268.1
9730	168815.42396437778	104397.56824784726	268.111
9731	168815.94837379808	104397.50931053143	268.085
9732	168816.55263646977	104397.49070014805	268.14
9733	168817.12604519702	104397.42433683481	268.165
9734	168817.68947987564	104397.42170935962	268.2
9735	168818.2785622471	104397.32666784152	268.195
9736	168819.38056056583	104397.22918988299	268.207
9737	168819.8922502476	104397.13720970042	268.259
9738	168820.40643540604	104397.11216125078	268.319
9739	168820.9710099578	104397.02315030899	268.33
9740	168821.51926834843	104396.97634832375	268.277
9741	168822.10895303002	104396.94582221005	268.34
9742	168822.68299785818	104396.83441401273	268.397
9743	168823.75420914884	104396.70382932201	268.434
9744	168824.83797649448	104396.61889348831	268.394
9745	168825.3170248077	104396.51382078789	268.438
9746	168825.8293465383	104396.47801408451	268.525
9747	168826.33944624115	104396.39863481186	268.565
9748	168826.84706944536	104396.41379142553	268.58099999999996
9749	168827.87180492672	104396.24967322499	268.611
9750	168828.30725241508	104396.17151112296	268.678
9751	168828.7427297214	104396.05163827818	268.725
9752	168829.2572181015	104396.04160768632	268.77
9753	168829.8047272164	104395.97163117398	268.801
9754	168830.28703847775	104395.88492334262	268.775
9755	168830.8209416299	104395.79710179195	268.862
9756	168831.31581763757	104395.68689536862	268.959
9757	168831.8578385572	104395.62264633924	269.034
9758	168832.3548569039	104395.47833741456	269.041
9759	168832.85829367742	104395.4341575373	269.097
9760	168833.34874929918	104395.3302385211	269.14099999999996
9761	168833.82611508286	104395.2970886901	269.133
9762	168834.29970232028	104395.2568809269	269.153
9763	168834.7485083245	104395.1993443491	269.23400000000004
9764	168835.26423094273	104395.20989611093	269.348
9765	168835.78688165068	104395.14428074285	269.41
9766	168836.2825609784	104395.17552388366	269.459
9767	168836.83813245973	104395.1446923865	269.426
9768	168837.36958103537	104395.11192110833	269.464
9769	168837.87782324685	104395.08685316145	269.51099999999997
9770	168838.37563869273	104394.9857415799	269.556
9771	168838.92839963108	104394.97640455887	269.639
9772	168839.4810730577	104394.89161692746	269.66700000000003
9773	168839.98445904022	104394.86171193607	269.705
9774	168840.47208774596	104394.78392231837	269.691
9775	168840.99668947243	104394.6712274747	269.746
9776	168841.5321031252	104394.59323761892	269.811
9777	168842.011360903	104394.42958655674	269.832
9778	168842.55909435908	104394.33013647236	269.882
9779	168843.11285388801	104394.17416652199	269.874
9780	168843.6605277117	104394.12476939894	269.882
9781	168844.17811771104	104394.04504780006	269.853
9782	168845.22431395113	104393.99631692562	269.941
9783	168845.77812446596	104393.95936248451	269.959
9784	168846.34392709314	104393.92615852598	270.03
9785	168846.85259142963	104393.78281941544	270.034
9786	168847.40121294025	104393.73435296956	270.036
9787	168848.3668297233	104393.54907966778	270.059
9788	168848.90117183383	104393.47164288256	270.117
9789	168849.39953322095	104393.35088382661	270.14599999999996
9790	168850.48414741902	104393.29543195199	270.163
9791	168850.98274243626	104393.30907561071	270.151
9792	168851.47621391443	104393.29285457917	270.17
9793	168851.95490493064	104393.22152247746	270.188
9794	168852.5629705797	104393.20330054127	270.215
9795	168853.10017260557	104393.05728315562	270.27
9796	168853.65820881378	104393.03536053933	270.303
9797	168854.1550758261	104392.93369091209	270.329
9798	168854.68374892994	104392.94595921971	270.308
9799	168855.7046052951	104392.83670553751	270.35400000000004
9800	168856.28867753883	104392.8135784585	270.39799999999997
9801	168856.8571249945	104392.7054908527	270.403
9802	168857.45824718903	104392.66777961422	270.411
9803	168857.89340790198	104392.53697051108	270.443
9804	168858.32805468346	104392.51683249045	270.365
9805	168858.77081378928	104392.52174999565	270.408
9806	168859.24583870094	104392.44521478005	270.443
9807	168859.85475637525	104392.42143526953	270.384
9808	168861.06629047537	104392.30767269433	270.33799999999997
9809	168861.63470073967	104392.24333554972	270.374
9810	168862.1869208277	104392.11924774665	270.41
9811	168862.7336948156	104392.08894369658	270.407
9812	168863.26285746542	104391.930848822	270.442
9813	168864.31942813203	104391.70660229214	270.438
9814	168865.54784652608	104391.52486594953	270.361
9815	168866.64642203806	104391.38789929543	270.449
9816	168867.81023148808	104391.2242855141	270.41700000000003
9817	168868.96594696544	104391.13034660276	270.329
9818	168869.50724438258	104391.13580235839	270.376
9819	168870.0293516008	104391.08946812246	270.405
9820	168870.6230541355	104391.06582088489	270.425
9821	168871.19080311904	104390.98702262715	270.444
9822	168871.7986873414	104390.91986148246	270.404
9823	168872.36144406872	104390.77449348476	270.316
9824	168872.97306183536	104390.66044423729	270.315
9825	168873.55476311137	104390.56909012608	270.314
9826	168874.09541072455	104390.45701203123	270.312
9827	168874.67028370468	104390.44701621402	270.33
9828	168875.28122715378	104390.28884397727	270.306
9829	168875.9127500662	104390.19284821954	270.279
9830	168876.4477604898	104390.06165590324	270.315
9831	168876.97425204903	104389.95267900359	270.301
9832	168877.5705191387	104389.90994739253	270.328
9833	168878.15425623604	104389.78115395736	270.3
9834	168878.72675078767	104389.70496881008	270.335
9835	168879.26148490218	104389.55134460423	270.38
9836	168879.84618109584	104389.52006555814	270.344
9837	168880.43416032084	104389.40166891087	270.324
9838	168880.99646663066	104389.34917645529	270.285
9839	168881.5365151628	104389.27176335547	270.286
9840	168882.07839612348	104389.14726990461	270.288
9841	168882.63274541567	104389.12607868854	270.314
9842	168883.20116623142	104389.05896316934	270.325
9843	168883.7832035696	104389.10646227933	270.303
9844	168884.3376390244	104389.06117192842	270.289
9845	168884.8622202101	104389.02115097735	270.256
9846	168885.42308631103	104388.97254685778	270.282
9847	168885.88748303035	104388.87669633795	270.265
9848	168886.38632715226	104388.85400940478	270.288
9849	168886.86623199616	104388.74264234956	270.275
9850	168887.376004405	104388.722033781	270.22900000000004
9851	168887.89362719638	104388.69997027796	270.263
9852	168888.34567419425	104388.63392226864	270.278
9853	168888.79921119317	104388.64981834032	270.274
9854	168889.22923441403	104388.59314612579	270.285
9855	168889.54714689698	104388.64174062945	270.27299999999997
9856	168889.65978058486	104388.5896803625	270.293
9857	168889.66643038436	104388.59155796003	270.272
9858	168889.7414216803	104388.62853169534	270.286
9859	168889.75180488668	104388.65007310174	270.278
9860	168889.72014728718	104388.69426612556	270.251
9861	168889.7440477272	104388.69194162916	270.254
9862	168889.77803974235	104388.69299008511	270.256
9863	168889.75722647234	104388.69625253137	270.258
9864	168889.72832136354	104388.63552935515	270.257
9865	168889.6821132451	104388.59365323745	270.242
9866	168889.6513191014	104388.56258437969	270.22700000000003
9867	168889.68781083898	104388.49616283178	270.216
9868	168889.77157629587	104388.43955018092	270.20099999999996
9869	168890.009963596	104388.48915801384	270.194
9870	168890.5165888043	104388.41792928986	270.199
9871	168891.1483936396	104388.40943652112	270.16200000000003
9872	168892.46388414947	104388.2773293322	270.082
9873	168893.12464769807	104388.18162558042	270.064
9874	168893.79400600342	104388.07575665973	270.078
9875	168894.42146889115	104387.98512465414	270.08299999999997
9876	168895.05471984667	104387.80497406516	270.084
9877	168895.69024221686	104387.68767607305	270.115
9878	168896.33130053154	104387.51812031772	270.093
9879	168896.95379242796	104387.42153861746	270.055
9880	168897.5613543057	104387.27855815366	270.041
9881	168898.7716636694	104387.10899992194	270.095
9882	168899.38567793698	104387.0563236447	270.069
9883	168900.0214176635	104386.94477378018	270.094
9884	168900.65738533708	104386.86918885913	270.091
9885	168901.3016709141	104386.794375306	270.115
9886	168901.90276333835	104386.69882991165	270.176
9887	168902.51955403038	104386.63429949991	270.236
9888	168903.13826635218	104386.5310312584	270.26599999999996
9889	168903.79120670442	104386.49573528022	270.289
9890	168905.04743974813	104386.41439913213	270.36400000000003
9891	168905.67687132006	104386.3384206593	270.385
9892	168906.3579361351	104386.2830190435	270.353
9893	168906.99551613722	104386.15553378034	270.32
9894	168907.6551600088	104386.07391684316	270.278
9895	168908.2894610454	104385.96588507388	270.256
9896	168908.92478071034	104385.83894809335	270.269
9897	168909.5577802604	104385.72924338467	270.29
9898	168910.17570980088	104385.57907159347	270.35
9899	168911.43877657596	104385.34871452767	270.402
9900	168912.11331595987	104385.28995342273	270.392
9901	168912.719551073	104385.1525313966	270.39099999999996
9902	168913.30761195975	104385.07807415165	270.348
9903	168913.90469790864	104384.97287592385	270.362
9904	168914.4833040704	104384.88318365719	270.395
9905	168915.04318408022	104384.811406428	270.442
9906	168915.60626274513	104384.67624016758	270.453
9907	168916.24723187467	104384.59826506674	270.487
9908	168917.4780483672	104384.47809607536	270.448
9909	168918.11550939022	104384.41716375109	270.465
9910	168919.3367742642	104384.27564208768	270.467
9911	168919.92330537102	104384.19691631943	270.445
9912	168921.11413629624	104384.08976706397	270.485
9913	168921.70171665837	104384.0499754101	270.509
9914	168922.25195418365	104383.91587615106	270.551
9915	168922.8151340669	104383.85208297521	270.558
9916	168923.3778278884	104383.69170425087	270.533
9917	168923.9931881804	104383.59528555907	270.515
9918	168924.57803940718	104383.45463679731	270.476
9919	168925.1290566563	104383.33518578485	270.46
9920	168925.71852373186	104383.23329846095	270.501
9921	168926.28906613428	104383.03883792646	270.533
9922	168926.8758166414	104382.93212107662	270.53700000000003
9923	168927.45255534333	104382.76660241466	270.53
9924	168928.10244108117	104382.68828993384	270.514
9925	168928.73588033838	104382.58878507838	270.48400000000004
9926	168929.355083064	104382.48162864242	270.45799999999997
9927	168929.9926926517	104382.34617483523	270.486
9928	168930.60233850195	104382.18596512545	270.565
9929	168931.19990196728	104382.04721646477	270.591
9930	168931.78044723754	104381.88097038772	270.585
9931	168932.44015182857	104381.78267240152	270.573
9932	168933.108424814	104381.61525782757	270.573
9933	168933.78829996113	104381.52722829208	270.61
9934	168934.40656801398	104381.38243660424	270.656
9935	168935.0298642349	104381.26083572861	270.621
9936	168935.6715181834	104381.1246555727	270.65
9937	168936.32812838245	104381.06064259075	270.626
9938	168936.97929216258	104380.95749462955	270.606
9939	168937.66224209193	104380.84074244741	270.627
9940	168938.33119778946	104380.74822519347	270.68
9941	168938.9741014792	104380.66136145033	270.783
9942	168939.60265156403	104380.63265618216	270.894
9943	168940.21530642625	104380.56162697077	270.97900000000004
9944	168940.84490305136	104380.53941396344	270.985
9945	168941.48987803064	104380.43846894521	271.04200000000003
9946	168942.16838601153	104380.40030326322	271.053
9947	168942.83509338196	104380.30499778688	271.047
9948	168943.48025351294	104380.25188215543	270.98900000000003
9949	168944.1609411233	104380.16941831727	270.942
9950	168944.79580404586	104380.0708473986	270.968
9951	168945.4367635375	104379.99584189896	270.991
9952	168946.09476690588	104379.84173961543	271.01
9953	168946.77007709615	104379.76722823828	271.053
9954	168947.40376410013	104379.66513116378	271.138
9955	168948.04004257178	104379.63589847181	271.168
9956	168948.66265056882	104379.54062093142	271.142
9957	168949.35568684808	104379.49509301502	271.122
9958	168950.00262514007	104379.37710095663	271.065
9959	168950.62321082177	104379.34855380934	270.959
9960	168951.32844186854	104379.28341943678	270.868
9961	168952.03039241565	104379.23810922913	270.895
9962	168952.6414702556	104379.20915744454	270.96299999999997
9963	168953.27796012862	104379.15415808279	270.955
9964	168953.9563147181	104379.15881653689	270.978
9965	168954.5736207848	104379.11672521941	270.992
9966	168955.21406721807	104379.1516504176	271.02
9967	168955.86598608803	104379.136378414	271.098
9968	168956.52020022913	104379.17710000742	271.14
9969	168957.1384951542	104379.12444577832	271.154
9970	168957.747487136	104379.11365450732	271.10900000000004
9971	168958.98319086793	104379.05654247478	271.144
9972	168959.62393688745	104379.07422878314	271.159
9973	168960.27933836455	104379.01596126519	271.189
9974	168961.58543328004	104378.9857974546	271.176
9975	168962.24949281182	104378.99911860097	271.117
9976	168962.92803881646	104378.98357228376	271.10200000000003
9977	168963.57244553498	104378.9417646788	271.095
9978	168964.23779753543	104378.92617116589	271.117
9979	168964.896301956	104378.89757643454	271.112
9980	168965.58855179982	104378.9056231333	271.098
9981	168966.2069703747	104378.8516727332	271.097
9982	168966.8553623622	104378.85863522999	271.087
9983	168968.09747556841	104378.96968955174	270.994
9984	168968.7420426508	104379.0487520285	270.959
9985	168969.3670159184	104379.08937021252	270.927
9986	168970.03067888404	104379.11381381564	270.916
9987	168970.64719364455	104379.06041324325	270.926
9988	168971.2750053135	104379.07193691563	270.959
9989	168971.9132593792	104378.9891388705	270.98400000000004
9990	168972.58991090168	104378.97154778987	270.993
9991	168973.30077554152	104378.89345985465	270.996
9992	168974.6269883628	104378.75585012045	270.97
9993	168975.23401532022	104378.69648378901	271.029
9994	168975.86800733922	104378.70821558684	271.066
9995	168976.4936265319	104378.70137921162	271.132
9996	168977.1337745491	104378.75317572523	271.178
9997	168977.7997672188	104378.75779282395	271.16900000000004
9998	168978.44076224227	104378.83851208538	271.165
9999	168979.7094906803	104378.91944753192	271.117
10000	168980.98706704593	104378.98595529888	271.189
10001	168982.242173603	104379.02049697656	271.256
10002	168983.50881252094	104378.95515965298	271.355
10003	168984.14053007046	104378.97133342735	271.334
10004	168984.7380811157	104378.96884631924	271.385
10005	168985.3346552584	104378.97358565498	271.377
10006	168985.88336623393	104378.90103424527	271.355
10007	168986.43757766255	104378.81941895466	271.37
10008	168987.04286268353	104378.78173737694	271.418
10009	168987.6685133483	104378.70000822097	271.452
10010	168988.2608307778	104378.6654316634	271.445
10011	168988.8198039456	104378.54879659414	271.44
10012	168989.3896290066	104378.48855663277	271.437
10013	168989.9623443327	104378.35176447686	271.423
10014	168990.5141496837	104378.24511443451	271.418
10015	168991.08420405095	104378.12110416777	271.4
10016	168991.64420780365	104378.01541062351	271.413
10017	168992.22109221123	104377.97540295403	271.504
10018	168992.76782644106	104377.85761201102	271.51
10019	168993.35591218158	104377.80985870585	271.582
10020	168993.93386441196	104377.67123198789	271.617
10021	168994.54312593956	104377.58555170055	271.65
10022	168995.19955381635	104377.44034816977	271.652
10023	168995.8332849255	104377.35939055867	271.637
10024	168996.45381449524	104377.24742680788	271.66
10025	168997.05550674914	104377.15115283057	271.663
10026	168997.68972958057	104377.0987459952	271.703
10027	168998.2778594529	104377.03875819966	271.747
10028	168998.86289637172	104377.012498823	271.791
10029	168999.4498460969	104376.91709900647	271.825
10030	169000.04997356317	104376.89237708692	271.847
10031	169000.65719439293	104376.77925366629	271.83799999999997
10032	169001.3030419013	104376.70056486968	271.866
10033	169001.88424133405	104376.58456727024	271.844
10034	169002.48042479623	104376.53276570886	271.846
10035	169003.05121315847	104376.46919381153	271.839
10036	169003.61926214167	104376.37409722991	271.869
10037	169004.17032576117	104376.34159862623	271.91900000000004
10038	169004.75006408253	104376.20223798696	271.937
10039	169005.3683738602	104376.14569642581	271.933
10040	169006.00785282563	104376.05308166146	271.967
10041	169006.64894056556	104375.97585944738	271.949
10042	169007.26662724544	104375.89428933244	271.962
10043	169007.86894219436	104375.79023279529	271.985
10044	169008.46338739092	104375.69300712738	271.985
10045	169008.9961241602	104375.56738145743	272.003
10046	169009.59466255433	104375.5548900934	272.074
10047	169010.16932950832	104375.47057017032	272.108
10048	169010.79477612354	104375.44575519674	272.183
10049	169011.38375750935	104375.31439995952	272.186
10050	169011.96115185381	104375.26494180784	272.173
10051	169012.53833783514	104375.20732617285	272.149
10052	169013.12208209274	104375.14398737065	272.158
10053	169013.76279086678	104375.10606557876	272.187
10054	169014.3817771751	104374.99372760579	272.238
10055	169015.0351130353	104374.94825076498	272.306
10056	169015.66262297734	104374.84558347054	272.328
10057	169016.93095873244	104374.73854935542	272.388
10058	169017.53541098366	104374.66824108083	272.372
10059	169018.15612968034	104374.56999879517	272.38599999999997
10060	169018.81002451284	104374.50135172065	272.413
10061	169019.41341917103	104374.4936988717	272.486
10062	169020.00267228018	104374.51806621812	272.58
10063	169020.59733444176	104374.55876669195	272.617
10064	169021.1906034313	104374.4911992969	272.647
10065	169021.8201190482	104374.49179757293	272.692
10066	169023.06295171534	104374.33702998888	272.71
10067	169023.65260533453	104374.21717220265	272.676
10068	169024.24604060064	104374.07044775225	272.66700000000003
10069	169024.88589344072	104373.97320206836	272.653
10070	169025.50801000584	104373.84993914887	272.666
10071	169026.14548296563	104373.81942246761	272.711
10072	169026.74111604225	104373.72257389501	272.725
10073	169027.36069248576	104373.71053107269	272.705
10074	169027.97356905325	104373.61152016558	272.681
10075	169029.19852425606	104373.37104327418	272.632
10076	169029.8217301462	104373.24240871146	272.686
10077	169030.43310830955	104373.16341391765	272.73400000000004
10078	169031.02380197198	104373.01890492905	272.775
10079	169031.63121957507	104372.91746481415	272.827
10080	169032.19443075437	104372.74671812262	272.853
10081	169032.8130684681	104372.66533979587	272.892
10082	169033.43313926205	104372.58211288135	272.942
10083	169034.07095969588	104372.5211958075	272.909
10084	169035.2125408236	104372.32732147537	272.966
10085	169035.80467634098	104372.27754827589	273.035
10086	169036.35963922436	104372.1527469717	273.046
10087	169036.95285186142	104372.13393652812	273.091
10088	169037.54218938484	104372.10195008386	273.089
10089	169038.11220055766	104372.12235708255	273.04
10090	169038.70012440174	104372.08684341889	272.975
10091	169039.27195948618	104371.99695499055	273.008
10092	169039.79805949982	104371.9321137052	272.996
10093	169040.8620479314	104371.7967269374	273.033
10094	169041.4187217986	104371.69195355661	273.018
10095	169042.5962145332	104371.56031313539	273.004
10096	169043.12656654863	104371.43709226418	273.06
10097	169044.2212973236	104371.2480562916	273.19599999999997
10098	169045.45994039997	104371.10180641897	273.21
10099	169046.06316871318	104371.04150759615	273.209
10100	169046.65854982683	104371.01473464444	273.212
10101	169047.21110427374	104370.93163668364	273.245
10102	169047.73607844653	104370.91536213271	273.313
10103	169048.25598510023	104370.82102365978	273.32099999999997
10104	169048.8274276751	104370.77414340619	273.29
10105	169049.39476479357	104370.71204711217	273.32599999999996
10106	169049.8900170604	104370.59834019188	273.375
10107	169050.4481435599	104370.51934105717	273.427
10108	169051.0235291958	104370.3679199703	273.437
10109	169051.63235969946	104370.30337820761	273.447
10110	169052.24015758923	104370.2944473084	273.41900000000004
10111	169052.83124281344	104370.30529204383	273.435
10112	169053.41062152127	104370.23322899546	273.472
10113	169053.92989502483	104370.05083247554	273.504
10114	169054.50885798055	104369.92927112337	273.54900000000004
10115	169055.06261835335	104369.77554789279	273.589
10116	169055.6494075842	104369.69220353384	273.567
10117	169056.2104890087	104369.51904174965	273.547
10118	169056.78142791995	104369.41413605958	273.519
10119	169057.35702114966	104369.33705447614	273.564
10120	169057.9132574219	104369.25489782076	273.603
10121	169058.48035204105	104369.2600951856	273.66
10122	169059.03332614177	104369.1925720349	273.659
10123	169059.61519617206	104369.1878122203	273.639
10124	169060.1853531045	104369.10199839063	273.591
10125	169060.73790615585	104368.98646002915	273.61400000000003
10126	169061.25237466823	104368.91694436036	273.67900000000003
10127	169061.8096310667	104368.78269952629	273.70799999999997
10128	169062.3869893578	104368.71063016728	273.749
10129	169062.9352292336	104368.60453094263	273.733
10130	169063.46207518398	104368.53079637047	273.712
10131	169064.03906555707	104368.46187735349	273.743
10132	169064.56223317175	104368.32046528906	273.78700000000003
10133	169065.14186872417	104368.24321375974	273.836
10134	169065.66098449143	104368.07175533753	273.85
10135	169066.23189163435	104367.97574887425	273.824
10136	169066.7886444654	104367.8822867265	273.807
10137	169067.34941086813	104367.76362721156	273.829
10138	169067.92394176926	104367.7175016934	273.868
10139	169068.47491065093	104367.57989799418	273.89799999999997
10140	169069.07149321932	104367.5167970797	273.91
10141	169069.65081206284	104367.3956094319	273.906
10142	169070.23391671613	104367.34525133483	273.853
10143	169070.82039418948	104367.3154828446	273.87
10144	169071.36269714133	104367.20769462455	273.894
10145	169071.8680976705	104367.114789146	273.91
10146	169072.41134944314	104366.9417500915	273.89
10147	169072.94929835468	104366.85470906086	273.874
10148	169073.51379802113	104366.72271619365	273.893
10149	169074.0623851623	104366.5864021508	273.914
10150	169074.6419962804	104366.51601069607	273.95
10151	169075.24307641288	104366.39249227289	273.96
10152	169075.85143259846	104366.3607641412	273.992
10153	169076.45358992842	104366.23521054536	274.02299999999997
10154	169077.06188715078	104366.15398542397	274.029
10155	169077.6372931466	104366.03018917516	274.052
10156	169078.20326358892	104365.8859669203	274.039
10157	169078.75730474084	104365.8193765888	274.068
10158	169079.32032873592	104365.7010972565	274.145
10159	169079.89576969395	104365.63347203936	274.204
10160	169080.42056125114	104365.43756517582	274.193
10161	169080.94535280834	104365.24165831227	
10162	169081.27855379705	104365.11727300208	
10163	169081.61175478576	104364.99288769189	
10164	169081.94495577447	104364.8685023817	
10165	169082.27815676318	104364.7441170715	
10166	169082.61135775188	104364.61973176131	
10167	169082.9445587406	104364.49534645112	
10168	169083.2777597293	104364.37096114093	
10169	169083.610960718	104364.24657583074	
10170	169083.94416170672	104364.12219052055	
10171	169084.27736269543	104363.99780521035	
10172	169084.61056368414	104363.87341990016	
10173	169084.94376467285	104363.74903458997	
10174	169085.27696566156	104363.62464927978	
10175	169085.61016665027	104363.50026396959	
10176	169085.94336763897	104363.3758786594	
10177	169086.27656862768	104363.2514933492	
10178	169086.6097696164	104363.12710803901	
10179	169086.9429706051	104363.00272272882	
10180	169087.2761715938	104362.87833741863	
10181	169109.17687455303	104368.54784205649	274.555
10182	169109.35098478716	104368.45744943712	274.592
10183	169108.39653930574	104364.79456164408	274.953
10184	169108.57485995744	104364.88752675708	274.97900000000004
10185	169108.53619470855	104364.92965393234	274.981
10186	169108.57313160523	104364.80669407081	274.968
10187	169108.5634798662	104364.78033495229	274.981
10188	169108.547997378	104364.8214336941	274.999
10189	169108.55084174176	104364.75804343261	275.018
10190	169108.49136169517	104364.93523859978	274.993
10191	169108.32304795904	104365.09906338155	274.997
10192	169108.1381996488	104365.10191701725	274.976
10193	169108.0448806798	104365.16998533718	274.97700000000003
10194	169107.95735490456	104365.18097703625	274.968
10195	169107.91928563552	104365.15692509804	274.964
10196	169107.756888305	104365.1967509212	274.938
10197	169107.47478142066	104365.33810371533	274.952
10198	169106.9926551832	104365.37158243824	274.94
10199	169105.91603737744	104365.54713808373	274.847
10200	169105.367778008	104365.62542553432	274.873
10201	169104.24475637823	104365.78079247288	274.869
10202	169103.6812708597	104365.96079960465	274.816
10203	169103.0790239299	104366.0451950403	274.785
10204	169101.93303240195	104366.27426133398	274.712
10205	169101.37534594393	104366.36271110643	274.716
10206	169100.21392574097	104366.51942311227	274.705
10207	169099.04268737423	104366.66293777246	274.569
10208	169098.4360995511	104366.73156059254	274.55
10209	169097.88655081333	104366.87064936198	274.598
10210	169096.71209677766	104367.04881929513	274.639
10211	169096.1133856327	104367.1087579159	274.626
10212	169095.48880486697	104367.25536174141	274.58099999999996
10213	169094.86239104508	104367.35005213134	274.534
10214	169094.242592828	104367.45607479103	274.507
10215	169093.64232700135	104367.58441392984	274.515
10216	169093.03376314146	104367.67360760178	274.518
10217	169092.4349126412	104367.83791604452	274.486
10218	169091.80743825407	104367.89719505236	274.481
10219	169091.1995778901	104368.02198476903	274.431
10220	169090.59606273595	104368.09562489577	274.383
10221	169089.41131684688	104368.26022639032	274.283
10222	169088.82603136802	104368.28907021694	274.301
10223	169088.23439543473	104368.36479273904	274.283
10224	169087.63727368592	104368.37969029881	274.285
10225	169087.06771183957	104368.53094307613	274.236
10226	169086.4768095591	104368.63391955756	274.228
10227	169085.8905466821	104368.8346090382	274.245
10228	169085.28309440974	104368.91231394559	274.181
10229	169084.66888524618	104369.01780177467	274.144
10230	169084.08570997702	104369.12062105723	274.111
10231	169083.5018359362	104369.25235743169	274.101
10232	169082.91042888153	104369.36348928511	274.099
10233	169082.30237501004	104369.37742104568	274.108
10234	169081.68526565342	104369.49606084451	274.103
10235	169081.03474477763	104369.518737684	274.097
10236	169080.4208374623	104369.63942839392	274.062
10237	169079.79131290276	104369.67404565122	274.017
10238	169079.18075626317	104369.75563306175	273.976
10239	169078.59363550495	104369.83192911278	273.97700000000003
10240	169078.00832415323	104369.86800392717	274.01
10241	169077.422208646	104369.99509833194	273.996
10242	169076.78707673238	104370.03544252831	273.975
10243	169076.16609695047	104370.17260716669	273.938
10244	169075.58064010934	104370.28190750722	273.882
10245	169074.99465762885	104370.40510964394	273.89599999999996
10246	169074.40605077072	104370.53089771327	273.883
10247	169073.8374727457	104370.57444867957	273.89
10248	169073.2366884117	104370.68202549778	273.899
10249	169072.65671555363	104370.622277827	273.89099999999996
10250	169072.05067828603	104370.67032828648	273.867
10251	169071.45023583784	104370.61736597121	273.797
10252	169070.847433217	104370.59257322457	273.77
10253	169070.21027988743	104370.56728578359	273.772
10254	169069.58080435952	104370.58837156091	273.798
10255	169069.01433802888	104370.70552721061	273.774
10256	169068.4300089719	104370.76589163579	273.769
10257	169067.86358837844	104370.9362521302	273.75
10258	169067.28136882427	104371.00496647507	273.725
10259	169066.71548597908	104371.15808853135	273.694
10260	169066.14640607798	104371.2748642927	273.65
10261	169065.56053409807	104371.40047783218	273.62
10262	169064.9648634593	104371.47451995593	273.631
10263	169064.38515331643	104371.4737255266	273.64799999999997
10264	169063.7730793089	104371.54770858772	273.633
10265	169063.14800013974	104371.53636919241	273.661
10266	169062.53476940905	104371.63444784842	273.594
10267	169061.8933727414	104371.6651313724	273.524
10268	169061.2667213823	104371.69419974647	273.503
10269	169060.65939909476	104371.70313132461	273.47
10270	169060.01118681193	104371.77791133709	273.507
10271	169059.4151151855	104371.93018372636	273.522
10272	169058.76690763	104372.00366623513	273.525
10273	169058.14076166443	104372.18919897731	273.547
10274	169057.49586650715	104372.23414480407	273.536
10275	169056.84920057977	104372.37455591373	273.53700000000003
10276	169056.20070121932	104372.46305360273	273.494
10277	169055.54991185255	104372.59325399995	273.455
10278	169054.9016843737	104372.67229836341	273.431
10279	169054.27599649265	104372.76384467818	273.468
10280	169053.65592657085	104372.87969633844	273.445
10281	169052.99372804046	104372.9104912933	273.469
10282	169052.3622544654	104373.02426277567	273.42900000000003
10283	169051.67361174154	104373.0705345869	273.41200000000003
10284	169051.02857301457	104373.15533775836	273.363
10285	169050.37325989286	104373.22156578396	273.298
10286	169049.73593219	104373.2776627494	273.305
10287	169049.10321751315	104373.34007940721	273.315
10288	169048.44361015566	104373.34456006717	273.316
10289	169047.78323312075	104373.46360394452	273.306
10290	169047.11956353608	104373.50681490824	273.244
10291	169046.46655217966	104373.62699779589	273.195
10292	169045.85900347194	104373.7317726044	273.131
10293	169045.25655252454	104373.87327144481	273.138
10294	169044.67245085203	104374.03559926059	273.151
10295	169044.05963206507	104374.15147818346	273.155
10296	169043.45963394383	104374.30503588077	273.155
10297	169042.82172957892	104374.32331372704	273.095
10298	169042.1589140949	104374.42640668806	273.055
10299	169041.50013619012	104374.46463067923	273.026
10300	169040.87470846775	104374.58305986505	272.968
10301	169040.26711120707	104374.70136800595	272.97
10302	169039.63165016152	104374.8002960924	272.99
10303	169038.995740286	104374.95780326612	272.995
10304	169038.3235379555	104375.05993596278	273.01099999999997
10305	169037.7440182028	104375.27029492147	272.996
10306	169037.11810727828	104375.32495149225	272.968
10307	169036.4930871658	104375.39629570581	272.933
10308	169035.88014659222	104375.44710614812	272.872
10309	169035.2677949766	104375.5323997857	272.905
10310	169034.66558291894	104375.67371530831	272.926
10311	169034.01859955944	104375.73756540567	272.948
10312	169033.39336113003	104375.86952902097	272.902
10313	169032.71759442898	104375.93828087673	272.905
10314	169032.0914925948	104376.11195242591	272.827
10315	169031.45377743326	104376.24275902659	272.785
10316	169030.8425979297	104376.36568988953	272.79200000000003
10317	169030.22682344913	104376.51029392797	272.802
10318	169029.63157659868	104376.56598875858	272.827
10319	169029.03546299145	104376.73031422403	272.80400000000003
10320	169028.40112561555	104376.84741511103	272.767
10321	169027.7634687378	104376.99509210326	272.718
10322	169027.13121222085	104377.09551628865	272.676
10323	169026.52126830534	104377.20547537878	272.683
10324	169025.94077089892	104377.32443891093	272.707
10325	169025.33637358138	104377.37954512239	272.758
10326	169024.7197265616	104377.50245699566	272.769
10327	169024.0839394933	104377.49404975772	272.774
10328	169023.45806243247	104377.60543487314	272.747
10329	169022.79726164875	104377.61139748804	272.738
10330	169022.1585785334	104377.68102575466	272.709
10331	169021.55078494165	104377.72203115746	272.666
10332	169020.95563182305	104377.78477180563	272.66200000000003
10333	169020.3371231608	104377.89655458275	272.666
10334	169019.65260426488	104377.95322678331	272.66900000000004
10335	169018.98136696426	104378.05165777449	272.666
10336	169017.65853846236	104378.20632370748	272.595
10337	169016.9968806607	104378.35132024903	272.57599999999996
10338	169016.38116368058	104378.54616454896	272.526
10339	169015.76092636745	104378.67592366505	272.491
10340	169015.12370473388	104378.8019140875	272.499
10341	169014.4845452591	104378.93790821824	272.5
10342	169013.84005814587	104379.03495309316	272.52299999999997
10343	169013.20871600334	104379.24475744087	272.514
10344	169012.5789289527	104379.38579084445	272.51099999999997
10345	169011.32649930124	104379.5983654419	272.42400000000004
10346	169010.71208638724	104379.66215021815	272.341
10347	169010.05873980664	104379.71077903826	272.298
10348	169009.42376340358	104379.80748791061	272.275
10349	169008.7769553531	104379.92195093073	272.257
10350	169007.51975270867	104380.13969994057	272.268
10351	169006.89610364588	104380.16062874813	272.222
10352	169006.24681101297	104380.30492959265	272.20799999999997
10353	169004.94869331134	104380.59575778432	272.16700000000003
10354	169004.31408888634	104380.65520688333	272.134
10355	169003.71530650003	104380.76873100083	272.08099999999996
10356	169003.11890060714	104380.84945117123	272.061
10357	169002.49145747253	104380.90076945256	272.094
10358	169001.85643801064	104381.00952888839	272.064
10359	169001.18649792904	104381.04493701458	272.062
10360	169000.54688514568	104381.20799692906	272.015
10361	168999.872908542	104381.27509097755	271.968
10362	168998.5552634753	104381.44312780164	271.88
10363	168997.91028770257	104381.5770638194	271.843
10364	168997.31077237052	104381.69614747632	271.865
10365	168996.68492237903	104381.80030596443	271.872
10366	168996.06582059158	104381.94508738816	271.89599999999996
10367	168995.39824484914	104382.01721032802	271.909
10368	168994.7363037533	104382.17518534884	271.873
10369	168994.0570972917	104382.2422613306	271.835
10370	168993.37292963045	104382.36678789556	271.801
10371	168992.07203453864	104382.47167139128	271.665
10372	168991.41648426975	104382.53827661555	271.659
10373	168990.77077181672	104382.61270332057	271.649
10374	168990.11980424752	104382.72715366352	271.644
10375	168989.4439132243	104382.76476646494	271.643
10376	168988.76189638395	104382.85315192025	271.62
10377	168988.06968890948	104382.89960456919	271.63
10378	168987.37906038988	104383.06897105835	271.587
10379	168986.69750935605	104383.19313712604	271.545
10380	168985.37933032494	104383.44385555759	271.409
10381	168984.72184900357	104383.58479273971	271.355
10382	168984.06966600748	104383.73983805161	271.30400000000003
10383	168983.42375357766	104383.903062772	271.29200000000003
10384	168982.8182246089	104384.07496024761	271.325
10385	168981.58098298075	104384.32875118963	271.322
10386	168980.91775512107	104384.41498059034	271.313
10387	168980.27851595695	104384.57359512802	271.246
10388	168978.8958003318	104384.72305025812	271.18
10389	168978.1940060823	104384.79115941375	271.166
10390	168977.52867705308	104384.89981287345	271.116
10391	168976.87410416466	104384.95919352211	271.10900000000004
10392	168976.2068996509	104385.02742720023	271.099
10393	168975.50916985993	104385.12224627659	271.095
10394	168974.8072771447	104385.15161074791	271.091
10395	168974.10734689125	104385.23029389605	271.07
10396	168973.37313027948	104385.25750325993	271.047
10397	168972.01434159218	104385.52976881992	271.012
10398	168971.39585927382	104385.73406287748	270.978
10399	168970.74026610612	104385.8459036434	270.92900000000003
10400	168970.0622501891	104386.01198081579	270.895
10401	168969.39159756998	104386.14675500058	270.83099999999996
10402	168968.73811972156	104386.23227940686	270.809
10403	168968.10731103318	104386.26115848869	270.818
10404	168967.49148370198	104386.3219770873	270.856
10405	168966.9083676262	104386.44260611571	270.881
10406	168965.6775750429	104386.72145045642	270.921
10407	168965.21925234798	104386.78042483144	270.913
10408	168964.82834146894	104386.90155875031	270.901
10409	168964.56398449728	104386.93416379765	270.922
10410	168964.24398267036	104386.90483698808	270.94
10411	168963.95083911868	104386.94327093847	270.964
10412	168963.95347277846	104386.93808970507	270.991
10413	168963.94781850907	104386.92379501555	270.993
10414	168963.98346224337	104386.89518880751	270.994
10415	168964.0350029949	104386.90835055243	270.98900000000003
10416	168964.02008059656	104386.89309568051	270.999
10417	168964.03333234004	104386.81083376985	270.993
10418	168964.02004077472	104386.80485384073	271.019
10419	168963.99777844595	104386.81441377103	271.031
10420	168963.993066852	104386.83553037327	271.05400000000003
10421	168963.98965371167	104386.82606365159	271.074
10422	168963.9788529839	104386.82157571986	271.098
10423	168963.9738520095	104386.8239677297	271.115
10424	168963.98520513595	104386.84013669565	271.115
10425	168964.00428181412	104386.8570749117	271.121
10426	168964.00550373681	104386.84781021252	271.122
10427	168964.00203229138	104386.82147354819	271.101
10428	168964.01652115647	104386.82504781522	271.101
10429	168964.05388013404	104386.88153797016	271.103
10430	168964.0446077538	104386.91487339139	271.108
10431	168964.0465894501	104386.89263469912	271.123
10432	168964.0070775956	104386.83984444849	271.139
10433	168963.98178201332	104386.83345066383	271.163
10434	168964.0293329041	104386.96468623634	271.20099999999996
10435	168964.0563595499	104386.98554601334	271.23
10436	168964.04078718423	104386.95267754607	271.256
10437	168964.01570363576	104386.92033107951	271.272
10438	168964.0120188262	104386.92031785287	271.27099999999996
10439	168963.99301642535	104386.91580047552	271.288
10440	168963.9716806501	104386.89903952926	271.293
10441	168963.99033044936	104386.90244334843	271.3
10442	168964.0321009929	104386.92205837928	271.309
10443	168964.0308611018	104386.9363283217	271.33
10444	168964.00934416364	104386.9038092792	271.349
10445	168964.0527487177	104386.865591079	271.337
10446	168964.08361297855	104386.87701016385	271.317
10447	168964.06326365098	104386.81724420097	271.284
10448	168964.04807583	104386.77659108024	271.256
10449	168964.03496143463	104386.78748152219	271.325
10450	168964.0134479734	104386.8202168569	271.36
10451	168964.0191226153	104386.86194811389	271.371
10452	168964.008994224	104386.9019542057	271.368
10453	168964.01312454604	104386.9103112109	271.362
10454	168964.0319843822	104386.8883184893	271.362
10455	168964.0543165871	104386.85929373	271.373
10456	168964.058290777	104386.8780315509	271.35900000000004
10457	168963.9958292519	104386.92693347763	271.355
10458	168963.9616787017	104386.90382354986	271.36
10459	168963.93982938322	104386.83144624159	271.378
10460	168963.9522931449	104386.80312758218	271.371
10461	168963.97239926952	104386.79819445591	271.375
10462	168963.990371151	104386.79177061096	271.366
10463	168964.05522010635	104386.80627780221	271.341
10464	168964.07545748213	104386.83100621868	271.342
10465	168964.0712588728	104386.80855996162	271.341
10466	168964.0733155113	104386.79855673015	271.344
10467	168964.08612429688	104386.8065741267	271.345
10468	168964.1064681513	104386.80164185446	271.349
10469	168964.12325138488	104386.79521374218	271.346
10470	168964.16888283554	104386.79889980797	271.336
10471	168964.1911921563	104386.80936127249	271.332
10472	168964.17131444407	104386.81689056195	271.336
10473	168964.15723448913	104386.83185593504	271.35
10474	168964.15007132108	104386.84054316022	271.357
10475	168964.14785854996	104386.86092720646	271.371
10476	168964.14387012657	104386.87926567998	271.384
10477	168964.1370063209	104386.90389680583	271.397
10478	168964.1325717202	104386.91407688148	271.408
10479	168964.1328087843	104386.9142631134	271.41200000000003
10480	168964.13660646937	104386.91594518069	271.415
10481	168964.15013110547	104386.923223624	271.42400000000004
10482	168964.1745007986	104386.95575290732	271.43
10483	168964.11621444154	104386.96740809549	271.486
10484	168964.07209429474	104386.97318192292	271.508
10485	168964.09906770109	104387.00887204427	271.527
10486	168964.07758884586	104387.03196765203	271.533
10487	168964.04979776876	104387.02537952457	271.535
10488	168964.04808467292	104387.00590829458	271.531
10489	168964.0916657308	104386.98474584799	271.518
10490	168964.15587484738	104387.04504002817	271.527
10491	168964.13870840034	104387.05888203066	271.55
10492	168964.15298523087	104387.088408974	271.578
10493	168964.2060412754	104387.10991833732	271.587
10494	168964.24992343242	104387.13732698373	271.601
10495	168964.25250518357	104387.14660533983	271.613
10496	168964.23963118045	104387.1567551205	271.639
10497	168964.25171879004	104387.16699450556	271.657
10498	168964.2604508991	104387.1848224951	271.685
10499	168964.2402392209	104387.18604760896	271.712
10500	168964.23763883574	104387.18195987958	271.715
10501	168964.2500783812	104387.19349820074	271.742
10502	168964.2471916853	104387.20294230524	271.76
10503	168964.23648386885	104387.20568459108	271.784
10504	168964.22769985074	104387.20231618546	271.795
10505	168964.22092522148	104387.20210648514	271.807
10506	168964.21993703523	104387.2124843141	271.82099999999997
10507	168964.2181897407	104387.2356507536	271.836
10508	168964.21898626417	104387.27866217215	271.865
10509	168964.21487697973	104387.29755635466	271.874
10510	168964.20933333162	104387.31866996922	271.89
10511	168964.20799520562	104387.32719272468	271.895
10512	168964.22150786192	104387.33780799154	271.9
10513	168964.21840805968	104387.3403922068	271.91
10514	168964.21650156396	104387.34168303385	271.914
10515	168964.21186849815	104387.34092487767	271.916
10516	168963.98837908858	104387.37979425956	271.9
10517	168963.81513955354	104387.42718622088	271.911
10518	168963.73975289628	104387.40114753414	271.906
10519	168963.68402218923	104387.36312960181	271.942
10520	168963.6191231741	104387.2963445941	271.921
10521	168963.37991182663	104387.41023715865	271.906
10522	168962.96902118847	104387.434901	271.879
10523	168962.4854679699	104387.5024979813	271.876
10524	168961.9259210642	104387.64694102574	271.875
10525	168961.33068951874	104387.69893594645	271.899
10526	168960.71931385456	104387.81112204399	271.85
10527	168960.07550569007	104387.78582396172	271.85900000000004
10528	168959.478476799	104387.80870771222	271.791
10529	168958.93680610013	104387.77469263598	271.752
10530	168958.37985682904	104387.8577840263	271.676
10531	168957.8155736635	104387.96402187273	271.592
10532	168957.26287429212	104388.05528542958	271.567
10533	168956.74949590574	104388.15317850653	271.531
10534	168956.1979208646	104388.12988030817	271.459
10535	168955.58514733112	104388.16790929902	271.421
10536	168954.9284458521	104388.05877303891	271.309
10537	168954.2542850669	104388.07822913025	271.202
10538	168953.60486584392	104388.02658749186	271.094
10539	168952.95782552313	104388.04076498467	271.031
10540	168952.32680668164	104388.06204453576	270.97700000000003
10541	168951.6808082202	104388.0840119524	270.973
10542	168951.05824439804	104388.16723948065	270.95099999999996
10543	168950.44000746237	104388.13777052425	270.923
10544	168949.7240787722	104388.26941867266	270.77
10545	168948.98821640218	104388.32480353117	270.816
10546	168948.37067872557	104388.43177826703	270.782
10547	168947.72680608585	104388.42446347512	270.813
10548	168947.12862310014	104388.47088795621	270.782
10549	168946.51547608996	104388.4473699294	270.8
10550	168945.96066694448	104388.46410364565	270.709
10551	168945.36722356162	104388.4484424498	270.681
10552	168944.77729465405	104388.51343496889	270.60900000000004
10553	168944.1742308029	104388.59506480303	270.582
10554	168943.5453376724	104388.62024604157	270.62
10555	168942.90426424958	104388.72732239496	270.627
10556	168942.25510430208	104388.76911546383	270.615
10557	168941.60234506897	104388.85334812291	270.57599999999996
10558	168940.9396991497	104388.84392764699	270.548
10559	168940.26355670887	104388.95199086703	270.5
10560	168939.5674944049	104388.97989785857	270.499
10561	168938.89635097698	104389.08612535894	270.487
10562	168938.25286936804	104389.13553992752	270.498
10563	168937.65002414797	104389.22254735976	270.476
10564	168937.02498986723	104389.26553984918	270.426
10565	168936.33968583972	104389.30979942065	270.418
10566	168935.69776090182	104389.32288506813	270.414
10567	168935.0378408732	104389.34888300486	270.405
10568	168934.34147772728	104389.42758419272	270.372
10569	168933.64748472394	104389.4419665141	270.385
10570	168932.987599207	104389.4915083088	270.367
10571	168932.30113196102	104389.46235307958	270.385
10572	168931.64171793257	104389.51300902013	270.385
10573	168930.24335614446	104389.58456045575	270.328
10574	168929.54894808188	104389.64843874145	270.30400000000003
10575	168928.89771241072	104389.80516267195	270.23900000000003
10576	168928.2551612462	104389.92669527605	270.217
10577	168927.5849923063	104390.0596226668	270.183
10578	168926.92847958865	104390.16312338226	270.191
10579	168926.30360885293	104390.22688047402	270.233
10580	168925.71827626147	104390.30301448517	270.223
10581	168925.0954123394	104390.30430527125	270.238
10582	168923.74303025758	104390.41513868608	270.23400000000004
10583	168923.082854102	104390.54587786365	270.20099999999996
10584	168922.40604288268	104390.57533912454	270.188
10585	168921.77461544157	104390.67763265781	270.16
10586	168921.11111644545	104390.74051047396	270.139
10587	168920.48878053477	104390.82670851983	270.085
10588	168919.8555090697	104390.87968414463	270.087
10589	168919.21728978158	104390.92022155225	270.098
10590	168918.59953252613	104390.98919571843	270.112
10591	168917.38660634743	104391.12611286156	270.18
10592	168916.776794414	104391.13393973187	270.244
10593	168916.1407858587	104391.22101623192	270.23400000000004
10594	168915.49146902902	104391.24038083386	270.245
10595	168914.84769779354	104391.33762568887	270.253
10596	168914.19280894345	104391.35289210174	270.242
10597	168913.53804372513	104391.43322801683	270.21
10598	168912.8787136933	104391.42734517436	270.23
10599	168912.21851457492	104391.4982073307	270.278
10600	168911.0053323716	104391.64031571243	270.274
10601	168910.3853673154	104391.69519391842	270.264
10602	168909.79342116677	104391.75944158435	270.254
10603	168909.24419997423	104391.84238042124	270.277
10604	168908.6110235463	104391.83566482179	270.263
10605	168907.36281547887	104391.93352781702	270.253
10606	168906.73842218355	104392.0632848125	270.27299999999997
10607	168906.11325437762	104392.11054425128	270.268
10608	168904.91180868386	104392.19504231866	270.242
10609	168904.32920719695	104392.27211537212	270.165
10610	168903.7034258766	104392.32474896964	270.13599999999997
10611	168903.06835243394	104392.34991289675	270.164
10612	168902.4129260642	104392.41578804608	270.17400000000004
10613	168901.7856252767	104392.42800322082	270.221
10614	168901.15438086764	104392.47931990027	270.2
10615	168899.85892780876	104392.5262210276	270.166
10616	168898.58692289892	104392.69722672459	270.178
10617	168897.4014378032	104392.9056185754	270.211
10618	168896.2165859197	104393.16962746996	270.129
10619	168895.61594542908	104393.30521757435	270.13599999999997
10620	168895.0142610471	104393.43357412796	270.17900000000003
10621	168894.42473223334	104393.58644461166	270.166
10622	168893.80959643042	104393.62057928089	270.173
10623	168893.200111959	104393.70311886072	270.16700000000003
10624	168892.59390097362	104393.73450486828	270.182
10625	168892.05702116532	104393.85660516191	270.159
10626	168891.5027567181	104393.88743554428	270.168
10627	168890.92225560587	104394.00882381201	270.121
10628	168890.31948684962	104394.1080720909	270.091
10629	168889.67223865967	104394.18065180536	270.128
10630	168889.0615632324	104394.29711245373	270.172
10631	168888.3833101823	104394.39757409785	270.17900000000003
10632	168887.73345564626	104394.56747012585	270.217
10633	168887.07102976542	104394.59643118456	270.24
10634	168886.43257988192	104394.70166993327	270.248
10635	168885.7217328006	104394.70932453033	270.25
10636	168885.04331726354	104394.82202121522	270.246
10637	168884.38770009158	104394.87492119242	270.217
10638	168883.7750315068	104394.91722264327	270.17
10639	168883.14263446507	104394.92534340825	270.143
10640	168882.4829845419	104394.97581924405	270.138
10641	168881.82663526913	104395.06727631856	270.14
10642	168881.18370354857	104395.12949112244	270.182
10643	168880.4754098068	104395.22094808333	270.184
10644	168879.79675220515	104395.26839021221	270.205
10645	168879.1752065048	104395.36664574407	270.21299999999997
10646	168878.5004678769	104395.38184562605	270.22900000000004
10647	168877.85347789494	104395.4820495788	270.211
10648	168877.1474593383	104395.50232853927	270.217
10649	168876.45226438416	104395.5539757805	270.189
10650	168875.78095034198	104395.57549122628	270.143
10651	168875.1239625598	104395.67936742213	270.128
10652	168874.50310567673	104395.784485084	270.125
10653	168873.88688352102	104395.92317346949	270.107
10654	168873.24968952284	104396.14279880002	270.142
10655	168872.6362672099	104396.29632786941	270.178
10656	168872.0265350338	104396.44838713948	270.228
10657	168871.37963936373	104396.45571598504	270.31
10658	168870.7264097623	104396.50584545918	270.32099999999997
10659	168870.07443504067	104396.47088929266	270.39
10660	168869.43378491	104396.5599940177	270.376
10661	168868.77403765166	104396.60453899857	270.348
10662	168868.11294117974	104396.66075828858	270.317
10663	168867.4572545433	104396.69994186796	270.297
10664	168866.82462994862	104396.70528304484	270.327
10665	168866.22549609139	104396.78545273002	270.343
10666	168865.56399433262	104396.75546839926	270.341
10667	168864.92187719262	104396.82269338891	270.342
10668	168864.25382699157	104396.82902065292	270.407
10669	168863.61966358565	104396.93242363725	270.33099999999996
10670	168862.93315467887	104396.9816937074	270.342
10671	168862.27375126528	104397.06313168444	270.322
10672	168861.59515033313	104397.09481890127	270.317
10673	168860.987853333	104397.16420789342	270.297
10674	168860.33214034047	104397.21080752835	270.282
10675	168859.6755075495	104397.24869102053	270.307
10676	168859.04143429207	104397.32688296307	270.307
10677	168858.3804209998	104397.32656234689	270.318
10678	168857.76538463583	104397.39963171445	270.313
10679	168857.1521224939	104397.40856541786	270.334
10680	168856.567834121	104397.52568015084	270.337
10681	168855.96596206515	104397.50721815787	270.351
10682	168855.32087328876	104397.60780241061	270.328
10683	168853.9975332828	104397.70874667168	270.219
10684	168853.33791486672	104397.78388201725	270.205
10685	168852.64886370298	104397.84612106346	270.178
10686	168851.9925947024	104397.91533631459	270.17400000000004
10687	168851.34201576936	104397.92228370067	270.235
10688	168850.7013454202	104398.05050615687	270.228
10689	168849.99994914996	104398.07469824702	270.21
10690	168849.35677892892	104398.17065553274	270.158
10691	168848.70927284853	104398.14925080352	270.131
10692	168847.44412138168	104398.23260768224	269.98400000000004
10693	168846.81776507472	104398.2468719352	269.99
10694	168846.24320113688	104398.30377344228	270.017
10695	168845.6481697137	104398.30035294592	270.0
10696	168845.04233282182	104398.42703192215	269.934
10697	168844.38728438402	104398.48735414725	269.939
10698	168843.75344956567	104398.63210080098	269.796
10699	168843.02418471506	104398.70476440527	269.718
10700	168842.3292095878	104398.79497630056	269.66
10701	168840.97692176644	104398.947171296	269.656
10702	168839.65419629702	104398.94263914414	269.599
10703	168838.3222197533	104398.96569620539	269.378
10704	168837.62006817086	104399.00175167061	269.28700000000003
10705	168836.91264317514	104398.98328620102	269.185
10706	168836.254840526	104399.04934644327	269.123
10707	168835.56396765425	104399.15588744543	269.078
10708	168834.21399793145	104399.32477678265	268.955
10709	168833.55532782123	104399.33410746697	268.91700000000003
10710	168832.90116492356	104399.47952446714	268.86
10711	168832.22862346418	104399.4454265451	268.783
10712	168831.56564177852	104399.49719451368	268.70599999999996
10713	168830.8834781479	104399.49476273172	268.63
10714	168830.2203268161	104399.52743595093	268.563
10715	168829.54933696438	104399.59159619827	268.563
10716	168828.9077220135	104399.58486004733	268.524
10717	168827.56083060667	104399.72391559649	268.426
10718	168826.8726541078	104399.90777151193	268.376
10719	168826.19967541654	104399.9296580702	268.351
10720	168825.55003300443	104400.04079647362	268.283
10721	168824.91012245874	104400.05612730142	268.26
10722	168824.27021191304	104400.07145812921	
10723	168823.71617680855	104400.0847315732	
10724	168823.16214170406	104400.09800501718	
10725	168822.60810659957	104400.11127846116	
10726	168822.05407149508	104400.12455190514	
10727	168821.5000363906	104400.13782534913	
10728	168820.9460012861	104400.15109879311	
10729	168820.3919661816	104400.1643722371	
10730	168819.8379310771	104400.17764568108	
10731	168819.28389597262	104400.19091912506	
10732	168818.72986086813	104400.20419256904	
10733	168818.17582576364	104400.21746601303	
10734	168817.62179065915	104400.23073945701	
10735	168817.06775555466	104400.24401290099	
10736	168816.51372045017	104400.25728634498	
10737	168815.95968534568	104400.27055978896	
10738	168745.9064152615	104406.48451190256	268.006
10739	168745.82062173026	104406.54371497128	268.067
10740	168745.62544558215	104406.67723870184	268.07099999999997
10741	168745.33589786076	104406.67454277072	268.117
10742	168745.19544139787	104406.69591938984	268.107
10743	168745.20812654076	104406.67186478339	268.07
10744	168745.19969789783	104406.63531468064	268.079
10745	168745.07669076632	104406.56295008585	268.089
10746	168744.67815234745	104406.65811973065	268.094
10747	168744.21643814706	104406.70264141541	268.057
10748	168743.6285695705	104406.72428432107	268.077
10749	168743.00634637196	104406.78010100685	268.087
10750	168742.3915896505	104406.77513906918	268.135
10751	168741.75470716623	104406.8753955001	268.149
10752	168741.08674704673	104406.89026617073	268.181
10753	168740.43016534043	104406.98136916757	268.161
10754	168739.7495270347	104406.95133266039	268.138
10755	168739.08897713057	104406.98829029314	268.04900000000004
10756	168738.39670294165	104407.02161322162	267.997
10757	168737.73990805642	104407.0723025892	268.014
10758	168737.10869122928	104407.1503338702	268.029
10759	168736.50320910846	104407.1780326888	268.05400000000003
10760	168735.91017341887	104407.24896965176	268.028
10761	168735.22865441977	104407.23264884762	268.04900000000004
10762	168734.6130286062	104407.30517427344	268.061
10763	168733.98752313174	104407.24752678908	268.039
10764	168733.32439510644	104407.27409462165	267.976
10765	168732.63609532846	104407.32634132728	268.014
10766	168731.99750692665	104407.43845731206	267.964
10767	168731.34496760974	104407.49583629984	268.028
10768	168730.7043270103	104407.61684348155	267.97
10769	168730.06784887958	104407.67020118423	267.921
10770	168729.4482081959	104407.70174362138	267.931
10771	168728.83426906593	104407.73441863433	267.92
10772	168728.18507267276	104407.72062329762	267.92
10773	168727.52110799632	104407.78204065003	267.89099999999996
10774	168726.8842097525	104407.78627109248	267.897
10775	168726.2680120598	104407.88604657166	267.884
10776	168725.64754331793	104407.91647422872	267.887
10777	168725.00488819744	104408.00225243624	267.806
10778	168724.34150163067	104408.00119860563	267.785
10779	168723.67758631645	104408.04871298745	267.751
10780	168723.05576554767	104408.02463393565	267.742
10781	168722.4500491626	104408.05140662193	267.733
10782	168721.86799664525	104408.07548251934	267.736
10783	168721.24047159444	104408.11812087428	267.712
10784	168720.58933449973	104408.21591936797	267.725
10785	168720.03042766667	104408.28290066216	267.742
10786	168719.4639522487	104408.37247176189	267.752
10787	168718.8639966283	104408.35013912339	267.747
10788	168718.23901702106	104408.4124373151	267.677
10789	168717.57314615147	104408.44159274269	267.596
10790	168716.90457096763	104408.4623964997	267.55400000000003
10791	168716.24278289924	104408.44633342978	267.529
10792	168715.57160978293	104408.46230822615	267.494
10793	168714.92850900473	104408.5061898129	267.476
10794	168714.28377631732	104408.54098199774	267.48
10795	168713.63980672957	104408.62879612483	267.475
10796	168713.08036875277	104408.64442554675	267.525
10797	168712.55686787533	104408.71598221641	267.58
10798	168711.97455344727	104408.71336331032	267.573
10799	168711.35362126393	104408.77400821261	267.55400000000003
10800	168710.7337082836	104408.7818230167	267.538
10801	168710.0917089018	104408.85036486108	267.497
10802	168709.46420308316	104408.88762860931	267.493
10803	168708.81640036104	104408.91666375194	267.561
10804	168708.25587826953	104409.00347640924	267.6
10805	168707.72521733583	104409.01587144006	267.659
10806	168707.22651322192	104409.06693908665	267.697
10807	168706.6673904651	104409.02714117616	267.699
10808	168706.06922383278	104409.07025605906	267.684
10809	168705.52564022635	104409.10670517106	267.637
10810	168705.01069505382	104409.14548032079	267.675
10811	168704.49984980596	104409.23487924319	267.689
10812	168703.9359489026	104409.23529252782	267.7
10813	168703.32984281678	104409.33862865437	267.654
10814	168702.68356638862	104409.37304602005	267.633
10815	168702.0705491484	104409.48117774539	267.573
10816	168701.44437802836	104409.5779546937	267.587
10817	168700.79715138403	104409.61218354292	267.627
10818	168700.22427876788	104409.69580183644	267.64799999999997
10819	168699.61888114412	104409.6997763142	267.642
10820	168699.02368372024	104409.77719811164	267.64099999999996
10821	168698.4105493343	104409.75055736303	267.607
10822	168697.82193953477	104409.88102177717	267.517
10823	168697.1717986319	104409.96622071974	267.492
10824	168696.56769705436	104410.07419925835	267.47900000000004
10825	168696.0113112653	104410.16788697056	267.49
10826	168695.46466438394	104410.23027970456	267.57
10827	168694.89585267956	104410.40919913538	267.612
10828	168694.2691090121	104410.46630322188	267.645
10829	168693.6758709042	104410.59471252002	267.66700000000003
10830	168693.0169936412	104410.5959031526	267.60200000000003
10831	168692.39907746186	104410.64414037578	267.58099999999996
10832	168691.80580621664	104410.68115659617	267.577
10833	168691.17600362937	104410.72935190238	267.608
10834	168690.5702971961	104410.82064109296	267.63
10835	168689.94546237544	104410.80860507488	267.654
10836	168689.34653320536	104410.89936223999	267.653
10837	168688.72559139988	104410.89568231534	267.67900000000003
10838	168688.13687999867	104410.98777343985	267.703
10839	168687.55119941858	104410.96234336123	267.659
10840	168686.96571295505	104411.01644277759	267.607
10841	168686.3960644769	104411.09599557426	267.635
10842	168685.80498682868	104411.15137301385	267.66900000000004
10843	168685.26386992176	104411.26346865576	267.7
10844	168684.71697094978	104411.29638592154	267.726
10845	168684.21313793978	104411.38618236221	267.74
10846	168683.135716706	104411.39238218777	267.715
10847	168682.60263243667	104411.45148734655	267.665
10848	168682.03346654453	104411.49544903729	267.681
10849	168681.4708985126	104411.52237900812	267.67900000000003
10850	168680.93457593443	104411.45522795804	267.728
10851	168680.34569977276	104411.5267419992	267.68
10852	168679.7560586755	104411.51205091272	267.631
10853	168679.17785672253	104411.59027656727	267.57
10854	168678.59226903255	104411.60581716243	267.49
10855	168677.49822348965	104411.74172652699	267.557
10856	168677.01828452913	104411.7637584405	267.597
10857	168676.64969980269	104411.89314933773	267.534
10858	168676.37441296966	104411.82414095663	267.497
10859	168676.1551813305	104411.73549493123	267.532
10860	168676.07082618115	104411.79155272618	267.54
10861	168676.05275356863	104411.79297188018	267.536
10862	168676.07450549546	104411.7594947042	267.52099999999996
10863	168676.07596220175	104411.68367874157	267.541
10864	168676.09390237284	104411.61885858327	267.548
10865	168676.05379310017	104411.59980784263	267.566
10866	168676.07783645415	104411.59062376432	267.551
10867	168676.11197189512	104411.55107277073	267.535
10868	168676.12628541977	104411.53703436628	267.535
10869	168676.14207798307	104411.54172474332	267.532
10870	168676.11615508428	104411.54459919874	267.55
10871	168676.0930119428	104411.53450676706	267.566
10872	168676.0689205087	104411.5236694552	267.572
10873	168675.88889128127	104411.74419330806	267.522
10874	168701.73606277304	104423.17895870376	268.459
10875	168701.78103757201	104422.96518746205	268.438
10876	168701.84985604289	104423.03365156706	268.415
10877	168702.06918195356	104423.0954186488	268.39799999999997
10878	168702.4305226567	104423.09836640023	268.436
10879	168702.7862538433	104423.14133675769	268.48400000000004
10880	168702.9021796041	104423.06518456433	268.478
10881	168703.0027444062	104423.03031810373	268.487
10882	168703.27429420885	104423.04666624498	268.468
10883	168703.71909004435	104423.11349548958	268.514
10884	168704.22228272178	104423.07004406024	268.495
10885	168704.76928573826	104423.07457628008	268.506
10886	168705.32489801882	104422.96401701774	268.474
10887	168705.9198387395	104422.99226258323	268.48400000000004
10888	168706.5323280009	104423.03280555084	268.47900000000004
10889	168707.13917290984	104423.12319627404	268.47
10890	168707.7370011691	104423.17518112808	268.434
10891	168708.39617503635	104423.1904923534	268.392
10892	168709.01026918576	104423.14706338942	268.411
10893	168709.6329510796	104423.06176864728	268.377
10894	168710.2489083389	104423.02928394545	268.401
10895	168710.7953327532	104422.928703323	268.378
10896	168711.34329784557	104422.89653405733	268.367
10897	168711.91866205487	104422.71319044568	268.368
10898	168712.50368648206	104422.65501375683	268.335
10899	168713.11015176115	104422.51701357868	268.31
10900	168713.70651887878	104422.4110487299	268.29400000000004
10901	168714.3047569697	104422.34735760093	268.264
10902	168714.93255348247	104422.26115469448	268.278
10903	168715.54453909642	104422.24256016221	268.291
10904	168716.10763158923	104422.13443849143	268.29400000000004
10905	168716.71665943848	104422.07838651258	268.264
10906	168717.34189222218	104422.01126912422	268.244
10907	168717.98441076235	104422.06415500864	268.20099999999996
10908	168718.581255352	104422.05829851609	268.151
10909	168719.15081241517	104422.071439703	268.097
10910	168719.76698712973	104422.11181187816	268.154
10911	168720.39517963145	104422.11515037995	268.153
10912	168720.98735572258	104422.0849926062	268.151
10913	168721.5987603636	104421.96202682331	268.121
10914	168722.2214603443	104421.87172832247	268.165
10915	168722.8342745104	104421.65292534046	268.12
10916	168723.46695663303	104421.4962957222	268.173
10917	168724.05281095524	104421.33820251562	268.186
10918	168724.66658814144	104421.35075951368	268.20099999999996
10919	168725.2769144798	104421.2973084636	268.175
10920	168725.86349430526	104421.23635803908	268.183
10921	168726.49069599452	104421.21744794678	268.18
10922	168727.1959711816	104421.13745337352	268.166
10923	168727.86740224258	104421.08180928975	268.177
10924	168728.48343497308	104420.96108528785	268.20799999999997
10925	168729.08974226372	104420.93487153761	268.23400000000004
10926	168729.73507662298	104420.83056515921	268.209
10927	168730.34763256987	104420.7852793932	268.184
10928	168730.93426981376	104420.67464744393	268.151
10929	168731.5335315364	104420.590569905	268.08799999999997
10930	168732.15284975304	104420.51546187233	268.096
10931	168732.81265211487	104420.42066164128	268.091
10932	168733.46218143907	104420.37365353666	268.082
10933	168734.1315801423	104420.32133990992	268.103
10934	168734.75409236155	104420.31761546247	268.106
10935	168735.37661158116	104420.21137504093	268.111
10936	168736.56974023525	104420.08973270282	268.116
10937	168737.18361369736	104420.04167167563	268.113
10938	168737.78240899873	104419.88807505276	268.07099999999997
10939	168738.39136122406	104419.81997548696	268.053
10940	168738.99159380607	104419.73034078628	268.043
10941	168739.60613250986	104419.69581526145	268.004
10942	168740.16581668673	104419.6104860045	268.038
10943	168740.66551791943	104419.51270881295	268.089
10944	168741.07027599667	104419.47336082347	268.069
10945	168741.3774599885	104419.39640496671	268.035
10946	168741.36373273964	104419.41266985144	268.028
10947	168741.32537891844	104419.43496496603	268.017
10948	168741.28243740936	104419.4437109353	268.008
10949	168741.26198423444	104419.44604833424	268.018
10950	168741.26126776123	104419.4469727017	268.031
10951	168741.25416814245	104419.43786380626	268.04900000000004
10952	168741.25017872095	104419.42320450209	268.073
10953	168741.2535799198	104419.40263920184	268.115
10954	168741.3004789813	104419.35052795336	268.216
10955	168741.3118111902	104419.33925987594	268.248
10956	168741.34771209498	104419.33827495668	268.27099999999996
10957	168742.0007819791	104419.16447938327	268.253
10958	168742.49049175312	104419.13562890142	268.29900000000004
10959	168743.50491459147	104419.06192407105	268.328
10960	168744.0435794898	104419.00451327953	268.327
10961	168745.22461893983	104418.94011293445	268.324
10962	168745.76086140293	104418.86193096638	268.313
10963	168746.33138477145	104418.77033785265	268.33799999999997
10964	168746.881451904	104418.64845498279	268.32599999999996
10965	168747.49493965067	104418.57518186886	268.33299999999997
10966	168748.03882063302	104418.4547602199	268.32599999999996
10967	168748.5366996677	104418.46857708227	268.353
10968	168749.05806622002	104418.42890204396	268.39
10969	168749.5881429561	104418.4469116833	268.358
10970	168750.18247939975	104418.34409521893	268.29
10971	168750.7926728317	104418.22780224215	268.27299999999997
10972	168751.38684817203	104418.06992697716	268.248
10973	168751.97477433897	104417.99823208712	268.22
10974	168752.58607291442	104417.90548671223	268.218
10975	168753.20056859337	104417.78272092901	268.256
10976	168753.77107615644	104417.72913180385	268.335
10977	168754.31387416908	104417.64596867189	268.334
10978	168754.91001205012	104417.63844532426	268.366
10979	168755.5020389321	104417.55008102674	268.349
10980	168756.08918593518	104417.53047607746	268.315
10981	168756.71057568933	104417.50821205787	268.278
10982	168757.2397025191	104417.49247962143	268.297
10983	168757.63579178872	104417.51780032832	268.348
10984	168757.93880413348	104417.51109027676	268.345
10985	168758.19047026196	104417.60374788474	268.323
10986	168758.60909322332	104417.5429461943	268.317
10987	168759.06184307823	104417.51211218163	268.268
10988	168759.57675164368	104417.48353814613	268.27099999999996
10989	168760.01245054716	104417.40073678643	268.284
10990	168760.30874791587	104417.41050199792	268.274
10991	168760.43009959004	104417.34642014187	268.29400000000004
10992	168760.43004656243	104417.32788178232	268.303
10993	168760.41362254252	104417.300201579	268.31
10994	168760.4144430411	104417.26998727862	268.315
10995	168760.39409584564	104417.24247852433	268.314
10996	168760.37942354468	104417.25707157236	268.309
10997	168760.38669795883	104417.25042366702	268.322
10998	168760.45989648983	104417.18987843208	268.357
10999	168760.51545536797	104417.10924932826	268.363
11000	168760.4909640858	104417.1106453985	268.362
11001	168760.46478997127	104417.15078027174	268.38
11002	168760.43813082488	104417.16014005989	268.39799999999997
11003	168760.38231076003	104417.14696509857	268.41900000000004
11004	168760.39903804552	104417.1896622954	268.435
11005	168760.42244775756	104417.25852204394	268.442
11006	168760.44939999236	104417.30051402468	268.45599999999996
11007	168760.52032202797	104417.27852009982	268.476
11008	168760.65166092955	104417.21373219043	268.453
11009	168760.8807059154	104417.24976816773	268.454
11010	168761.6638990231	104417.05252291542	268.418
11011	168762.2273305237	104416.94978341833	268.425
11012	168762.83125621857	104416.89149403945	268.431
11013	168763.42821371788	104416.82057402004	268.46
11014	168763.97275148082	104416.74965324998	268.497
11015	168764.62206357755	104416.76400953718	268.505
11016	168765.31176380534	104416.7188164657	268.552
11017	168765.9556931058	104416.7092395518	268.54900000000004
11018	168766.59880784145	104416.5943630226	268.52
11019	168767.8195715619	104416.35640619043	268.498
11020	168768.41325337702	104416.23727585748	268.47900000000004
11021	168768.9690300625	104416.11448865384	268.469
11022	168769.57225861016	104415.98482561298	268.466
11023	168770.22634422648	104415.89353197906	268.393
11024	168770.84193565694	104415.7970963344	268.408
11025	168771.45851680863	104415.75664954912	268.462
11026	168772.04773858964	104415.62156094797	268.519
11027	168772.65965112863	104415.59036679566	268.522
11028	168773.84099054785	104415.4084419012	268.5
11029	168774.45268237346	104415.27213575039	268.45599999999996
11030	168775.07349936702	104415.17701684032	268.428
11031	168775.70197534826	104415.10083416011	268.45799999999997
11032	168776.30963627595	104415.02847058419	268.497
11033	168776.9001898513	104415.02037371509	268.506
11034	168777.4974553337	104414.92980591767	268.569
11035	168778.11513277722	104414.88194853533	268.605
11036	168778.63093868236	104414.70136655122	268.596
11037	168779.7154096883	104414.55098426063	268.452
11038	168780.3134466886	104414.47747464012	268.48400000000004
11039	168781.42817148127	104414.34314308595	268.518
11040	168782.00848743817	104414.30590546504	268.552
11041	168783.2490093132	104414.22800683882	268.555
11042	168784.49987088772	104414.11714733206	268.525
11043	168785.11759595675	104414.05594345555	268.472
11044	168785.7286839613	104414.0227086842	268.508
11045	168786.35738807658	104413.94930880237	268.461
11046	168786.98575539546	104413.8703463478	268.41900000000004
11047	168787.60016551107	104413.80542333517	268.442
11048	168788.20876759503	104413.70247648936	268.432
11049	168788.8267576988	104413.66704204585	268.423
11050	168789.3934917436	104413.5383637445	268.421
11051	168789.97231585183	104413.4527370613	268.467
11052	168790.5340474214	104413.26008440368	268.442
11053	168791.10813415452	104413.16962106992	268.39799999999997
11054	168791.71270027236	104413.06517721526	268.35200000000003
11055	168792.34497233518	104412.95786588918	268.34
11056	168792.95587919647	104412.84195106663	268.337
11057	168793.540060455	104412.65382775385	268.35
11058	168794.09015306964	104412.52527613379	268.372
11059	168794.7109763968	104412.36175369658	268.32599999999996
11060	168795.32671803737	104412.29016257823	268.296
11061	168795.96593782265	104412.16786048375	268.288
11062	168796.6210051045	104412.10160012916	268.311
11063	168797.2203097641	104412.00603650417	268.312
11064	168797.8475212844	104411.95135622751	268.282
11065	168798.50632762356	104411.90327681508	268.277
11066	168799.1265459693	104411.84301035106	268.316
11067	168799.73437088882	104411.82496688236	268.337
11068	168800.35318729846	104411.75783644989	268.349
11069	168800.97883131643	104411.7428226471	268.369
11070	168801.60921565688	104411.5982439844	268.339
11071	168802.2214800661	104411.53516884707	268.365
11072	168802.83240182814	104411.41517682001	268.33099999999996
11073	168803.43760511035	104411.3656095555	268.303
11074	168804.04670370242	104411.25691946037	268.31
11075	168804.6434120577	104411.15615674388	268.325
11076	168805.22239059582	104411.09407575335	268.379
11077	168805.78050505617	104410.9827944031	268.432
11078	168806.38458848002	104410.94731249474	268.465
11079	168807.02134758193	104410.8485464491	268.422
11080	168807.67735888506	104410.81769872457	268.392
11081	168808.32875627038	104410.7807170609	268.466
11082	168808.97618895158	104410.78895449359	268.437
11083	168809.59136244422	104410.74350182712	268.442
11084	168810.19418466775	104410.72840784863	268.428
11085	168810.78595845675	104410.71160616633	268.495
11086	168811.34056461783	104410.61755340174	268.506
11087	168811.97312336718	104410.56344998442	268.454
11088	168812.5805983715	104410.41007810086	268.423
11089	168813.15688282065	104410.3368654782	268.464
11090	168813.71295170265	104410.16588476859	268.43
11091	168814.27369268134	104410.05146217346	268.39799999999997
11092	168814.8567966974	104409.96585345268	268.449
11093	168815.98749276725	104409.85327571165	268.527
11094	168816.54471016044	104409.72697637882	268.514
11095	168817.14114092104	104409.6375223659	268.501
11096	168817.73496263503	104409.47965327464	268.53700000000003
11097	168818.3455105619	104409.3980357172	268.53
11098	168818.9663125499	104409.2741877297	268.528
11099	168819.54084728402	104409.15833177883	268.496
11100	168820.17681444675	104409.01507288683	268.52
11101	168820.74648114605	104408.79761054926	268.565
11102	168821.91125352256	104408.4956953805	268.663
11103	168822.5360461948	104408.41950512864	268.661
11104	168823.12290937736	104408.24641054962	268.64599999999996
11105	168823.7446737184	104408.15278376918	268.672
11106	168824.32789242815	104408.00173675828	268.698
11107	168824.93788070808	104407.87710941024	268.751
11108	168825.51293742898	104407.7482792465	268.811
11109	168826.08576812738	104407.61035750993	268.83299999999997
11110	168826.68505203596	104407.52091473807	268.893
11111	168827.7763837698	104407.34739402309	268.928
11112	168828.31581830792	104407.20805582404	268.948
11113	168828.8784960374	104407.11737053655	268.97700000000003
11114	168829.4224786071	104406.93596701417	268.987
11115	168830.05325848638	104406.8141950937	268.981
11116	168830.68112815818	104406.7085410785	269.001
11117	168831.28495751083	104406.6111436151	269.045
11118	168831.89720048386	104406.52100610267	269.07
11119	168832.46574037458	104406.41977533232	269.115
11120	168833.54928731712	104406.3294644393	269.232
11121	168834.07481466266	104406.29018336348	269.27299999999997
11122	168834.62117985546	104406.17404322885	269.308
11123	168835.22887887718	104406.12485925574	269.32599999999996
11124	168835.8019606084	104406.08333794866	269.329
11125	168836.32832875932	104406.00828142837	269.376
11126	168836.88542384998	104405.98320220318	269.447
11127	168837.35901610603	104405.94132629968	269.525
11128	168837.81612364142	104405.95556230843	269.596
11129	168838.77768060082	104405.77472194936	269.682
11130	168839.2857293003	104405.67031008005	269.691
11131	168839.7588920474	104405.54890410975	269.735
11132	168840.28372631103	104405.4706910206	269.82099999999997
11133	168840.77151419775	104405.31467092223	269.85
11134	168841.27343411528	104405.22896093596	269.908
11135	168841.77806046742	104405.08430927154	269.91200000000003
11136	168842.785020627	104404.90455849096	270.034
11137	168843.68920131295	104404.74705784023	270.178
11138	168844.18141214314	104404.65074673947	270.256
11139	168844.74785273703	104404.63830763847	270.329
11140	168845.3049014118	104404.55965382326	270.353
11141	168845.92066679007	104404.54850310087	270.369
11142	168846.54109169377	104404.53069533408	270.392
11143	168847.10685899155	104404.4737624703	270.39099999999996
11144	168847.71031624934	104404.41418341827	270.431
11145	168848.28765793424	104404.31150269881	270.464
11146	168849.47345897646	104404.17984902207	270.485
11147	168850.0927996038	104404.1661161976	270.515
11148	168850.66335132625	104404.10085861199	270.564
11149	168851.23583688337	104404.09326169919	270.61
11150	168851.84074662384	104403.99308970943	270.60900000000004
11151	168852.44077059493	104403.96297463216	270.631
11152	168853.0721441411	104403.87494703755	270.58799999999997
11153	168853.66402692292	104403.79456460662	270.595
11154	168854.24477639538	104403.66965089273	270.606
11155	168855.45142358707	104403.49228367582	270.65
11156	168856.0167300198	104403.36471969169	270.684
11157	168856.60806043865	104403.33920859639	270.694
11158	168857.85530806976	104403.14307792205	270.759
11159	168858.98443469376	104402.9713669857	270.717
11160	168859.5610631758	104402.83550162334	270.698
11161	168860.11201377548	104402.76702358667	270.654
11162	168861.20439157434	104402.60074337292	270.712
11163	168861.7902605766	104402.54017621838	270.71
11164	168862.39492332385	104402.40941656847	270.691
11165	168863.56424697168	104402.2321033068	270.721
11166	168864.70681198846	104402.09195646923	270.654
11167	168865.28667226378	104401.98316899687	270.626
11168	168866.4375035614	104401.79170132056	270.677
11169	168867.04553880083	104401.74845441058	270.686
11170	168867.64159055694	104401.63249514159	270.66200000000003
11171	168868.24248237832	104401.62574305013	270.671
11172	168869.38770970108	104401.60554869287	270.688
11173	168870.54928505034	104401.50106430892	270.60200000000003
11174	168871.10711285792	104401.43743190542	270.659
11175	168871.6648069459	104401.27814212255	270.676
11176	168872.3001973663	104401.19717567228	270.671
11177	168872.88930782385	104401.06117097102	270.681
11178	168873.49614727177	104401.01995972916	270.665
11179	168874.0644813022	104400.9102051286	270.675
11180	168874.60269325832	104400.8474299172	270.619
11181	168875.17171726903	104400.81071829516	270.63
11182	168876.38127090927	104400.61872107163	270.686
11183	168877.59055681492	104400.40188202076	270.655
11184	168878.1651524969	104400.23635034263	270.601
11185	168878.76928668586	104400.18715861998	270.556
11186	168879.9596762473	104400.00269437395	270.591
11187	168880.55167569654	104399.95642559696	270.60200000000003
11188	168881.10577857212	104399.904089218	270.66200000000003
11189	168881.6108461751	104399.93574092351	270.67900000000003
11190	168882.12562717617	104399.84377779905	270.63
11191	168883.18424916922	104399.64401275013	270.597
11192	168883.67712692398	104399.59423850756	270.556
11193	168884.1484497812	104399.555695544	270.58
11194	168885.0989348483	104399.5134895239	270.649
11195	168885.64987198258	104399.4157237839	270.64599999999996
11196	168886.20013882578	104399.37245792616	270.64799999999997
11197	168886.7482857739	104399.29043977242	270.603
11198	168887.29212069264	104399.15112330671	270.632
11199	168887.86776869596	104399.09033710882	270.64799999999997
11200	168888.41288951715	104398.99032627977	270.671
11201	168888.9662522095	104398.94558872748	270.749
11202	168889.485585214	104398.81063403562	270.763
11203	168889.91731037627	104398.77639915049	270.79200000000003
11204	168890.25559545303	104398.6456170557	270.777
11205	168890.68412607632	104398.64047573972	270.84
11206	168890.8055018443	104398.60346267931	270.878
11207	168890.8493565023	104398.53892129008	270.877
11208	168890.84772335555	104398.49701918196	270.881
11209	168890.76745775054	104398.47244714666	270.855
11210	168890.70251394293	104398.48445009626	270.832
11211	168890.69425481453	104398.53373209573	270.861
11212	168890.71990589696	104398.57368089072	270.889
11213	168890.7750804704	104398.60112931207	270.91700000000003
11214	168890.81074448075	104398.59995917603	270.927
11215	168890.73000713543	104398.64082519244	270.901
11216	168890.70066568814	104398.66889828537	270.883
11217	168890.7732831184	104398.63838460669	270.901
11218	168891.03477574774	104398.50899638236	270.944
11219	168891.53602525176	104398.44497842062	270.942
11220	168892.05342775327	104398.3845405234	270.913
11221	168892.60949506535	104398.31478649285	270.969
11222	168893.16556237743	104398.24503246229	
11223	168893.51397548022	104398.20132692937	
11224	168893.86238858302	104398.15762139644	
11225	168894.2108016858	104398.11391586352	
11226	168894.5592147886	104398.0702103306	
11227	168894.9076278914	104398.02650479767	
11228	168895.2560409942	104397.98279926475	
11229	168895.604454097	104397.93909373182	
11230	168895.95286719978	104397.8953881989	
11231	168896.30128030258	104397.85168266598	
11232	168896.64969340537	104397.80797713305	
11233	168896.99810650817	104397.76427160013	
11234	168897.34651961096	104397.7205660672	
11235	168897.69493271376	104397.67686053428	
11236	168965.65651742235	104390.00429965835	271.531
11237	168965.6534642092	104389.9939073231	271.53
11238	168965.6302529692	104390.00290769339	271.508
11239	168965.60478795783	104390.01060229912	271.495
11240	168965.58598469754	104390.01683777198	271.487
11241	168965.61744925022	104390.02659058571	271.507
11242	168965.67858234135	104390.0166140711	271.58099999999996
11243	168965.64589426466	104390.04968004022	271.54200000000003
11244	168965.61524645786	104390.04419394024	271.558
11245	168965.6127452413	104390.01248468738	271.56
11246	168965.7322851242	104389.95729934052	271.627
11247	168965.6917698135	104389.91915063001	271.593
11248	168965.71075050742	104389.89660220873	271.611
11249	168965.67625949185	104389.93522315845	271.582
11250	168965.72082831291	104390.0362308221	271.596
11251	168965.7448573609	104390.0643097302	271.594
11252	168965.73287292107	104390.02533654403	271.60200000000003
11253	168965.6999396645	104389.99425955769	271.596
11254	168965.77160446593	104389.99748295825	271.63
11255	168965.8537123306	104389.97238045	271.637
11256	168965.8406591703	104389.96621598583	271.621
11257	168965.7746070969	104390.02196412627	271.611
11258	168965.92247192492	104390.0564198466	271.58099999999996
11259	168966.37305376545	104389.9683128139	271.619
11260	168966.9508220846	104389.9796563033	271.67400000000004
11261	168967.54249309323	104389.89298284985	271.665
11262	168968.1599328629	104389.84644443821	271.657
11263	168968.76279820804	104389.78706242703	271.659
11264	168969.37301121492	104389.73382446729	271.682
11265	168969.83056984367	104389.62275544368	271.697
11266	168970.13959782594	104389.53024739958	271.73900000000003
11267	168970.2323010296	104389.5337317884	271.755
11268	168970.24573348628	104389.59977591876	271.746
11269	168970.2577831335	104389.62058193982	271.743
11270	168970.23374279033	104389.5956544606	271.742
11271	168970.2223174237	104389.56650850084	271.741
11272	168970.22179566178	104389.546300021	271.747
11273	168970.194465419	104389.54379191436	271.728
11274	168970.26915480266	104389.56537902635	271.73
11275	168970.61439697476	104389.51712190267	271.737
11276	168971.13545219426	104389.53234058525	271.768
11277	168971.71815520438	104389.4604659304	271.819
11278	168972.35988542082	104389.40233619418	271.82099999999997
11279	168973.68800969765	104389.16203162819	271.866
11280	168974.3667571804	104389.05694813374	271.863
11281	168975.01550147802	104388.899293934	271.866
11282	168975.69418842474	104388.81108012889	271.913
11283	168976.37707761535	104388.71120246034	271.947
11284	168977.02655981944	104388.67905457783	272.002
11285	168977.64628557384	104388.55874356069	272.019
11286	168978.2906736157	104388.48875966016	272.07099999999997
11287	168978.96378769766	104388.36363529414	272.097
11288	168980.24521721722	104388.25033646915	272.149
11289	168980.8974320612	104388.21856964193	272.156
11290	168981.58228987578	104388.10016154405	272.20099999999996
11291	168982.2658780996	104388.03736349009	272.204
11292	168982.9247278052	104387.97855502367	272.183
11293	168983.60154676274	104387.91406438034	272.192
11294	168984.27762856524	104387.85624491423	272.21
11295	168984.9164827686	104387.77159678005	272.232
11296	168985.56549995148	104387.7696654927	272.264
11297	168986.83129837067	104387.73917771131	272.285
11298	168988.10005376601	104387.71277925558	272.329
11299	168988.7176481608	104387.65641856659	272.327
11300	168989.37766889407	104387.6356183635	272.355
11301	168990.0124002576	104387.54057464562	272.345
11302	168990.64916767357	104387.44127454516	272.341
11303	168991.2704551252	104387.31652157381	272.32599999999996
11304	168991.8771242326	104387.19115997478	272.339
11305	168993.17445709664	104387.0187846832	272.41900000000004
11306	168993.83638643165	104386.99613808095	272.447
11307	168994.48267317095	104386.89409193955	272.423
11308	168995.10766822787	104386.86222899053	272.47700000000003
11309	168995.71913606836	104386.72464989405	272.498
11310	168996.37331349356	104386.64302434679	272.539
11311	168997.02336200234	104386.5526710935	272.562
11312	168997.6622938333	104386.54569971375	272.58799999999997
11313	168998.27641672202	104386.49618677795	272.58799999999997
11314	168999.55946874642	104386.42776083294	272.612
11315	169000.8158733869	104386.29917567689	272.676
11316	169001.43231492135	104386.13380786683	272.72700000000003
11317	169002.02181119105	104386.02414310724	272.779
11318	169002.63789286691	104385.85970105417	272.814
11319	169003.27390302127	104385.80581826624	272.825
11320	169004.57531351206	104385.65663314797	272.857
11321	169005.83711139887	104385.51583338995	272.876
11322	169007.04610772934	104385.31589256693	272.947
11323	169008.25468512034	104385.19937228411	273.04
11324	169008.86212928445	104385.18913746625	273.096
11325	169009.4427150779	104385.11132712383	273.113
11326	169010.06482687683	104385.0549851777	273.158
11327	169010.60063176573	104384.90230497997	273.144
11328	169011.22739734498	104384.8409746103	273.14799999999997
11329	169011.85844741194	104384.77817668207	273.152
11330	169012.50208537333	104384.78475689422	273.14099999999996
11331	169013.13926382858	104384.76962427702	273.15
11332	169013.76129821193	104384.70178881474	273.165
11333	169014.40368529	104384.65960936714	273.218
11334	169015.00549848008	104384.52959839255	273.252
11335	169015.6183388618	104384.44022577722	273.295
11336	169016.23542019795	104384.29543936811	273.347
11337	169016.84642693668	104384.22014930472	273.372
11338	169017.46360117046	104384.08259325847	273.357
11339	169018.10891652625	104384.01947666518	273.356
11340	169018.7142598558	104383.93248737976	273.344
11341	169019.3161140757	104383.85716464836	273.35
11342	169019.91773931956	104383.8124291515	273.404
11343	169020.54612775377	104383.69660350028	273.435
11344	169021.17405693134	104383.67532094754	273.462
11345	169021.78525543745	104383.57982553635	273.469
11346	169022.4174771215	104383.55485095456	273.501
11347	169023.07074916858	104383.46080486942	273.49
11348	169023.7317648509	104383.39496477135	273.475
11349	169024.36892739203	104383.28528876696	273.462
11350	169024.96864350679	104383.1765902713	273.473
11351	169025.56218937758	104383.09790145792	273.524
11352	169026.14182068486	104382.95520590711	273.565
11353	169026.78432025007	104382.8818842303	273.624
11354	169027.4225333253	104382.74459050037	273.643
11355	169028.06686066382	104382.72485088278	273.653
11356	169028.6909909766	104382.6362619726	273.63599999999997
11357	169029.34287894273	104382.56353057362	273.664
11358	169029.95008573987	104382.4213055307	273.683
11359	169030.5751062688	104382.34958978742	273.66900000000004
11360	169031.1940954133	104382.30232277606	273.687
11361	169031.7807212643	104382.23083961662	273.71299999999997
11362	169032.3882827033	104382.18816611636	273.765
11363	169032.98931731077	104382.07650717068	273.797
11364	169033.59835789734	104382.05219193082	273.841
11365	169034.20109940384	104381.92867484223	273.83
11366	169034.8730523313	104381.8625047775	273.842
11367	169035.5314540795	104381.73047545739	273.85900000000004
11368	169036.19141170985	104381.66148160957	273.844
11369	169036.85374737068	104381.5593130868	273.813
11370	169037.50272208234	104381.4704439817	273.82599999999996
11371	169038.1686811425	104381.38534379937	273.827
11372	169038.8284813527	104381.26110596303	273.853
11373	169039.50292724805	104381.19587237947	273.916
11374	169040.1535101008	104381.08958351146	273.94599999999997
11375	169040.80630717368	104381.06153379194	273.98400000000004
11376	169041.43310037212	104380.95979387965	274.03
11377	169042.09536798703	104380.90953264944	274.095
11378	169042.74612325252	104380.78841418121	274.041
11379	169043.3966005491	104380.74441359192	274.029
11380	169044.03501979055	104380.68201682251	274.029
11381	169044.65990104448	104380.64904701617	274.014
11382	169045.28583003604	104380.62219865713	274.068
11383	169045.89875884508	104380.5415428048	274.092
11384	169046.52718669415	104380.51396207791	274.1
11385	169047.13846212006	104380.43033430073	274.103
11386	169047.7755015135	104380.45395012666	274.099
11387	169048.41868134052	104380.42290055845	274.078
11388	169049.67007921485	104380.39793731272	274.068
11389	169050.2692597623	104380.33910743427	274.089
11390	169050.90114142967	104380.30968586169	274.17900000000003
11391	169051.53157426813	104380.2205662271	274.225
11392	169052.20047110307	104380.17793081608	274.277
11393	169053.50214434115	104379.98964311462	274.285
11394	169054.11065492625	104379.84872321598	274.318
11395	169054.717257529	104379.74246288557	274.264
11396	169055.9436452902	104379.56613942701	274.29200000000003
11397	169056.5664788006	104379.50776634272	274.339
11398	169057.1785260487	104379.37501634937	274.365
11399	169057.83015435154	104379.30859049316	274.418
11400	169058.47170425198	104379.16927334107	274.405
11401	169059.11112245783	104379.06072193943	274.418
11402	169059.73149457414	104378.89389203954	274.403
11403	169060.37680592545	104378.79926568177	274.371
11404	169060.98922179142	104378.696178535	274.362
11405	169062.18312795396	104378.49563969206	274.395
11406	169062.78857433613	104378.38047779631	274.42900000000003
11407	169063.4104038378	104378.30393448286	274.461
11408	169064.02199266388	104378.16654908285	274.474
11409	169064.6679578306	104378.08842458017	274.473
11410	169065.95902718202	104377.8743336089	274.485
11411	169066.62677973823	104377.75365018565	274.465
11412	169067.27177022197	104377.64919827972	274.434
11413	169068.4738362112	104377.39455884136	274.414
11414	169069.07238199434	104377.28122656792	274.482
11415	169069.64877189204	104377.11498059053	274.47700000000003
11416	169070.2479256034	104377.06375352107	274.52299999999997
11417	169070.83766072546	104376.95446803793	274.575
11418	169071.45149216268	104376.9203492133	274.603
11419	169072.0646936725	104376.83024290111	274.556
11420	169072.66371545807	104376.74972531851	274.52299999999997
11421	169073.2556593007	104376.68716427311	274.53700000000003
11422	169074.42302400555	104376.49635759182	274.60900000000004
11423	169074.9811648825	104376.3474721834	274.66
11424	169075.60640842136	104376.28021171689	274.697
11425	169076.209779377	104376.14743258897	274.709
11426	169076.84569269567	104376.0879968321	274.723
11427	169078.0775363967	104375.84959531482	274.683
11428	169078.69431310782	104375.72409476899	274.675
11429	169079.30679092972	104375.57114227768	274.676
11430	169080.5077734624	104375.320580055	274.726
11431	169081.13522474305	104375.26741722506	274.72700000000003
11432	169081.76779726078	104375.14568172861	274.71299999999997
11433	169082.39822489012	104375.09123212751	274.71299999999997
11434	169082.992425128	104374.99642390106	274.653
11435	169084.1551072767	104374.81876454875	274.686
11436	169085.34565451634	104374.59430454671	274.783
11437	169085.9507342273	104374.44929750916	274.809
11438	169086.55606805056	104374.39846537355	274.80400000000003
11439	169087.74077507728	104374.1126234578	274.841
11440	169088.3282919789	104373.99239438213	274.83299999999997
11441	169088.95257775174	104373.86136071477	274.842
11442	169089.56447009818	104373.73899527639	274.88599999999997
11443	169090.16612207016	104373.55578769557	274.906
11444	169090.78872038145	104373.4312365083	274.899
11445	169091.4083528387	104373.27219367027	274.91700000000003
11446	169092.62894106685	104373.08974014036	274.913
11447	169093.2130505132	104373.02437228523	274.91900000000004
11448	169093.78819764653	104372.90632368904	274.92
11449	169094.37395529592	104372.77960056439	274.908
11450	169094.98130715927	104372.69670564681	274.931
11451	169095.59713238318	104372.57157439552	274.935
11452	169096.2097561585	104372.5100175757	274.95599999999996
11453	169096.8187479861	104372.33517946023	274.96
11454	169097.45159672722	104372.23587802239	274.953
11455	169098.0920838747	104372.06226620264	274.903
11456	169098.72622611537	104371.96686260868	274.889
11457	169099.34277767508	104371.87102473155	274.815
11458	169099.9113637976	104371.7266288735	274.841
11459	169100.46461992402	104371.61406330578	274.846
11460	169101.0439066522	104371.46896472946	274.843
11461	169101.66106492528	104371.40260501206	274.893
11462	169102.21336395128	104371.25889203511	274.916
11463	169102.77889031812	104371.17176837474	274.941
11464	169103.33070836434	104370.99672426563	274.98400000000004
11465	169103.90935641248	104370.92966940161	274.967
11466	169104.43528490752	104370.78104136977	274.959
11467	169104.90986386983	104370.6650402518	274.949
11468	169105.41520117607	104370.62256157584	274.996
11469	169105.84976417062	104370.49492215645	275.036
11470	169106.2744087932	104370.44751718547	275.045
11471	169106.63100075402	104370.28548558708	275.048
11472	169106.92096039766	104370.24055965152	275.046
11473	169107.11103755125	104370.17228513211	275.06
11474	169107.17687758539	104370.07705167867	275.08099999999996
11475	169107.20882722078	104370.1498368755	275.062
11476	169107.27435201005	104370.24035477452	275.07
11477	169107.24820587516	104370.27196048293	275.051
11478	169107.2456486902	104370.28882097267	275.045
11479	169107.2558836505	104370.25252317078	275.06
11480	169107.26496482504	104370.20658134669	275.062
11481	169107.26306700474	104370.20546219125	275.047
11482	169107.2770213551	104370.22534850892	275.061
11483	169107.3266803761	104370.26575595886	275.08799999999997
11484	169107.29691743833	104370.2128145136	275.08099999999996
11485	169107.26583673857	104370.12983646523	275.066
11486	169107.2920626642	104370.07617061865	275.08
11487	169107.2879077458	104370.07467253786	275.085
11488	169107.2616818203	104370.12833837979	275.075
11489	169107.28454282891	104370.11766892858	275.08299999999997
11490	169107.29966418922	104370.11067911517	275.097
11491	169107.2570628399	104370.1236871332	275.077
11492	169107.26783550702	104370.16877385788	275.095
11493	169107.25365903415	104370.17743552476	275.107
11494	169107.3000801615	104370.1599921612	275.119
11495	169107.33228842303	104370.12840837799	275.128
11496	169107.34839758254	104370.11122614518	275.132
11497	169107.32491457107	104370.09668143187	275.13599999999997
11498	169107.25748525545	104370.0068981694	275.124
11499	169107.14831477395	104370.15239873249	275.131
11500	169106.9714715924	104370.27540872712	275.142
11501	169106.7518511287	104370.29574791342	275.14799999999997
11502	169106.53082956796	104370.50628369581	275.12
11503	169106.562564368	104370.70420078002	275.137
11504	169106.56264261768	104370.87975756172	275.144
11505	169109.17308097307	104375.11720073875	275.578
11506	169109.16981528784	104375.1327609932	275.58799999999997
11507	169109.16238028542	104375.21652663965	275.652
11508	169109.17207742642	104375.19746739976	275.707
11509	169109.17999427332	104375.1776601933	275.686
11510	169109.13282579408	104375.20455530379	275.698
11511	169109.11392793528	104375.26974131633	275.73400000000004
11512	169109.10427187398	104375.31030498445	275.758
11513	169109.06001315627	104375.32145317458	275.781
11514	169108.887748138	104375.32898684591	275.752
11515	169108.56824351542	104375.45796911325	275.749
11516	169108.05133278342	104375.44683029782	275.765
11517	169107.45858869105	104375.53329880536	275.762
11518	169106.90405893585	104375.53796686698	275.694
11519	169105.87945495328	104375.69498708751	275.62
11520	169104.9967091616	104375.80524819065	275.597
11521	169104.52742044776	104375.8061463777	275.595
11522	169103.97850750014	104375.90111596044	275.591
11523	169102.81685182068	104375.99201602396	275.545
11524	169102.21671903814	104376.01802395191	275.512
11525	169100.94072371157	104376.17191153113	275.416
11526	169100.31018116884	104376.2252462199	275.383
11527	169098.97300055728	104376.27194779087	275.325
11528	169098.3336651959	104376.39013453107	275.318
11529	169097.69273319372	104376.45677945483	275.313
11530	169096.40355254465	104376.57539793197	275.262
11531	169095.78642829158	104376.69829981029	275.232
11532	169095.1440476054	104376.73824483529	275.20599999999996
11533	169094.58504908258	104376.86117158178	275.161
11534	169094.00372687107	104376.91190420091	275.106
11535	169092.8552491384	104377.04030118976	275.04400000000004
11536	169092.25409391997	104377.08614239749	275.04200000000003
11537	169091.6580373587	104377.23414742853	275.057
11538	169090.36903916666	104377.36815471668	275.07
11539	169089.72863011382	104377.38882782403	275.035
11540	169089.12871474933	104377.51920793392	274.98
11541	169088.4822351978	104377.575081788	274.97
11542	169087.83553224622	104377.72568497527	274.918
11543	169086.48690043038	104378.01390071493	274.884
11544	169085.21539509585	104378.27421741374	274.815
11545	169083.9321078566	104378.50557230227	274.817
11546	169082.6077034808	104378.73399825394	274.855
11547	169081.95935012252	104378.88088856358	274.857
11548	169080.6889370712	104379.06928218156	274.812
11549	169080.02338280407	104379.10784766637	274.814
11550	169078.67151582948	104379.23885000311	274.736
11551	169077.36893973796	104379.38059744705	274.635
11552	169076.08646671782	104379.58414992038	274.62
11553	169075.4192638369	104379.61844625138	274.594
11554	169074.79466705277	104379.77005776018	274.605
11555	169074.12234497766	104379.80656035338	274.598
11556	169073.47320356188	104380.00720955338	274.6
11557	169072.23895322514	104380.38575203624	274.613
11558	169071.06787133272	104380.65162537806	274.556
11559	169069.89469465916	104380.83926032484	274.625
11560	169069.35105483496	104380.95557142794	274.61400000000003
11561	169068.82564158877	104380.96201701276	274.60200000000003
11562	169068.27625795614	104381.02306373976	274.568
11563	169067.735105936	104381.0099875424	274.51
11564	169067.18716385536	104381.0997737525	274.461
11565	169066.63862100907	104381.15841372218	274.426
11566	169065.51062265728	104381.34361735638	274.433
11567	169064.33701570155	104381.51883140672	274.35400000000004
11568	169063.70508705656	104381.59422587045	274.318
11569	169063.1418461041	104381.7073153872	274.231
11570	169062.58966537955	104381.75296592619	274.149
11571	169061.99278429046	104381.76749647595	274.143
11572	169061.3902280592	104381.83947495464	274.133
11573	169060.76892061456	104381.90322904754	274.14799999999997
11574	169060.20325678645	104382.06191403884	274.147
11575	169059.64751667783	104382.13869616948	274.14099999999996
11576	169058.45320984916	104382.38465265837	274.143
11577	169057.24835340626	104382.6554125091	274.087
11578	169056.6464182471	104382.75297644455	274.115
11579	169056.063013167	104382.88712748885	274.132
11580	169055.4600385249	104382.94334768318	274.134
11581	169054.8625599608	104383.09061020054	274.131
11582	169054.28141252295	104383.12614650838	274.142
11583	169053.6780175122	104383.26597254816	274.082
11584	169052.4009551709	104383.51886180416	274.078
11585	169051.12447002987	104383.74357542768	274.069
11586	169050.478865434	104383.88677186333	274.08
11587	169049.81880761427	104383.98357082345	274.095
11588	169049.16521361118	104384.16678106226	274.089
11589	169048.48040655325	104384.2705354495	274.13
11590	169047.83148512608	104384.44356670976	274.131
11591	169047.16029768248	104384.49527811259	274.13
11592	169046.49433474807	104384.61448738724	274.08099999999996
11593	169045.81481476797	104384.66950579174	274.057
11594	169044.54091055813	104384.87087220699	273.986
11595	169043.8781979377	104384.9457872929	273.998
11596	169043.23542656764	104385.02856038604	274.02099999999996
11597	169042.57469943524	104385.04731213022	274.02
11598	169041.96552869008	104385.17377119791	274.043
11599	169041.2886753823	104385.1815274572	274.032
11600	169040.60784460744	104385.27046665642	274.018
11601	169039.91823930186	104385.32044416014	273.962
11602	169039.22535450547	104385.38987501152	273.872
11603	169038.49034413177	104385.47231623903	273.82599999999996
11604	169037.76358417422	104385.57425238565	273.83299999999997
11605	169037.0693912587	104385.64386418927	273.84
11606	169036.40200574844	104385.69614680111	273.85900000000004
11607	169035.73649796346	104385.82110590115	273.872
11608	169035.058835338	104385.88855295163	273.855
11609	169034.36515196454	104386.01470837276	273.83
11610	169033.68324497956	104386.07250045426	273.8
11611	169033.02888853947	104386.23661561869	273.749
11612	169032.3573822452	104386.34394226503	273.707
11613	169031.69527295156	104386.51544492878	273.693
11614	169031.02721712968	104386.65485521406	273.654
11615	169030.3847586866	104386.7828641301	273.632
11616	169029.77489394427	104386.93712935783	273.624
11617	169029.12224256876	104386.99094901886	273.632
11618	169028.51347639007	104387.17024487909	273.649
11619	169027.18226391907	104387.37604358606	273.64599999999996
11620	169026.49814749986	104387.42029577028	273.624
11621	169025.8362067816	104387.54508357774	273.589
11622	169025.13908739746	104387.60226582829	273.54200000000003
11623	169024.4548174765	104387.68915552087	273.501
11624	169023.76313786994	104387.75414357241	273.468
11625	169023.08319986178	104387.82640388794	273.475
11626	169022.45091335307	104387.9355414575	273.52
11627	169021.80207719965	104387.98622426763	273.545
11628	169020.53869222527	104388.17169150058	273.569
11629	169019.89687460178	104388.28691265825	273.547
11630	169019.23329327526	104388.33921112958	273.514
11631	169018.5871952335	104388.4547877945	273.475
11632	169017.9211339418	104388.56862423383	273.466
11633	169017.23813907985	104388.66460315231	273.482
11634	169016.5537559837	104388.78300834913	273.471
11635	169015.86615739396	104388.83707460389	273.461
11636	169015.18638605575	104388.9621703215	273.39099999999996
11637	169013.83478110255	104389.12062663492	273.258
11638	169013.16340367554	104389.19236288685	273.245
11639	169012.5137937608	104389.22691584285	273.243
11640	169011.88729109944	104389.28138787858	273.24
11641	169011.18625556777	104389.33688943554	273.244
11642	169010.52219602183	104389.4891080251	273.215
11643	169009.85217168482	104389.58124155458	273.178
11644	169009.20363225427	104389.78078849986	273.108
11645	169008.51062838986	104389.88359164726	273.048
11646	169007.85305372303	104390.01748111844	272.964
11647	169007.18166409773	104390.15873622801	272.911
11648	169005.82258166297	104390.41338079423	272.877
11649	169005.1572918062	104390.44509751443	272.87
11650	169004.4992993453	104390.59604101256	272.844
11651	169003.79148344306	104390.65300220624	272.815
11652	169003.1239116841	104390.79037855007	272.751
11653	169002.46264879097	104390.85918643698	272.668
11654	169001.82749614888	104390.939211227	272.618
11655	169001.13383091323	104391.06073651649	272.60400000000004
11656	169000.44822948077	104391.12148569524	272.58299999999997
11657	168999.1416338288	104391.39078052994	272.55400000000003
11658	168998.50961589106	104391.59075896721	272.525
11659	168997.87277815514	104391.70970832929	272.462
11660	168997.28420659073	104391.89297341928	272.401
11661	168996.72046179313	104392.08077701181	272.42
11662	168996.13119470558	104392.19303853344	272.45799999999997
11663	168995.54152168822	104392.41819612216	272.457
11664	168994.92221010503	104392.55556164961	272.411
11665	168994.3264175381	104392.76364225429	272.361
11666	168993.67995199852	104392.88255750574	272.3
11667	168993.0458437506	104393.00281493645	272.324
11668	168992.41280977425	104393.18795990385	272.32599999999996
11669	168991.80570676972	104393.33500954136	272.351
11670	168991.1672060062	104393.55294757243	272.322
11671	168990.48090830632	104393.67524227034	272.32099999999997
11672	168989.8080581674	104393.85931750853	272.27099999999996
11673	168989.14821979764	104393.96187164634	272.216
11674	168988.49042239838	104394.09186969977	272.197
11675	168987.8918357364	104394.3168107206	272.252
11676	168987.23659120614	104394.4310606569	272.269
11677	168986.63405052078	104394.63170260005	272.228
11678	168985.93002930423	104394.72445849143	272.171
11679	168985.29571264962	104394.86974263098	272.10900000000004
11680	168984.64400514992	104395.02516034432	272.1
11681	168983.95689905845	104395.14096462075	272.112
11682	168983.32318606618	104395.34983709268	272.111
11683	168982.6324168508	104395.49269411154	272.08299999999997
11684	168981.94889301155	104395.7032415783	272.029
11685	168981.23096182986	104395.82987296395	271.937
11686	168980.57812647763	104396.03459865879	271.867
11687	168979.9398955392	104396.243826068	271.877
11688	168979.30615521965	104396.42730162852	271.884
11689	168978.74481611163	104396.67369640153	271.882
11690	168978.10824612473	104396.81767563615	271.85
11691	168977.4814510214	104397.02008530032	271.841
11692	168976.85045942845	104397.13331135735	271.781
11693	168976.25932678796	104397.30192442238	271.758
11694	168975.6878727703	104397.51843672805	271.745
11695	168975.07606475826	104397.65193851106	271.756
11696	168974.48857377266	104397.89879594278	271.731
11697	168973.84230277763	104398.0631328281	271.66900000000004
11698	168973.21028025818	104398.23178475164	271.57099999999997
11699	168972.56251435034	104398.3490294693	271.566
11700	168971.89673928628	104398.416898055	271.551
11701	168971.2387374009	104398.50481586158	271.535
11702	168970.5584711816	104398.53666851949	271.5
11703	168969.8579042078	104398.66076846048	271.47900000000004
11704	168969.16831266214	104398.70760372747	271.42400000000004
11705	168968.49308291308	104398.85960208811	271.362
11706	168967.82507388646	104398.95378736593	271.29200000000003
11707	168967.19342839802	104399.01751530636	271.257
11708	168966.53539299653	104399.08170471992	271.262
11709	168965.87527129412	104399.13105618302	271.26599999999996
11710	168965.23561653774	104399.30672616139	271.23400000000004
11711	168964.52259988993	104399.38907122519	271.19599999999997
11712	168963.8801837831	104399.60551542882	271.16
11713	168963.2140177943	104399.68302354869	271.113
11714	168962.60795752303	104399.83805168327	271.052
11715	168961.955664972	104399.9912455054	271.03700000000003
11716	168961.28040347432	104400.08596171904	271.032
11717	168960.59688778454	104400.19529354852	271.032
11718	168959.8829528159	104400.2023709612	271.022
11719	168959.20824202293	104400.27614128496	271.01
11720	168958.56171102167	104400.21505493484	270.94
11721	168957.94317416102	104400.26956193428	270.853
11722	168957.3251959282	104400.30089830235	270.763
11723	168956.7032403842	104400.28124049306	270.755
11724	168956.04114167715	104400.28535295185	270.748
11725	168955.35972433715	104400.20745745301	270.728
11726	168954.67830699714	104400.12956195418	
11727	168954.00229773126	104400.05228467358	
11728	168953.32628846538	104399.97500739299	
11729	168952.6502791995	104399.8977301124	
11730	168951.97426993362	104399.8204528318	
11731	168951.29826066774	104399.74317555121	
11732	168950.62225140186	104399.66589827061	
11733	168949.94624213598	104399.58862099002	
11734	168949.2702328701	104399.51134370943	
11735	168948.59422360422	104399.43406642883	
11736	168947.91821433834	104399.35678914824	
11737	168947.24220507246	104399.27951186764	
11738	168946.56619580658	104399.20223458705	
11739	168945.8901865407	104399.12495730646	
11740	168945.21417727481	104399.04768002586	
11741	168944.53816800893	104398.97040274527	
11742	168943.86215874305	104398.89312546467	
11743	168943.18614947717	104398.81584818408	
11744	168874.2684024908	104408.17752587236	270.137
11745	168874.2684024908	104408.17752587236	270.137
11746	168874.27300309605	104408.18736753892	270.157
11747	168874.2697824986	104408.19050752185	270.2
11748	168874.30828063888	104408.19453808758	270.199
11749	168874.34890401314	104408.30239000451	270.242
11750	168874.36552677926	104408.34082341287	270.254
11751	168874.36108701414	104408.41903862916	270.301
11752	168874.41463088867	104408.47039528843	270.342
11753	168874.40843134007	104408.54211585969	270.361
11754	168874.33168496308	104408.63045410626	270.381
11755	168874.1500850611	104408.65612946264	270.392
11756	168873.70320649483	104408.606889721	270.416
11757	168873.1269385277	104408.70845921617	270.423
11758	168872.4643214614	104408.75818416663	270.434
11759	168871.84007835836	104408.87997439317	270.42
11760	168871.16500903136	104408.98823563941	270.362
11761	168869.83337521995	104409.18220792897	270.393
11762	168869.2570020891	104409.18014909513	270.428
11763	168868.65713091742	104409.23417704552	270.4
11764	168868.02374364817	104409.25378974155	270.408
11765	168867.36045557386	104409.3250172101	270.349
11766	168866.70103173688	104409.34602012392	270.337
11767	168866.08871300795	104409.45728685893	270.283
11768	168865.50204841982	104409.50784008298	270.298
11769	168864.96715307666	104409.57415031269	270.29
11770	168863.8289634448	104409.68780312873	270.317
11771	168863.2355237222	104409.80488444399	270.276
11772	168862.57229895296	104409.82513277046	270.278
11773	168861.33177547564	104409.90282742959	270.263
11774	168860.70585835105	104409.9942103913	270.183
11775	168860.04426898787	104410.05580499489	270.16700000000003
11776	168859.43013800186	104410.14203949738	270.197
11777	168858.79532556998	104410.19464615174	270.183
11778	168857.4490383103	104410.33147167135	270.168
11779	168856.79079906622	104410.3869610466	270.20099999999996
11780	168856.1763044735	104410.54178585485	270.228
11781	168855.52400607837	104410.56466941256	270.21
11782	168854.8706934427	104410.67189810332	270.204
11783	168854.3013389569	104410.7349349251	270.134
11784	168853.67434830652	104410.82742717769	270.151
11785	168853.009476795	104410.94277163688	270.121
11786	168852.2661952399	104411.04652807117	270.143
11787	168850.910151154	104411.2528385697	270.127
11788	168850.25820776532	104411.44275295548	270.056
11789	168849.56107208173	104411.4393384289	269.985
11790	168848.8567715334	104411.5450882474	269.874
11791	168848.1478072534	104411.5920555247	269.76599999999996
11792	168846.86786031103	104411.69204409327	269.741
11793	168845.46282605708	104411.77008244302	269.653
11794	168844.1707416602	104411.9071047036	269.547
11795	168843.5389779123	104411.93821978383	269.476
11796	168842.82022338297	104411.96401933488	269.449
11797	168842.14753448058	104412.03836791683	269.403
11798	168841.493993323	104412.10981877241	269.41200000000003
11799	168840.12430501138	104412.3092242442	269.323
11800	168839.42813500317	104412.43502554111	269.236
11801	168838.69360665587	104412.45094416477	269.17
11802	168837.32562941802	104412.50390491448	269.017
11803	168836.64646274468	104412.52817803435	269.001
11804	168836.00070937435	104412.5824168399	269.002
11805	168835.34369046672	104412.59583158232	268.996
11806	168834.7262449884	104412.74508690834	269.006
11807	168833.50635050423	104412.93816905748	268.87
11808	168832.19910023926	104413.0949760098	268.83
11809	168831.56652298348	104413.1876363391	268.865
11810	168830.99087330076	104413.21617223043	268.875
11811	168830.38845389558	104413.31839467399	268.849
11812	168829.7725078579	104413.3805265231	268.816
11813	168829.07978860763	104413.50541457068	268.745
11814	168828.43585143797	104413.55039168522	268.692
11815	168827.8222787052	104413.64701321628	268.595
11816	168827.18086930228	104413.7498385869	268.622
11817	168825.9364622139	104413.9504357595	268.624
11818	168824.70202268555	104414.12251996342	268.592
11819	168824.05237288086	104414.16951645445	268.55
11820	168823.4005379147	104414.26266528293	268.51099999999997
11821	168822.79441486613	104414.33688275423	268.509
11822	168822.1581544879	104414.39579161443	268.518
11823	168821.5330719569	104414.4868114125	268.528
11824	168820.89973900947	104414.49141401425	268.559
11825	168819.66508184472	104414.69130587298	268.548
11826	168818.4002662803	104414.91519020591	268.47900000000004
11827	168817.1204996876	104415.09842298552	268.45
11828	168816.4624173135	104415.11016784329	268.466
11829	168815.80584586033	104415.19829542935	268.52299999999997
11830	168815.13542605625	104415.20313738193	268.597
11831	168814.52475207884	104415.3203481501	268.65
11832	168813.22020450633	104415.48625311255	268.70599999999996
11833	168811.87288297215	104415.5470800288	268.66
11834	168810.51905038732	104415.63383753877	268.53
11835	168809.81124335737	104415.72326647397	268.538
11836	168808.42086614235	104415.85827902239	268.54
11837	168807.74693924846	104415.84661045484	268.501
11838	168806.45753251575	104415.93322761916	268.467
11839	168805.22065940063	104416.12143590767	268.345
11840	168804.00645907587	104416.31825274881	268.26
11841	168802.73792312716	104416.4188487446	268.256
11842	168802.09413755045	104416.38800848369	268.272
11843	168801.50684365636	104416.41539384238	268.251
11844	168800.27332477708	104416.39598771557	268.18
11845	168799.032631158	104416.38860615809	268.14799999999997
11846	168797.75746202015	104416.4826913802	268.144
11847	168796.53723086102	104416.63740682788	268.111
11848	168795.93530856268	104416.7672568271	268.02099999999996
11849	168795.24586110312	104416.84155173507	267.934
11850	168794.55643924288	104416.87524823006	267.97
11851	168793.9474935541	104416.87437937222	267.955
11852	168792.69453197488	104416.87400015909	267.96
11853	168792.0310757801	104416.85940473061	267.988
11854	168791.38843910457	104416.93998426106	267.994
11855	168790.17708053358	104417.17351995688	267.905
11856	168788.8714858816	104417.4002323877	267.88
11857	168788.29066329062	104417.4797344841	267.85900000000004
11858	168787.13511800248	104417.66156250983	267.857
11859	168786.5126023098	104417.69957640115	267.881
11860	168785.93660990385	104417.8246998312	267.901
11861	168785.35659973172	104417.80947509408	267.86
11862	168784.21274219616	104417.9804077968	267.778
11863	168783.14751280376	104418.16849006712	267.824
11864	168782.53713056998	104418.20395222772	267.894
11865	168782.01867888126	104418.39323736262	267.85400000000004
11866	168781.41125423613	104418.49952597264	267.811
11867	168780.7984038173	104418.56056222972	267.806
11868	168780.13258440758	104418.6423583785	267.791
11869	168779.5313055421	104418.62483408116	267.80400000000003
11870	168778.489935696	104418.62150281388	267.828
11871	168777.46826362217	104418.79491053056	267.836
11872	168776.91267481627	104418.86486372165	267.829
11873	168776.41059226412	104418.9635559395	267.837
11874	168775.89159426602	104419.00564666465	267.849
11875	168775.31841480348	104419.14208952896	267.791
11876	168774.67701145104	104419.21025489643	267.776
11877	168774.08436441128	104419.30584473349	267.76099999999997
11878	168773.00889423466	104419.49926871248	267.818
11879	168771.8019643175	104419.7580362549	267.83099999999996
11880	168771.22263799648	104419.91837195773	267.83099999999996
11881	168770.6258288805	104420.01450353488	267.793
11882	168770.0487815882	104420.03525504842	267.77099999999996
11883	168769.53113143274	104420.06604289915	267.8
11884	168769.00716735082	104420.06733268127	267.847
11885	168768.462399684	104420.16958162561	267.796
11886	168767.85591527185	104420.212103826	267.803
11887	168767.38018857283	104420.31997424178	267.774
11888	168766.3537037008	104420.47649726551	267.853
11889	168765.20038598782	104420.60049889889	267.832
11890	168764.62633804695	104420.6803984195	267.824
11891	168764.10338816827	104420.73081843555	267.78700000000003
11892	168763.0155857112	104420.78219825868	267.865
11893	168762.42497122494	104420.77416824829	267.874
11894	168761.2700959293	104420.90168745816	267.867
11895	168760.75762391952	104420.94713971205	267.791
11896	168759.68428375263	104420.9761403976	267.825
11897	168759.1187687678	104421.02974661347	267.857
11898	168758.51226441356	104421.04446256254	267.82
11899	168757.32747700135	104421.16019736324	267.72900000000004
11900	168756.70788220526	104421.21268489957	267.704
11901	168756.23779772792	104421.30500428565	267.756
11902	168755.69354856084	104421.32828377932	267.788
11903	168755.11702233003	104421.50364710111	267.80400000000003
11904	168754.5744350481	104421.56104284339	267.79900000000004
11905	168754.08279083436	104421.6660772143	267.76099999999997
11906	168753.5259555785	104421.81945019495	267.77299999999997
11907	168752.8604480414	104421.84711941984	267.79
11908	168751.60742788124	104422.03101911768	267.846
11909	168751.01056911575	104422.17479582131	267.861
11910	168750.37952628586	104422.20425613131	267.793
11911	168749.7609782376	104422.19631376397	267.796
11912	168749.27204502348	104422.30784656294	267.888
11913	168748.69386381682	104422.34676378407	267.927
11914	168748.0592011421	104422.4918896975	267.834
11915	168747.42367991552	104422.57750511914	267.778
11916	168746.8598497214	104422.62537178956	267.806
11917	168746.35487720216	104422.73480873834	267.841
11918	168745.7867964253	104422.74113494251	267.879
11919	168744.65357132506	104423.03168511204	267.853
11920	168744.08589460343	104423.12514232844	267.856
11921	168743.54516826643	104423.26114763692	267.889
11922	168742.87301351104	104423.21927639656	267.922
11923	168742.27700971608	104423.32320005354	267.95
11924	168741.6125796236	104423.31528122816	267.96299999999997
11925	168740.98414028212	104423.44856564142	267.983
11926	168740.36541743026	104423.48993527982	267.947
11927	168739.76856293512	104423.53212410025	267.97700000000003
11928	168739.20042142086	104423.62261408195	268.004
11929	168738.6041147427	104423.644412986	268.05
11930	168737.990843421	104423.7909136638	268.07599999999996
11931	168737.32969423046	104423.79635449313	268.08
11932	168736.68519936028	104423.89862372167	268.079
11933	168736.07124679055	104423.96911570989	268.002
11934	168735.4615713689	104424.04017908406	268.01
11935	168734.82855284115	104424.22461333405	268.051
11936	168734.19754821603	104424.31043174304	268.087
11937	168733.56301950704	104424.4514814699	268.075
11938	168732.87575504513	104424.48055909853	268.033
11939	168732.20981038816	104424.56458540261	268.02299999999997
11940	168731.606054083	104424.60897524469	267.987
11941	168731.00888329264	104424.6398556428	268.02099999999996
11942	168730.4292207895	104424.72789575066	268.032
11943	168729.77266611886	104424.71147877537	268.051
11944	168729.1572609772	104424.82293577027	268.073
11945	168728.50685953946	104424.84788088873	268.04400000000004
11946	168727.84445322177	104424.97326040082	268.019
11947	168727.2092543883	104425.06870461628	268.001
11948	168726.57729973592	104425.15433518216	268.003
11949	168726.03405762883	104425.26252610888	268.056
11950	168725.45114142302	104425.29605300911	268.112
11951	168724.8801626515	104425.41582477652	268.122
11952	168724.23670732928	104425.4261498861	268.132
11953	168723.5769253929	104425.54894389119	268.085
11954	168722.92054592553	104425.6508019073	268.063
11955	168722.31332957145	104425.73244226631	268.068
11956	168721.73243533308	104425.83271415252	268.097
11957	168721.1290733048	104425.86653982662	268.137
11958	168720.5200851179	104426.01213079598	268.14
11959	168719.84166018368	104426.06256033666	268.15
11960	168719.2075891739	104426.17525000777	268.156
11961	168718.58827319203	104426.18288062047	268.084
11962	168717.964029895	104426.2392492285	268.065
11963	168717.3573088483	104426.3153304616	268.084
11964	168716.7388708654	104426.37709585391	268.115
11965	168716.1645090276	104426.54598272033	268.133
11966	168715.58309489573	104426.62530530617	268.164
11967	168714.9632187564	104426.75751085393	268.16
11968	168714.33018424167	104426.7789969882	268.134
11969	168713.73988426485	104426.85013150238	268.094
11970	168713.18130127323	104426.89338580798	268.053
11971	168712.63237516384	104426.92851758283	268.086
11972	168712.0847040429	104427.04559256788	268.091
11973	168711.47028458983	104427.08030708507	268.116
11974	168710.82564418705	104427.19036497455	268.08
11975	168710.20844753538	104427.20375090651	268.046
11976	168709.68270784407	104427.27029461972	268.04900000000004
11977	168709.1681282434	104427.34058554377	268.038
11978	168708.59557714875	104427.33392318804	268.068
11979	168708.0982492507	104427.39964077156	268.091
11980	168707.55181539804	104427.4023401076	268.14099999999996
11981	168707.0470884523	104427.50992785022	268.154
11982	168706.48016078217	104427.52645834628	268.126
11983	168705.90847729135	104427.5768969087	268.129
11984	168705.3366355612	104427.63845787477	268.128
11985	168704.81878689193	104427.65849920828	268.153
11986	168704.3530978782	104427.71839696635	268.17400000000004
11987	168703.86251691505	104427.69144799467	268.145
11988	168703.40443395375	104427.78529761452	268.10900000000004
11989	168703.0124128349	104427.75258010346	268.079
11990	168702.7662996883	104427.83716967423	268.073
11991	168702.66067430374	104427.82418974675	268.08299999999997
11992	168702.65701498892	104427.74983873218	268.08799999999997
11993	168702.64448557753	104427.69640444405	268.09
11994	168702.59348180093	104427.69937535189	268.10900000000004
11995	168702.5631518127	104427.70482941996	268.122
11996	168702.5485623333	104427.66251073871	268.127
11997	168702.53067091742	104427.61276510172	268.119
11998	168702.5330646042	104427.60813903343	268.121
11999	168702.59261424505	104427.6758288052	268.122
12000	168702.65110913935	104427.70569697767	268.115
12001	168702.70013213597	104427.6243026061	268.103
12002	168702.79749139815	104427.55475841649	268.073
12003	168702.88193328478	104427.50778505858	268.084
12004	168702.87965202623	104427.58137350995	268.126
12005	168701.37083471497	104433.20496124495	268.755
12006	168701.32306707525	104433.13323480077	268.762
12007	168701.3510596422	104433.04935599677	268.778
12008	168701.42572506407	104433.01069018245	268.809
12009	168701.46479150956	104432.85418096092	268.813
12010	168701.5004544414	104432.78608675767	268.824
12011	168701.5095585325	104432.86694540642	268.839
12012	168701.50196116662	104432.89769186918	268.858
12013	168701.47916564273	104432.92374998517	268.909
12014	168701.65948989676	104432.92216381151	268.94
12015	168702.05719358052	104432.86054207105	269.03
12016	168702.52733737638	104432.88519393746	269.107
12017	168703.06363101085	104432.82554600481	269.158
12018	168703.67447069753	104432.79452547338	269.195
12019	168704.33211499557	104432.6707945168	269.116
12020	168705.02266364286	104432.5866664527	269.119
12021	168705.68376367528	104432.52764610853	269.135
12022	168706.32252655976	104432.4995054882	269.164
12023	168706.95433364014	104432.48876619153	269.16900000000004
12024	168707.52492641623	104432.37696254067	269.15
12025	168708.14738857438	104432.3533989517	269.103
12026	168708.78588088555	104432.26741858386	269.091
12027	168709.41966797615	104432.26818025857	269.045
12028	168710.0452566729	104432.1337697152	269.002
12029	168710.66251444316	104432.03584993165	268.96
12030	168711.2803251868	104431.9496112261	268.899
12031	168711.8914526535	104431.87094957009	268.91200000000003
12032	168712.45225674743	104431.83808437549	268.916
12033	168713.017599346	104431.69845546037	268.893
12034	168713.59178123376	104431.61373090558	268.918
12035	168714.1814581419	104431.44990332238	268.834
12036	168714.74128052779	104431.39219374396	268.743
12037	168715.32986140557	104431.33643993549	268.64799999999997
12038	168715.89922379307	104431.27005133964	268.634
12039	168716.51506127516	104431.23756694328	268.643
12040	168717.14064959338	104431.13689670712	268.639
12041	168717.7970249529	104431.06951895636	268.622
12042	168718.42326748167	104430.88487328123	268.566
12043	168719.1424279616	104430.81067367643	268.519
12044	168719.8225223306	104430.72502744012	268.48400000000004
12045	168720.4824465632	104430.69603661075	268.453
12046	168721.07871830475	104430.61676721834	268.401
12047	168721.73025321355	104430.54010371584	268.385
12048	168722.381213533	104430.45787680801	268.371
12049	168723.02279755427	104430.3046155572	268.357
12050	168724.34419825842	104430.1105701169	268.388
12051	168725.00627660064	104430.07750908844	268.402
12052	168725.64795258525	104429.9654032141	268.343
12053	168726.32045351533	104429.94294605311	268.286
12054	168727.00585032796	104429.87048163824	268.224
12055	168727.7110165871	104429.8208893491	268.202
12056	168728.3766853194	104429.74742826167	268.188
12057	168729.02226081866	104429.67537906952	268.19599999999997
12058	168729.6620533097	104429.62518448848	268.194
12059	168730.99443054985	104429.45324004721	268.27099999999996
12060	168731.64610259832	104429.30446477234	268.277
12061	168732.31718725708	104429.24566853698	268.314
12062	168732.9883313512	104429.1030800743	268.306
12063	168733.60953371925	104429.099721618	268.318
12064	168734.22178672176	104429.03904854879	268.275
12065	168734.80143618808	104428.988085147	268.214
12066	168735.4348897261	104428.9154376015	268.226
12067	168736.06777723532	104428.83481670916	268.224
12068	168737.27078165708	104428.67631860077	268.215
12069	168737.92391472473	104428.61838631239	268.222
12070	168738.57622775852	104428.52356023435	268.251
12071	168739.2144257647	104428.52081886865	268.255
12072	168739.81056339174	104428.44600026868	268.262
12073	168740.43812218995	104428.42672233656	268.21299999999997
12074	168741.08688007755	104428.29536376055	268.16
12075	168741.72355842197	104428.18491053954	268.087
12076	168742.34606173277	104428.08293466363	268.124
12077	168743.54125597532	104427.9816932138	268.187
12078	168744.15239031205	104427.90136686526	268.188
12079	168744.8592818704	104427.90165065229	268.20099999999996
12080	168745.49186523227	104427.77283056639	268.209
12081	168746.1670304321	104427.70311304834	268.203
12082	168746.8646135475	104427.54634577688	268.17900000000003
12083	168747.5549696914	104427.4833560856	268.173
12084	168748.23749553156	104427.38270620909	268.14599999999996
12085	168748.82553050102	104427.28005261254	268.153
12086	168750.11328635248	104427.02119596768	268.217
12087	168750.7662632191	104426.90690866951	268.262
12088	168751.37319222064	104426.73888268322	268.219
12089	168752.72849585637	104426.57147424854	268.19599999999997
12090	168753.90394014644	104426.47554109432	268.219
12091	168754.45003649703	104426.40054648276	268.225
12092	168755.05654219957	104426.38527393062	268.27099999999996
12093	168755.65533611193	104426.2989728814	268.281
12094	168756.3002997738	104426.29903832078	268.28
12095	168756.9593428764	104426.18366103433	268.257
12096	168757.57930459373	104426.16157742869	268.252
12097	168758.1833786174	104426.06120640412	268.217
12098	168758.78999628342	104426.0144197885	268.153
12099	168759.42868711345	104425.93993989192	268.153
12100	168760.08784721902	104425.82511955593	268.173
12101	168760.70698155384	104425.80173570663	268.203
12102	168761.36432025195	104425.73121528607	268.157
12103	168762.0593951936	104425.74536302779	268.177
12104	168762.66501919195	104425.64370035008	268.159
12105	168763.26827154218	104425.57391496282	268.106
12106	168763.88269646256	104425.50435471442	268.116
12107	168764.5094378145	104425.44762962498	268.098
12108	168765.23018773334	104425.42831490003	268.131
12109	168765.8852137996	104425.33961942326	268.14599999999996
12110	168766.531665198	104425.32245089114	268.13599999999997
12111	168767.15147366072	104425.20971621107	268.13
12112	168767.7947355113	104425.1869750591	268.103
12113	168768.42617095122	104425.08039942943	268.085
12114	168769.03537485027	104425.04177997168	268.085
12115	168769.5949697251	104424.94811133295	268.057
12116	168770.16401313676	104424.87153144274	268.077
12117	168770.77056978806	104424.8419864811	268.125
12118	168771.3918267943	104424.7565085562	268.11400000000003
12119	168771.99997641466	104424.74699061923	268.122
12120	168772.54791611581	104424.65513469093	268.147
12121	168773.08957730312	104424.65761578828	268.149
12122	168773.5211725273	104424.5922268359	268.16200000000003
12123	168773.75438854768	104424.62512670644	268.155
12124	168773.90360726044	104424.64660516009	268.164
12125	168773.9427185084	104424.61189240497	268.156
12126	168773.9548423619	104424.57856678776	268.165
12127	168773.9303866879	104424.56995231286	268.17900000000003
12128	168773.9068463486	104424.57135170419	268.191
12129	168773.8984191379	104424.60135358945	268.20599999999996
12130	168773.8693428097	104424.65538170654	268.233
12131	168773.85185163026	104424.69387893658	268.265
12132	168773.9048965899	104424.68516913708	268.305
12133	168774.26235534574	104424.57632283121	268.319
12134	168774.7405568652	104424.47439404111	268.327
12135	168775.3167203837	104424.40117688105	268.375
12136	168775.84965366602	104424.31761013065	268.45
12137	168776.454299366	104424.29065437429	268.492
12138	168777.0436036092	104424.16557723284	268.502
12139	168777.67597956886	104424.12889495306	268.51599999999996
12140	168778.29132627725	104424.00075903628	268.48
12141	168778.95889721217	104423.96105053462	268.45799999999997
12142	168779.5926492542	104423.90509367827	268.428
12143	168780.20682499823	104423.83887130674	268.43
12144	168780.76992835273	104423.79489861708	268.48900000000003
12145	168781.3910305327	104423.71961730346	268.546
12146	168782.00928768897	104423.7090241639	268.579
12147	168782.6005996356	104423.58766241092	268.559
12148	168783.2140003096	104423.53886351734	268.599
12149	168783.74506077493	104423.41376539972	268.647
12150	168784.3131428579	104423.40707250964	268.62
12151	168784.8500248118	104423.34965952858	268.563
12152	168785.41278419213	104423.30216385331	268.532
12153	168785.92460649624	104423.27228373569	268.56
12154	168786.4389320087	104423.20700466819	268.539
12155	168786.9607926901	104423.22888184618	268.562
12156	168787.47102193275	104423.1456062831	268.481
12157	168788.02875591972	104423.07399339136	268.445
12158	168788.58194521605	104422.97678172123	268.457
12159	168789.09364619627	104422.84735150542	268.468
12160	168789.6605096885	104422.78225962166	268.442
12161	168790.20132119078	104422.65608454589	268.46299999999997
12162	168790.77052507005	104422.60138248	268.428
12163	168791.91523943306	104422.38985564839	268.316
12164	168792.52523533005	104422.29581258073	268.311
12165	168793.0915313398	104422.1563809812	268.32
12166	168793.65425333084	104422.11945280526	268.372
12167	168794.19776193553	104422.00366911013	268.343
12168	168794.78179307483	104421.99110187218	268.327
12169	168795.35625993385	104421.89378122985	268.322
12170	168795.90328861732	104421.85772436578	268.328
12171	168796.4454630121	104421.81627421547	268.347
12172	168797.55199772093	104421.71176336985	268.4
12173	168798.1377659825	104421.61188790016	268.405
12174	168798.71324610437	104421.56388276257	268.42900000000003
12175	168799.24418948084	104421.40504631586	268.379
12176	168799.8195295497	104421.32960430533	268.371
12177	168800.39561250887	104421.2458228292	268.378
12178	168801.0022489306	104421.1940358067	268.365
12179	168801.68117460576	104421.1703134058	268.356
12180	168802.32762249748	104421.08752411138	268.355
12181	168803.5988098567	104420.94300199766	268.347
12182	168804.9137919794	104420.75043684803	268.361
12183	168805.57851402374	104420.67642594222	268.374
12184	168806.1757449827	104420.56213239953	268.377
12185	168806.7333897434	104420.5157330716	268.349
12186	168807.28752679814	104420.51974513661	268.387
12187	168807.8190590982	104420.46268619597	268.371
12188	168808.42194291417	104420.4299809793	268.39799999999997
12189	168809.56682221463	104420.20585259143	268.318
12190	168810.18595872066	104420.14873506315	268.35
12191	168810.80847818492	104420.04287426546	268.387
12192	168811.45784581095	104419.97474163305	268.432
12193	168812.02627285215	104419.80454628356	268.41900000000004
12194	168812.6319388097	104419.7249498833	268.435
12195	168813.22090236144	104419.59579715319	268.41700000000003
12196	168813.80635818557	104419.55042452551	268.38
12197	168814.3885254404	104419.493917346	268.381
12198	168815.5837910766	104419.40696679242	268.421
12199	168816.78791939068	104419.30132452678	268.41
12200	168817.38114436992	104419.21056145336	268.41200000000003
12201	168817.9772670052	104419.17394021992	268.387
12202	168818.59854659037	104419.08253569435	268.385
12203	168819.22512224823	104419.00598064344	268.379
12204	168820.50136896223	104418.77620502748	268.41700000000003
12205	168821.80995271594	104418.61161391158	268.514
12206	168823.04331471992	104418.44137901254	268.52
12207	168824.2728671627	104418.30616796855	268.529
12208	168824.8746822158	104418.27327543404	268.499
12209	168825.5133987197	104418.19212984852	268.474
12210	168826.1330943958	104418.07828937564	268.483
12211	168826.77402377393	104418.00994316582	268.508
12212	168827.41944965144	104417.880622481	268.51599999999996
12213	168828.0684116162	104417.82639406808	268.539
12214	168828.66979842095	104417.6802322166	268.54200000000003
12215	168829.31211724726	104417.62227264233	268.566
12216	168829.91466029306	104417.51856746618	268.652
12217	168830.4889406235	104417.47389837261	268.681
12218	168831.01854853175	104417.42332326062	268.653
12219	168831.58601000952	104417.3908651704	268.601
12220	168832.17075164145	104417.37923149299	268.634
12221	168832.707388422	104417.32423244603	268.697
12222	168833.30253865832	104417.29372707289	268.752
12223	168833.8863019464	104417.18977000844	268.749
12224	168834.48533131563	104417.104776375	268.796
12225	168835.03318313244	104417.00476979837	268.76099999999997
12226	168835.60837835277	104416.90356309991	268.783
12227	168836.19139813835	104416.8081311984	268.795
12228	168836.74171798644	104416.64936759789	268.825
12229	168837.29886695376	104416.57553322613	268.894
12230	168837.78895895722	104416.4397276733	268.918
12231	168838.3753827908	104416.38972667139	268.964
12232	168838.92437513676	104416.30325742532	268.99
12233	168839.3907461849	104416.25282839593	268.988
12234	168839.87423273688	104416.26938324235	269.08
12235	168840.3997262331	104416.20600305405	269.113
12236	168841.00710510623	104416.17962055653	269.16200000000003
12237	168841.6045135867	104416.08257213607	269.135
12238	168842.20192206718	104415.98552371562	
12239	168842.71915884683	104415.90149910915	
12240	168843.23639562647	104415.81747450269	
12241	168843.75363240612	104415.73344989623	
12242	168844.27086918577	104415.64942528977	
12243	168844.78810596542	104415.5654006833	
12244	168845.30534274506	104415.48137607684	
12245	168845.8225795247	104415.39735147038	
12246	168846.33981630436	104415.31332686392	
12247	168846.857053084	104415.22930225746	
12248	168847.37428986366	104415.145277651	
12249	168847.8915266433	104415.06125304454	
12250	168848.40876342295	104414.97722843807	
12251	168848.9260002026	104414.89320383161	
12252	168849.44323698225	104414.80917922515	
12253	168849.9604737619	104414.72515461869	
12254	168850.47771054154	104414.64113001223	
12255	168850.9949473212	104414.55710540577	
12256	168851.51218410084	104414.4730807993	
12257	168852.02942088048	104414.38905619284	
12258	168906.78624482758	104406.49950050283	270.318
12259	168906.8132196454	104406.46845291834	270.33299999999997
12260	168906.7895661954	104406.43499955535	270.346
12261	168906.76451433895	104406.42693847883	270.348
12262	168906.7726210031	104406.4202937521	270.365
12263	168906.8413371277	104406.38383411337	270.408
12264	168906.87074165005	104406.33815007191	270.39799999999997
12265	168906.857946759	104406.32623984944	270.411
12266	168906.8202328086	104406.30237600766	270.4
12267	168906.81005834194	104406.32217543572	270.409
12268	168906.81958607104	104406.31701884884	270.41700000000003
12269	168906.85638702483	104406.3634959897	270.442
12270	168906.88311227167	104406.36896771193	270.452
12271	168906.9012347291	104406.35364589095	270.462
12272	168906.92539757388	104406.41082994267	270.442
12273	168907.1202873052	104406.39169163164	270.425
12274	168907.42434146683	104406.29341529869	270.466
12275	168907.78925117405	104406.29583368544	270.497
12276	168908.143094091	104406.13563272916	270.492
12277	168908.6550522512	104406.1016865531	270.514
12278	168909.16517419613	104406.01619773917	270.495
12279	168909.68101649356	104406.02620103396	270.468
12280	168910.24940298297	104406.10109069105	270.518
12281	168910.78569119933	104406.07761319168	270.524
12282	168911.31233495646	104406.12510241847	270.529
12283	168911.86968732477	104406.06147260685	270.508
12284	168912.39071498558	104405.98436532356	270.502
12285	168912.99974280546	104405.89626486972	270.498
12286	168913.591816178	104405.79605397303	270.541
12287	168914.1717197131	104405.77495755814	270.628
12288	168914.7642626056	104405.6764169056	270.63
12289	168915.36324894417	104405.7037735749	270.637
12290	168915.95515311277	104405.65083467029	270.61
12291	168916.51387432602	104405.70288844034	270.589
12292	168917.09621823754	104405.66418982111	270.53700000000003
12293	168917.68728769055	104405.578806323	270.524
12294	168918.28263163444	104405.49473586958	270.561
12295	168918.8334492437	104405.3971585352	270.54200000000003
12296	168919.342448573	104405.39286387153	270.573
12297	168919.8116295971	104405.28850590251	270.58
12298	168920.29295147152	104405.31229022145	270.584
12299	168920.74841929114	104405.22011841275	270.564
12300	168921.22784730516	104405.24167145323	270.531
12301	168921.69229043057	104405.26539544202	270.54400000000004
12302	168922.17060482013	104405.19962979387	270.545
12303	168922.73921965837	104405.14438364375	270.57099999999997
12304	168923.28395605087	104404.98579440638	270.539
12305	168923.87216960813	104404.93451160192	270.546
12306	168924.39046901	104404.78954601754	270.517
12307	168924.98167679115	104404.73197108693	270.492
12308	168925.52334538248	104404.6002514353	270.472
12309	168926.06496817374	104404.48132301308	270.485
12310	168926.5688359106	104404.38320751023	270.515
12311	168927.04166548874	104404.22269259486	270.541
12312	168927.57734706363	104404.16955354903	270.545
12313	168928.1564992605	104404.02647480462	270.548
12314	168928.76368681705	104403.95449777786	270.561
12315	168929.3290633739	104403.84103087429	270.551
12316	168929.8625783035	104403.72911829129	270.58
12317	168930.4114771627	104403.66953853704	270.626
12318	168930.97697592078	104403.58832866512	270.64799999999997
12319	168931.56841089923	104403.60008803941	270.671
12320	168932.12537596526	104403.54517191648	270.653
12321	168932.70330231765	104403.51202063076	270.63599999999997
12322	168933.26586194185	104403.48808342125	270.612
12323	168933.79457849165	104403.42157255486	270.61400000000003
12324	168934.34636731236	104403.38480551913	270.64
12325	168935.00200787355	104403.32523806766	270.654
12326	168935.64183208632	104403.30083652958	270.661
12327	168936.23616926273	104403.19933860563	270.691
12328	168936.8345086462	104403.10879261419	270.69
12329	168937.41035161522	104402.96051232703	270.704
12330	168938.04370213827	104402.91829122882	270.678
12331	168938.67242170917	104402.841572606	270.677
12332	168939.30142202097	104402.81917190459	270.682
12333	168939.8748153556	104402.69108971115	270.64799999999997
12334	168940.4724444426	104402.56661673076	270.638
12335	168941.08049164253	104402.48704354651	270.66900000000004
12336	168941.65309210488	104402.38120450918	270.722
12337	168942.23188580762	104402.37141546886	270.776
12338	168942.86580642	104402.26968946401	270.78
12339	168943.54824345023	104402.22894271184	270.749
12340	168944.23816204455	104402.09071209747	270.703
12341	168944.9118496745	104402.03695742507	270.659
12342	168945.58018950955	104401.88344829716	270.566
12343	168946.208334421	104401.76816911064	270.661
12344	168946.69481584994	104401.71226019505	270.816
12345	168947.15991993758	104401.58490269072	270.788
12346	168947.73039486707	104401.50834700093	270.817
12347	168948.32304593	104401.37996403035	270.824
12348	168948.90203924564	104401.31456191931	270.824
12349	168949.47850516715	104401.25786375068	270.866
12350	168950.00896804716	104401.16855881643	270.914
12351	168950.59402846906	104401.16806225851	270.971
12352	168951.17598897216	104401.07078538556	270.98
12353	168951.80143177987	104401.01296549942	271.01099999999997
12354	168952.38054907066	104400.8798998883	270.982
12355	168952.95626967872	104400.76591647137	270.99
12356	168953.53080280422	104400.68474141974	271.059
12357	168954.0988828723	104400.5799998017	271.072
12358	168954.67256562534	104400.57019378152	271.098
12359	168955.2211120356	104400.47650509607	271.103
12360	168955.8181374831	104400.45417700149	271.078
12361	168956.4071686229	104400.40716452245	271.059
12362	168956.98456589945	104400.32284863293	271.079
12363	168957.5680869374	104400.25449761376	271.127
12364	168958.09973847918	104400.09901648201	271.153
12365	168958.65417965985	104400.01888217125	271.188
12366	168959.23314067454	104399.86320017837	271.177
12367	168959.80303738225	104399.81537787616	271.2
12368	168960.37171156265	104399.67764111515	271.192
12369	168960.96595732798	104399.66809496377	271.187
12370	168961.5211246081	104399.6506225802	271.144
12371	168962.09238626977	104399.65304387081	271.14799999999997
12372	168962.64933145	104399.60387770925	271.207
12373	168963.22562370647	104399.46320249327	271.233
12374	168963.79706839577	104399.41464465111	271.288
12375	168964.31435463938	104399.28747597523	271.296
12376	168964.8865454197	104399.19665389974	271.29900000000004
12377	168965.44961825723	104399.09615929611	271.303
12378	168966.02933121801	104399.02909320686	271.293
12379	168966.64290500985	104398.99959586374	271.344
12380	168967.18789784287	104398.90255878493	271.41200000000003
12381	168967.75171704538	104398.89216262102	271.488
12382	168968.28163712317	104398.82176650595	271.496
12383	168968.8240510193	104398.78089099284	271.533
12384	168969.3001830148	104398.66117568407	271.533
12385	168969.8600194339	104398.63445185218	271.502
12386	168970.43859911154	104398.55199549254	271.505
12387	168970.95538085033	104398.43298245035	271.564
12388	168971.45586224436	104398.38454135507	271.63599999999997
12389	168971.99253440226	104398.32065821718	271.63599999999997
12390	168972.56645720912	104398.37648012582	271.66900000000004
12391	168973.18042264698	104398.30416176561	271.66
12392	168973.7884398931	104398.26630311366	271.668
12393	168974.3598761565	104398.22015634086	271.655
12394	168974.92910860459	104398.15880041476	271.691
12395	168975.47191917567	104398.17298538145	271.752
12396	168976.0303669294	104398.10269251093	271.772
12397	168976.6547089517	104398.08676787093	271.85
12398	168977.22297488325	104397.99667455163	271.873
12399	168977.76980757082	104397.95006900094	271.869
12400	168978.3580078066	104397.90287059173	271.897
12401	168979.53214126942	104397.74469451793	271.948
12402	168980.15095071337	104397.64755321946	271.99
12403	168980.76317557954	104397.66272965632	272.015
12404	168981.3604642038	104397.6003629379	272.001
12405	168981.9957195687	104397.55759779084	272.004
12406	168982.57704039617	104397.50629673526	271.991
12407	168983.16817008474	104397.43779049162	272.017
12408	168984.34567786992	104397.33301754482	272.086
12409	168985.52408277337	104397.17708273046	272.175
12410	168986.13067466032	104397.07285371516	272.184
12411	168986.67825056278	104396.91873035673	272.182
12412	168987.19631369016	104396.80713876989	272.164
12413	168987.74294417762	104396.75070829038	272.24
12414	168988.26429557294	104396.65025153197	272.272
12415	168988.8485028845	104396.62269040197	272.324
12416	168989.4429458061	104396.4922792716	272.341
12417	168990.02994233885	104396.44934161194	272.347
12418	168991.11289622876	104396.32698976807	272.362
12419	168991.67137085268	104396.31546464749	272.436
12420	168992.26797210387	104396.17987091001	272.445
12421	168992.89348305992	104396.16951383557	272.46299999999997
12422	168993.5080438055	104396.06401664205	272.468
12423	168994.11091095753	104396.03707932774	272.462
12424	168994.71489700707	104395.9634299092	272.478
12425	168995.28057090964	104395.83402827941	272.541
12426	168995.89340297712	104395.7465071762	272.622
12427	168997.07189971182	104395.53218001593	272.718
12428	168997.62880306903	104395.39570259303	272.666
12429	168998.1343257908	104395.30075133499	272.65
12430	168998.71095444655	104395.23219467513	272.685
12431	168999.22266816598	104395.13448505756	272.748
12432	168999.74352836952	104395.13765604328	272.81
12433	169000.2594077141	104395.03847845644	272.817
12434	169000.77533477635	104394.992134884	272.856
12435	169001.25277819834	104394.90468357783	272.848
12436	169002.34597987277	104394.80850971024	272.962
12437	169002.91860808284	104394.76162878051	272.991
12438	169003.47954387718	104394.79293693788	273.018
12439	169004.06522504607	104394.71922273375	273.034
12440	169004.62194758077	104394.69916511513	273.038
12441	169005.16149528426	104394.62917808816	273.033
12442	169005.73289472866	104394.560417993	273.063
12443	169006.35419214366	104394.5318799438	273.093
12444	169006.95770560956	104394.42449074704	273.077
12445	169008.21778240125	104394.39806589205	273.085
12446	169008.81433011318	104394.4096669089	273.08099999999996
12447	169009.4044631336	104394.42013262026	273.059
12448	169009.99488245853	104394.38406861201	273.096
12449	169010.61927628698	104394.32087582164	273.149
12450	169011.1910896922	104394.20317703485	273.193
12451	169011.81699944226	104394.14814663772	273.222
12452	169012.43570828834	104394.01319087483	273.222
12453	169013.09213683585	104393.93342931289	273.181
12454	169014.31012377833	104393.71201823279	273.152
12455	169014.90418789597	104393.65409284644	273.211
12456	169015.54098432956	104393.51364110038	273.222
12457	169016.14980113262	104393.48505927343	273.245
12458	169016.73191535246	104393.41170439404	273.274
12459	169017.96858877977	104393.3816753598	273.259
12460	169018.55092741796	104393.31202912424	273.256
12461	169019.13243862684	104393.20808435325	273.24
12462	169020.23454087068	104392.95103488863	273.328
12463	169020.83611086378	104392.82232137676	273.33799999999997
12464	169021.47696646088	104392.7760588741	273.32599999999996
12465	169022.08984338224	104392.67630576715	273.311
12466	169022.6196973592	104392.59164044913	273.296
12467	169023.1716842985	104392.56637703907	273.363
12468	169023.74576198217	104392.48020265624	273.39799999999997
12469	169024.34847282188	104392.4968329221	273.423
12470	169024.90955552954	104392.38836605567	273.422
12471	169026.07515345415	104392.29060399532	273.428
12472	169026.62845593155	104392.19712520763	273.48400000000004
12473	169027.20229200518	104392.17805851065	273.562
12474	169027.78810200508	104392.06875410303	273.563
12475	169028.38644092157	104392.04514124896	273.593
12476	169028.95505564322	104391.92465212755	273.607
12477	169029.50384068326	104391.86434069928	273.627
12478	169030.0582798255	104391.78532614186	273.626
12479	169030.62438241934	104391.70227525849	273.661
12480	169031.8124634317	104391.53377963603	273.732
12481	169032.42668824323	104391.4889055686	273.73900000000003
12482	169033.04270540984	104391.40844474267	273.73400000000004
12483	169033.6321282361	104391.38517111633	273.7
12484	169034.24498011032	104391.35845972598	273.70099999999996
12485	169034.85099932356	104391.28167071566	273.744
12486	169035.47624116653	104391.28021602798	273.779
12487	169036.1119558817	104391.20928100124	273.786
12488	169036.73478231597	104391.25138245896	273.813
12489	169037.90018558744	104391.240751707	273.828
12490	169038.3458503306	104391.16505364794	273.806
12491	169038.70929075486	104391.08071711287	273.842
12492	169038.9914642781	104391.08488555811	273.862
12493	169039.110882215	104390.93181987666	273.89
12494	169039.15570235995	104390.86376093794	273.89099999999996
12495	169039.17673334054	104390.8990592612	273.893
12496	169039.116881634	104390.88327148836	273.888
12497	169039.1323888963	104390.83512812667	273.904
12498	169039.1470647738	104390.78679638915	273.88599999999997
12499	169039.43109362843	104390.67195647955	273.928
12500	169039.71494877906	104390.60531520378	273.895
12501	169040.22162188572	104390.55430757347	273.938
12502	169040.75311515768	104390.44369653612	273.97900000000004
12503	169041.31607338542	104390.40864933189	273.987
12504	169041.92842731392	104390.35524206422	273.998
12505	169042.5145314422	104390.32936212234	274.013
12506	169043.13942098894	104390.26079887804	274.019
12507	169044.36819038208	104390.1484380262	274.093
12508	169044.98431224583	104390.00606146641	274.079
12509	169045.62723465436	104389.91420543287	274.13599999999997
12510	169046.2105473358	104389.73945430946	274.137
12511	169046.8349420507	104389.70926373638	274.177
12512	169047.47223633013	104389.66187924799	274.17400000000004
12513	169048.10832314115	104389.65267911553	274.145
12514	169048.7677175963	104389.60778443422	274.154
12515	169049.38309065264	104389.5742247589	274.17
12516	169050.59577736654	104389.50481591746	274.20599999999996
12517	169051.18331603444	104389.4767175261	274.228
12518	169051.7245471988	104389.3687380515	274.248
12519	169052.8351463028	104389.19533316698	274.301
12520	169053.97301046667	104388.97660832945	274.389
12521	169054.55916912903	104388.90271605086	274.395
12522	169055.1368387372	104388.74370299932	274.392
12523	169056.29403575958	104388.56972539332	274.365
12524	169056.92119500015	104388.46520791017	274.344
12525	169057.5135414182	104388.38948446047	274.372
12526	169058.12452907316	104388.28657721356	274.38599999999997
12527	169058.7227876392	104388.28539867979	274.44
12528	169059.2876664887	104388.17935911287	274.433
12529	169059.82438921861	104388.16794808116	274.467
12530	169060.2879498088	104388.07414902281	274.422
12531	169060.62989775994	104388.08261268958	274.425
12532	169061.3847909278	104388.05715846457	274.475
12533	169061.90446496854	104388.09277308639	274.499
12534	169062.49332161056	104388.02890203334	274.474
12535	169063.13377897136	104387.96150961239	274.45799999999997
12536	169063.74861461355	104387.84638170619	274.432
12537	169064.35049401852	104387.73120711744	274.437
12538	169064.95510511225	104387.64959654398	274.486
12539	169065.54601956537	104387.54253931157	274.507
12540	169066.18618487232	104387.52316007763	274.51599999999996
12541	169067.3650328937	104387.31163053866	274.568
12542	169067.95546796022	104387.20568413846	274.60900000000004
12543	169068.5260175856	104387.14230381697	274.628
12544	169069.1354554287	104387.07368786912	274.607
12545	169069.76092222243	104386.97713720612	274.60200000000003
12546	169070.3897718746	104386.89839547873	274.626
12547	169070.97823278242	104386.74665299896	274.615
12548	169071.61264369628	104386.67497599684	274.635
12549	169072.23223159197	104386.56060775928	274.64599999999996
12550	169072.87176390155	104386.55197918601	274.634
12551	169073.49391103783	104386.48600496631	274.60400000000004
12552	169074.09226754095	104386.45776279178	274.619
12553	169074.68411995267	104386.42022811342	274.591
12554	169075.30590584755	104386.35555047262	274.592
12555	169075.8943794787	104386.29909479525	274.617
12556	169076.4860225172	104386.15496506728	274.625
12557	169077.0689035109	104386.10015775636	274.647
12558	169077.6571842454	104385.96547048632	274.632
12559	169078.27641478885	104385.88428499363	274.611
12560	169078.9238092655	104385.77224253956	274.558
12561	169079.52858654538	104385.67765751015	274.556
12562	169080.74982675374	104385.47833386902	274.546
12563	169081.33967434612	104385.40353096556	274.585
12564	169081.87709180283	104385.19988382328	274.585
12565	169082.45882615846	104385.1005813498	274.593
12566	169083.05881683918	104384.94906723965	274.548
12567	169084.2589894709	104384.75763971824	274.504
12568	169084.84775036288	104384.58884474076	274.53700000000003
12569	169085.43543044434	104384.45600998309	274.6
12570	169085.984304059	104384.23998406623	274.633
12571	169086.5608792256	104384.08820037637	274.654
12572	169087.1333042012	104383.93362102378	274.64
12573	169087.66201171034	104383.7720246492	274.626
12574	169088.24513221835	104383.65103815682	274.68
12575	169088.78498197725	104383.46519714873	274.714
12576	169089.35280305918	104383.40051153861	274.718
12577	169089.9340757768	104383.23169006873	274.699
12578	169091.08458935822	104383.00004218705	274.71299999999997
12579	169091.62915625912	104382.89041040652	274.731
12580	169092.2059023571	104382.82297663577	274.756
12581	169092.7673609675	104382.64407324977	274.77299999999997
12582	169093.36314398365	104382.53870515246	274.79400000000004
12583	169094.54433842166	104382.30346127506	274.79200000000003
12584	169095.11101073335	104382.16202409379	274.76599999999996
12585	169095.65667238325	104382.04553756211	274.73900000000003
12586	169096.81759340022	104381.79576113354	274.802
12587	169097.406877715	104381.74542837031	274.83299999999997
12588	169097.95110972895	104381.62986381352	274.85400000000004
12589	169098.54037731874	104381.5841656588	274.863
12590	169099.160213515	104381.46720611956	274.869
12591	169099.75976876522	104381.43637583498	274.848
12592	169100.33380000165	104381.36374243908	274.842
12593	169100.85908142483	104381.22938610613	274.87
12594	169101.389241475	104381.15937492903	274.927
12595	169101.8932193053	104381.03235693835	274.91200000000003
12596	169102.459919867	104380.94894512836	274.911
12597	169103.0090890096	104380.78297511116	274.92400000000004
12598	169103.55650290655	104380.64221072104	274.936
12599	169104.07198124344	104380.52339132503	274.964
12600	169104.5721870293	104380.38764700294	274.983
12601	169105.1198131904	104380.35255112872	274.993
12602	169105.65131020453	104380.24157584738	274.959
12603	169106.15905541516	104380.19039301574	274.947
12604	169106.59336726577	104380.19771065004	274.988
12605	169107.024160396	104380.12622835767	274.982
12606	169107.44454914093	104380.1707574306	274.949
12607	169107.74146294963	104380.14198490325	274.944
12608	169107.9760059911	104380.07090513967	274.97900000000004
12609	169108.02799746947	104380.15655417554	274.974
12610	169108.03078170845	104380.2740962645	274.991
12611	169107.97405440698	104380.1832394097	275.061
12612	169107.96483951344	104379.97038785182	275.098
12613	169107.981560893	104379.91538996156	275.117
12614	169108.0032097426	104379.91120448615	275.137
12615	169108.0171444376	104379.90365423821	275.157
12616	169107.98172584275	104379.86978664994	275.195
12617	169107.9492810656	104379.86818624288	275.214
12618	169107.9857723092	104379.93412874732	275.267
12619	169107.965656635	104379.941656637	275.268
12620	169107.9134125476	104379.9587081708	275.306
12621	169107.8793199363	104379.98546520807	275.339
12622	169107.86029903893	104380.01895050053	275.379
12623	169109.8721629885	104385.26326182112	275.425
12624	169109.91039287706	104385.21001017652	275.426
12625	169109.84942156673	104385.14231066499	275.442
12626	169109.5549037726	104385.23171156924	275.405
12627	169109.1855800774	104385.26615427993	275.363
12628	169108.8127427443	104385.28612453118	275.397
12629	169108.4021186804	104385.46686947346	275.375
12630	169107.8494888135	104385.53809634969	275.353
12631	169107.3334893386	104385.7025173977	275.262
12632	169106.79602344427	104385.82070080657	275.193
12633	169106.2635749915	104385.86623277795	275.202
12634	169105.7127335322	104385.93598328996	275.152
12635	169105.14248674898	104385.98119328823	275.16200000000003
12636	169104.55504138238	104386.11476823874	275.124
12637	169103.93057080696	104386.16571448836	275.089
12638	169103.29625051087	104386.31079911254	275.013
12639	169102.69342809156	104386.45636847615	274.943
12640	169102.08446964578	104386.58949514572	274.872
12641	169101.42738929344	104386.75025514048	274.88
12642	169100.73929218153	104386.84323874023	274.872
12643	169100.09527787953	104387.03945405688	274.853
12644	169099.39638222655	104387.12739347853	274.85
12645	169098.7804319321	104387.28756098077	274.844
12646	169098.16079144832	104387.35057518259	274.815
12647	169097.56087498908	104387.48151047807	274.72
12648	169096.93810183875	104387.55619254988	274.712
12649	169096.28065770792	104387.62036798801	274.684
12650	169095.62419157318	104387.7099443376	274.70599999999996
12651	169095.0101382322	104387.7399811605	274.74
12652	169094.4170373933	104387.85981854238	274.747
12653	169093.8123741276	104387.8570768768	274.758
12654	169093.19131878423	104387.91693505924	274.726
12655	169092.53991284664	104387.92199601047	274.695
12656	169091.93249739113	104388.05587095115	274.66900000000004
12657	169091.31482676644	104388.19879259821	274.65
12658	169090.71709167672	104388.31824288238	274.684
12659	169089.53048456175	104388.5386375105	274.751
12660	169088.95254668122	104388.70580263808	274.742
12661	169088.32528507142	104388.77268346958	274.703
12662	169087.146790436	104388.98495114874	274.663
12663	169086.55890362096	104389.0106343301	274.678
12664	169085.9457183545	104389.06366267335	274.72
12665	169085.31122520159	104389.02651858237	274.726
12666	169084.74675238947	104389.15165116359	274.735
12667	169084.15326488548	104389.24701790884	274.723
12668	169083.56309087927	104389.41228560265	274.704
12669	169082.97642224556	104389.49562729988	274.66700000000003
12670	169082.36001667992	104389.5846084794	274.67900000000003
12671	169081.10943082848	104389.81311606523	274.70099999999996
12672	169080.50483917652	104389.95515930932	274.699
12673	169079.83560615763	104389.99241385423	274.673
12674	169079.21867204216	104390.12903659604	274.675
12675	169078.6054360994	104390.19615461212	274.63599999999997
12676	169077.99880370984	104390.27794171032	274.611
12677	169077.4146264365	104390.39558863733	274.65
12678	169076.7723413582	104390.47539330646	274.685
12679	169076.18006363546	104390.6308289934	274.67400000000004
12680	169075.56247933046	104390.68421341479	274.698
12681	169074.9810052546	104390.81039793603	274.67
12682	169074.33468957295	104390.88722223695	274.634
12683	169073.7192099188	104391.0490627829	274.574
12684	169073.08186883377	104391.1752311755	274.534
12685	169072.4579976434	104391.29088152666	274.513
12686	169071.79223229128	104391.45420918241	274.499
12687	169071.1534698697	104391.54607705865	274.5
12688	169070.5257977715	104391.66097238194	274.501
12689	169069.91040457416	104391.63428046647	274.48
12690	169069.2916748799	104391.64279910736	274.443
12691	169068.66183863918	104391.56692903955	274.385
12692	169068.04456342006	104391.56766704004	274.30400000000003
12693	169067.37979091986	104391.58769876137	274.284
12694	169066.75105651596	104391.60174303781	274.307
12695	169066.12093074244	104391.6719530318	274.284
12696	169065.52826521752	104391.67148247361	274.269
12697	169064.93554930013	104391.81672184356	274.29
12698	169064.32200686907	104391.83712421358	274.211
12699	169063.7216140602	104391.90280724876	274.16
12700	169063.10624652915	104391.93488222454	274.127
12701	169062.51477282043	104391.96648734435	274.154
12702	169061.9588290268	104392.0999953039	274.186
12703	169061.35201624577	104392.16602620948	274.20599999999996
12704	169060.75670554262	104392.30569522735	274.245
12705	169060.11310828294	104392.35398228653	274.233
12706	169059.50861027272	104392.50325814635	274.195
12707	169058.91867264558	104392.63627301808	274.124
12708	169058.3553293074	104392.77809683606	274.103
12709	169057.81556450203	104392.94095391408	274.13599999999997
12710	169056.67818466987	104393.25626354758	274.143
12711	169056.0197388408	104393.30190219451	274.145
12712	169055.4373035848	104393.49704739358	274.098
12713	169054.83042236854	104393.68098157644	274.048
12714	169054.2127985749	104393.87729765382	273.98900000000003
12715	169053.62770779117	104394.05074380897	274.0
12716	169052.9687257871	104394.11325063743	274.03700000000003
12717	169051.6982091618	104394.1668783091	274.008
12718	169050.40661688012	104394.19762832765	273.967
12719	169049.7797784029	104394.27934578713	273.98
12720	169049.16491021626	104394.27193787135	273.948
12721	169048.54819732264	104394.34757438954	273.95
12722	169047.9209228712	104394.41835297551	273.918
12723	169047.25074174826	104394.45505207032	273.911
12724	169046.62027859394	104394.55307042692	273.91900000000004
12725	169045.9556834679	104394.58997520898	273.933
12726	169045.33809229228	104394.7443961706	273.92
12727	169044.05698704452	104394.99857052695	273.902
12728	169043.42852475378	104395.069159979	273.858
12729	169042.82093846964	104395.18505789898	273.801
12730	169042.20094284535	104395.31407326087	273.774
12731	169041.57463747857	104395.41284872871	273.812
12732	169040.95920554086	104395.52890396677	273.824
12733	169040.31003445486	104395.47484262381	273.813
12734	169039.6930186885	104395.5356485406	273.78700000000003
12735	169039.06414593064	104395.5552570587	273.737
12736	169038.4602346378	104395.64095150307	273.66
12737	169037.89516075258	104395.70250097197	273.629
12738	169037.28748061584	104395.7455441691	273.652
12739	169036.72755725778	104395.86217069626	273.644
12740	169036.10536230463	104395.90886936057	273.647
12741	169035.4776801425	104396.02692028787	273.637
12742	169034.85811223136	104396.10328964051	273.607
12743	169034.23543041982	104396.25213210005	273.563
12744	169033.6153590685	104396.30328786746	273.525
12745	169033.00205562048	104396.42250318453	273.432
12746	169032.39666607577	104396.48965481948	273.384
12747	169031.81734128963	104396.54763134196	273.38
12748	169031.2399677592	104396.6248946581	273.388
12749	169030.6430497186	104396.61718279589	273.395
12750	169030.03718877124	104396.71621866152	273.37
12751	169029.3928738111	104396.73299197014	273.387
12752	169028.76273313657	104396.84065345954	273.328
12753	169028.11321086434	104396.8841031352	273.32099999999997
12754	169027.49095068686	104396.98196792882	273.267
12755	169026.856310555	104397.01879762113	273.226
12756	169025.53577168286	104397.1660545487	273.237
12757	169024.88318442457	104397.26844497211	273.284
12758	169024.3144976967	104397.50813471619	273.27
12759	169023.7062410234	104397.64535131305	273.281
12760	169023.12696935554	104397.82067560591	273.254
12761	169022.47031871488	104397.86317339446	273.225
12762	169021.87454224424	104398.0006205244	273.17900000000003
12763	169021.2747944458	104398.08559039049	273.13
12764	169020.6615595691	104398.18589844834	273.158
12765	169019.45238986632	104398.30259913765	273.241
12766	169018.8480411287	104398.37791286502	273.256
12767	169018.23826794917	104398.40815937333	273.29400000000004
12768	169017.613015908	104398.54475933779	273.28
12769	169016.99354131726	104398.59536305442	273.27299999999997
12770	169016.36761885212	104398.72009631991	273.249
12771	169015.73901249442	104398.79791842587	273.23400000000004
12772	169015.07854311325	104398.87766511086	273.24
12773	169014.38286849103	104398.96321737487	273.263
12774	169013.6659030262	104399.01958816871	273.29900000000004
12775	169013.00458907807	104399.13585227169	273.29400000000004
12776	169012.3196390208	104399.21402813774	273.305
12777	169011.69733071286	104399.32542748097	273.37
12778	169011.05888264294	104399.36354303267	273.337
12779	169010.43098185977	104399.50958877988	273.289
12780	169009.77581606962	104399.56896322034	273.241
12781	169009.15973096536	104399.70170415565	273.215
12782	169008.5436458611	104399.83444509096	
12783	169008.0102388444	104399.94937230769	
12784	169007.47683182772	104400.06429952441	
12785	169006.94342481103	104400.17922674114	
12786	169006.41001779435	104400.29415395786	
12787	169005.87661077766	104400.40908117458	
12788	169005.34320376097	104400.52400839131	
12789	169004.8097967443	104400.63893560803	
12790	169004.2763897276	104400.75386282476	
12791	169003.74298271092	104400.86879004148	
12792	168930.7355278937	104410.49626913667	270.13
12793	168930.7355278937	104410.49626913667	270.13
12794	168929.99506153946	104410.64321869519	270.087
12795	168929.52568964192	104410.66823169962	270.086
12796	168929.1046683216	104410.66783533059	270.061
12797	168928.79788570525	104410.53233430348	270.056
12798	168928.64968122554	104410.4932438545	270.064
12799	168928.58926288266	104410.56921924558	270.101
12800	168928.58771628156	104410.60276779812	270.1
12801	168928.54489391478	104410.61132729333	270.111
12802	168928.45561417143	104410.64771297015	270.121
12803	168928.37450418193	104410.69302623998	270.103
12804	168928.3099050735	104410.70836683735	270.07599999999996
12805	168928.32208502782	104410.69283841364	270.064
12806	168928.37723543902	104410.66059422866	270.059
12807	168928.41750061553	104410.60271402728	270.043
12808	168928.47310456552	104410.57658906281	270.039
12809	168928.4990746995	104410.62692056224	270.032
12810	168928.530452881	104410.62758914288	270.043
12811	168928.5337233279	104410.61054574233	270.046
12812	168928.506871253	104410.64048136584	270.066
12813	168928.4285203115	104410.7451266693	270.041
12814	168928.13210129112	104410.76927647088	269.995
12815	168927.63197481117	104410.752283182	270.032
12816	168927.09559264357	104410.83526616916	270.055
12817	168926.4685177276	104410.88455556147	270.11400000000003
12818	168925.8877460404	104411.04857681971	270.113
12819	168925.25046341223	104411.16011804435	270.066
12820	168923.89537267174	104411.36493022367	270.112
12821	168923.2069705164	104411.4785131514	270.078
12822	168922.52847064883	104411.61511896737	270.075
12823	168921.8877889062	104411.713300935	270.095
12824	168921.24474451938	104411.84057944547	270.119
12825	168920.5988361336	104411.97099926881	270.17400000000004
12826	168919.96872278437	104412.1053687539	270.20099999999996
12827	168919.35072492715	104412.14264169149	270.204
12828	168918.68800694708	104412.2537218444	270.193
12829	168917.98676894998	104412.3005220592	270.19
12830	168917.30039175483	104412.44618403632	270.153
12831	168916.64790942112	104412.52041014191	270.163
12832	168916.0429177521	104412.64337638766	270.10900000000004
12833	168915.39694834265	104412.65811843425	270.098
12834	168914.76862210548	104412.75819932204	270.04400000000004
12835	168913.45894092694	104412.92925191112	269.994
12836	168912.0496822627	104413.15778742358	270.069
12837	168911.4041599905	104413.24686962646	270.091
12838	168910.7581169319	104413.24900601897	270.08
12839	168910.10124353	104413.3545467183	270.075
12840	168909.46611749803	104413.3950963635	270.08099999999996
12841	168908.84078447637	104413.55562310759	270.061
12842	168908.22536946178	104413.63517361786	270.04400000000004
12843	168907.62294791825	104413.73757265229	269.997
12844	168907.01462299682	104413.82882772665	269.966
12845	168905.77369007183	104414.12062638998	269.906
12846	168905.12439356121	104414.20153905358	269.915
12847	168904.5543940967	104414.27865717653	269.914
12848	168903.93516816274	104414.32705041673	269.888
12849	168903.34322763997	104414.4901072681	269.878
12850	168902.69549091585	104414.53376408666	269.89099999999996
12851	168902.12606939027	104414.64870241098	269.856
12852	168901.54478720538	104414.72318513785	269.82099999999997
12853	168900.97917985648	104414.80198779609	269.858
12854	168900.40376146292	104414.93192076404	269.913
12855	168899.8166529987	104415.00693898555	269.974
12856	168899.23517788821	104415.13536735624	269.972
12857	168898.62834551354	104415.10854058433	270.0
12858	168897.99949173338	104415.1569000734	270.012
12859	168897.41909129202	104415.18429945782	269.998
12860	168896.82734835986	104415.22574733943	269.98900000000003
12861	168896.21163416034	104415.28935534693	270.006
12862	168895.53597229777	104415.29750524368	270.013
12863	168894.8916503111	104415.35025893245	270.024
12864	168894.30575810798	104415.35112942941	270.04400000000004
12865	168893.70578942195	104415.46577401459	270.034
12866	168893.04176803006	104415.5427424768	270.012
12867	168892.3813956462	104415.62973468658	269.988
12868	168891.75481120805	104415.7083202526	269.993
12869	168891.14284794393	104415.81995612662	269.947
12870	168889.925633823	104415.9611279862	269.96
12871	168889.33462187744	104416.06412604824	269.97
12872	168888.7383558555	104416.14059580397	270.015
12873	168888.14293116663	104416.31420864817	270.02099999999996
12874	168887.4904914879	104416.37675944716	269.997
12875	168886.86372030573	104416.50762256794	269.972
12876	168886.25161074463	104416.56049247924	269.94599999999997
12877	168885.60239128798	104416.65327223856	269.9
12878	168884.99478074684	104416.81089904625	269.914
12879	168884.37646957758	104416.93604586925	269.948
12880	168883.8337344131	104417.10076385457	269.94599999999997
12881	168883.25101753027	104417.14447010029	269.927
12882	168882.67109931057	104417.23657103907	269.98400000000004
12883	168881.54062598327	104417.28684708197	269.94599999999997
12884	168880.96992528206	104417.3608137453	269.939
12885	168880.39286662432	104417.38451930601	269.986
12886	168879.79819938986	104417.47934857011	269.962
12887	168879.22671411512	104417.50678180717	269.981
12888	168878.65996833934	104417.63823118526	269.96299999999997
12889	168878.0366791403	104417.69291590992	269.985
12890	168877.43446685476	104417.83684462681	269.972
12891	168876.83868291482	104417.94483233523	269.967
12892	168875.68713861043	104418.10385339614	269.98400000000004
12893	168875.06517193984	104418.12109609134	270.04200000000003
12894	168874.4582175026	104418.22830262408	270.035
12895	168873.8181216008	104418.22953786328	270.015
12896	168873.18595113984	104418.30810566805	269.945
12897	168872.52800046286	104418.31632177625	269.92
12898	168871.92790482758	104418.33364297729	269.902
12899	168871.38181388608	104418.40640091803	269.9
12900	168870.80323267123	104418.42379910126	269.941
12901	168870.21823775707	104418.5396121284	269.923
12902	168869.55799558735	104418.55708950572	269.93
12903	168868.93628494706	104418.66906388383	269.914
12904	168868.28875100514	104418.72273624875	269.827
12905	168867.64785328603	104418.81536254846	269.76
12906	168867.0153747651	104418.946949156	269.737
12907	168866.4100485816	104419.0309897149	269.755
12908	168865.85487583766	104419.18380068894	269.744
12909	168865.22991455614	104419.20752220321	269.738
12910	168864.6564648968	104419.31911329553	269.715
12911	168864.0476456179	104419.31619762722	269.703
12912	168863.4573235421	104419.39269145112	269.629
12913	168862.1061699825	104419.49483202212	269.635
12914	168860.90582864953	104419.67147870455	269.72900000000004
12915	168860.2962670722	104419.84319038503	269.637
12916	168859.63983113348	104419.89330977015	269.66
12917	168858.35919994765	104420.15216523688	269.548
12918	168857.02797895286	104420.33131167106	269.476
12919	168856.34188796612	104420.36427048407	269.519
12920	168855.64516953958	104420.44409302808	269.518
12921	168854.94594156835	104420.46106230468	269.518
12922	168854.32015303525	104420.58340522088	269.492
12923	168853.67218481738	104420.6589528583	269.428
12924	168853.01561319048	104420.78044453356	269.34
12925	168852.3329596426	104420.88274889719	269.327
12926	168851.6874532346	104420.9679454118	269.293
12927	168850.49712450366	104421.10366082378	269.307
12928	168849.8874540354	104421.23940926418	269.27099999999996
12929	168849.25080491023	104421.24084515218	269.26099999999997
12930	168848.62060805	104421.36613911763	269.183
12931	168847.9602986542	104421.4358965857	269.129
12932	168847.295200793	104421.54846022837	268.993
12933	168846.60654888343	104421.63294728287	268.981
12934	168845.9656983808	104421.67923094518	268.986
12935	168845.3495107684	104421.74265779182	268.97900000000004
12936	168844.1092034398	104421.86058507673	268.98
12937	168843.46477665097	104421.87645369023	268.92400000000004
12938	168842.88346189875	104422.06050332356	268.867
12939	168842.2004650018	104422.09254809842	268.782
12940	168841.58087788054	104422.17598448042	268.795
12941	168841.00191700456	104422.29997904785	268.83799999999997
12942	168840.38173443024	104422.35041550267	268.843
12943	168839.7712316593	104422.48634751607	268.802
12944	168839.14153801344	104422.53730634227	268.819
12945	168838.55527033575	104422.67703255918	268.75
12946	168837.91052330233	104422.71607341524	268.69
12947	168837.29899606644	104422.77265869454	268.642
12948	168836.6788995189	104422.79899626411	268.66200000000003
12949	168836.05760838834	104422.82699808851	268.694
12950	168835.47268204018	104422.95727496408	268.715
12951	168834.84902555228	104422.98193162307	268.733
12952	168834.24944350013	104423.05542957596	268.70799999999997
12953	168833.59923276745	104423.09333918523	268.671
12954	168832.92664963665	104423.20513641741	268.584
12955	168832.2832174856	104423.24214344844	268.528
12956	168831.65837363817	104423.29979419522	268.519
12957	168830.48429630056	104423.31173705775	268.442
12958	168829.8669269582	104423.40667637996	268.453
12959	168829.25776263425	104423.46734940447	268.488
12960	168827.99752306525	104423.67511954159	268.436
12961	168826.70043839928	104423.88201713748	268.36
12962	168825.45602384972	104424.05202640966	268.275
12963	168824.86051513863	104424.11664161924	268.307
12964	168824.29828298595	104424.2495959485	268.328
12965	168823.64321886929	104424.28192803357	268.323
12966	168823.0217575269	104424.39112796262	268.323
12967	168822.38574400777	104424.44781309366	268.314
12968	168821.7946207399	104424.58270393964	268.312
12969	168821.2217669388	104424.66093314439	268.3
12970	168820.58225095808	104424.6998093687	268.28700000000003
12971	168819.32323174892	104424.79876685329	268.314
12972	168818.71288432583	104424.95805994049	268.324
12973	168818.0008408995	104425.03579364158	268.296
12974	168817.3355698062	104425.16393248644	268.268
12975	168816.64393140728	104425.2194932485	268.242
12976	168815.99325355754	104425.32191618811	268.171
12977	168815.40292758166	104425.39989840798	268.127
12978	168814.80542683756	104425.42316753417	268.155
12979	168814.25361151306	104425.53502651118	268.14
12980	168813.12295851804	104425.73658798635	268.117
12981	168812.5278602187	104425.7861901233	268.116
12982	168812.02356682907	104425.93826102465	268.048
12983	168811.53742264814	104426.0674092751	268.041
12984	168810.9930126732	104426.16928435117	268.08
12985	168810.409001308	104426.34331733361	268.08099999999996
12986	168809.8250638189	104426.4298504768	268.115
12987	168809.24771611244	104426.56849941239	268.121
12988	168808.64029047184	104426.64178695343	268.133
12989	168808.0315091628	104426.72860260028	268.111
12990	168807.41712200502	104426.75403701607	268.101
12991	168806.7611284508	104426.7470669616	268.103
12992	168806.12554055374	104426.75110715255	268.14
12993	168805.5481754537	104426.72773282044	268.173
12994	168805.01948334326	104426.78850972932	268.166
12995	168804.4484457475	104426.75737200864	268.191
12996	168803.89792047095	104426.87424196396	268.155
12997	168803.29749924765	104426.91659630742	268.103
12998	168802.70827047064	104426.98698319495	268.041
12999	168802.123005883	104427.07907391526	268.017
13000	168801.52735189008	104427.15129188076	268.08
13001	168800.9983669239	104427.29437762499	268.105
13002	168800.436384343	104427.32407776546	268.155
13003	168799.90330252252	104427.449352392	268.129
13004	168799.26856733015	104427.48101831414	268.086
13005	168798.6258835533	104427.54176095407	268.027
13006	168797.96174347482	104427.58611372765	268.01099999999997
13007	168797.35188978937	104427.6069309013	268.032
13008	168796.76018336928	104427.63875024114	268.035
13009	168796.1150289584	104427.6255170973	268.03700000000003
13010	168795.476625794	104427.71927328873	268.045
13011	168794.87620869448	104427.76051631104	268.07099999999997
13012	168794.29950135853	104427.88637781236	268.087
13013	168793.6560740199	104427.9222772615	268.077
13014	168793.03659616996	104428.04223990161	267.992
13015	168792.42026734777	104428.11234613694	267.978
13016	168791.9217038122	104428.22439688724	267.949
13017	168791.4358521406	104428.33834672067	267.975
13018	168790.93524191194	104428.39088275377	267.983
13019	168790.4625525172	104428.51377781667	267.92900000000003
13020	168789.8585491909	104428.56075548287	267.872
13021	168789.2683997175	104428.65616711881	267.851
13022	168788.73153803247	104428.70801827405	267.802
13023	168788.17888771772	104428.72069778852	267.823
13024	168787.65487625008	104428.83580991533	267.828
13025	168787.08396706387	104428.8354478851	267.863
13026	168786.5616942249	104428.92961817421	267.819
13027	168786.04411755205	104428.9733813908	267.853
13028	168785.631648603	104429.0753575312	267.86400000000003
13029	168785.15016154258	104429.09848643187	267.86
13030	168784.59565580665	104429.1315517053	267.825
13031	168783.96289965181	104429.10816813447	267.805
13032	168783.30870227824	104429.16442253068	267.827
13033	168782.662474072	104429.21922228765	267.829
13034	168782.00559009236	104429.22875110433	267.83299999999997
13035	168781.41189469467	104429.3185895551	267.839
13036	168780.80142191605	104429.34645093791	267.87
13037	168780.15406184064	104429.48559564911	267.83299999999997
13038	168779.45946006587	104429.53911153227	267.88599999999997
13039	168778.80909130647	104429.6552583836	267.881
13040	168778.15960504	104429.62347385474	267.902
13041	168777.5030272221	104429.68064741045	267.909
13042	168776.8602443672	104429.66909347568	267.882
13043	168776.21329835404	104429.7921119351	267.89
13044	168775.56885471067	104429.77962534409	267.866
13045	168774.9043801416	104429.88478501607	267.823
13046	168774.23847117336	104429.89187275432	267.858
13047	168773.6005197574	104429.99249231257	267.83799999999997
13048	168772.93242513912	104430.01254916843	267.817
13049	168772.3108190024	104430.12954056077	267.858
13050	168771.7983240711	104430.1816654047	267.904
13051	168771.35264228663	104430.13039935101	267.91700000000003
13052	168770.88613713824	104430.18565381784	267.95
13053	168770.39727285286	104430.14405962545	267.914
13054	168770.06393805158	104430.18773755431	267.918
13055	168769.81165762967	104430.13437811658	267.942
13056	168769.59247273317	104430.06667651329	268.013
13057	168769.51282963657	104430.10105990525	268.041
13058	168769.52827792824	104430.1691498803	268.048
13059	168769.55773341123	104430.20911160484	268.033
13060	168769.61732270732	104430.23193990346	268.0
13061	168769.60175285948	104430.23151381873	268.032
13062	168769.5782905717	104430.24440717045	268.035
13063	168769.61078944727	104430.2641731035	268.013
13064	168769.65681407135	104430.32440030854	268.0
13065	168769.62602959128	104430.39084295556	267.994
13066	168769.38188683274	104430.42241727095	267.972
13067	168769.02101486034	104430.42150581349	267.998
13068	168768.65213944393	104430.49861164112	268.019
13069	168768.214077766	104430.47721937858	267.995
13070	168767.79564997132	104430.55025619455	268.028
13071	168767.3178149775	104430.58266876917	268.03700000000003
13072	168766.7936639218	104430.60342318006	268.051
13073	168766.2215541026	104430.63995009288	268.051
13074	168765.63834452245	104430.62230617646	268.11
13075	168765.15260822934	104430.70400241204	268.11400000000003
13076	168764.68236770647	104430.63967295829	268.139
13077	168764.19762019973	104430.67725195177	268.17400000000004
13078	168763.72561811373	104430.64035281632	268.147
13079	168763.34236948407	104430.71481261402	268.139
13080	168763.11822453642	104430.70493275113	268.154
13081	168762.81569105468	104430.77782546915	268.119
13082	168762.36839233438	104430.94752940815	268.119
13083	168761.74529135472	104431.05042772368	268.11
13084	168761.0993303563	104431.16399705503	268.138
13085	168760.46074116312	104431.17655962612	268.153
13086	168759.79121942882	104431.23035253678	268.137
13087	168759.1592434653	104431.22161985468	268.153
13088	168758.6136503577	104431.32238382101	268.126
13089	168758.0202274716	104431.33566322271	268.122
13090	168757.39330182158	104431.37755788304	268.08299999999997
13091	168756.7384033065	104431.39710749593	268.05
13092	168756.09984284162	104431.43506798241	268.051
13093	168755.51152953424	104431.4822906591	268.04200000000003
13094	168754.89727983635	104431.50272634719	268.082
13095	168754.3399184014	104431.63718844112	268.094
13096	168753.80508635525	104431.72019446455	268.124
13097	168753.20526861495	104431.89417763148	268.09
13098	168752.59516316306	104431.95263154805	268.107
13099	168751.98303827262	104432.1111844806	268.079
13100	168751.37368635493	104432.22525572125	268.08
13101	168750.77610371533	104432.37236674968	268.055
13102	168750.20975860165	104432.52626246586	268.124
13103	168749.62126278138	104432.59146717191	268.165
13104	168749.07090426228	104432.69536669366	268.22900000000004
13105	168748.4608162815	104432.7154471362	268.22
13106	168747.84067136934	104432.85636082292	268.226
13107	168747.17237129778	104432.9344446687	268.248
13108	168746.54264189902	104433.06308929902	268.306
13109	168745.9236698973	104433.10797965433	268.26099999999997
13110	168745.26125604883	104433.16865875013	268.207
13111	168744.6332618622	104433.27728854306	268.21299999999997
13112	168744.03627010022	104433.39196063112	268.28
13113	168743.48661977387	104433.59782317653	268.316
13114	168742.89436091846	104433.71862978581	268.346
13115	168742.31614032682	104433.86951810122	268.351
13116	168741.74551838878	104433.92236652598	268.399
13117	168741.13312134758	104433.9902680926	268.447
13118	168740.47990673681	104433.93734144792	268.414
13119	168739.8529741362	104434.01483144611	268.395
13120	168739.22058565813	104434.08896529675	268.405
13121	168738.6223775247	104434.27852788195	268.384
13122	168738.02495066536	104434.38189082406	268.35200000000003
13123	168737.41311648235	104434.45869314205	268.332
13124	168736.86706840113	104434.5538962856	268.374
13125	168736.2621712396	104434.58511944488	268.415
13126	168735.6665622658	104434.67866386753	268.404
13127	168735.0364668077	104434.67605832685	268.406
13128	168734.4334424275	104434.74899921939	268.414
13129	168733.89536435175	104434.80900840927	268.33099999999996
